tag	round	at	load1	load5	load15	pair	side	median_ms	bytes	hit
after	1	13:05:01	3.39	6.20	8.32	mcm	A	5.80	119878	176
after	1	13:05:01	3.39	6.20	8.32	mcm	B	6.36	93135	137
after	1	13:05:01	3.39	6.20	8.32	feed	A	13.72	48403	70
after	1	13:05:01	3.39	6.20	8.32	feed	B	14.94	91451	137
after	1	13:05:01	3.39	6.20	8.32	screen	A	3.65	145104	210
after	1	13:05:01	3.39	6.20	8.32	screen	B	4.73	145104	210
after	2	13:05:02	3.39	6.20	8.32	mcm	B	6.84	93135	137
after	2	13:05:02	3.39	6.20	8.32	mcm	A	7.84	119878	176
after	2	13:05:02	3.39	6.20	8.32	feed	B	17.68	91451	137
after	2	13:05:02	3.39	6.20	8.32	feed	A	11.74	48403	70
after	2	13:05:02	3.39	6.20	8.32	screen	B	3.46	145104	210
after	2	13:05:02	3.39	6.20	8.32	screen	A	5.82	145104	210
after	3	13:05:03	3.39	6.20	8.32	mcm	A	7.09	119878	176
after	3	13:05:03	3.39	6.20	8.32	mcm	B	6.93	93135	137
after	3	13:05:03	3.39	6.20	8.32	feed	A	15.68	48403	70
after	3	13:05:03	3.39	6.20	8.32	feed	B	14.65	91451	137
after	3	13:05:03	3.39	6.20	8.32	screen	A	2.95	145104	210
after	3	13:05:03	3.39	6.20	8.32	screen	B	4.15	145104	210
after	4	13:05:04	3.39	6.20	8.32	mcm	B	5.93	93135	137
after	4	13:05:04	3.39	6.20	8.32	mcm	A	8.89	119878	176
after	4	13:05:04	3.39	6.20	8.32	feed	B	17.61	91451	137
after	4	13:05:04	3.39	6.20	8.32	feed	A	11.36	48403	70
after	4	13:05:04	3.39	6.20	8.32	screen	B	3.85	145104	210
after	4	13:05:04	3.39	6.20	8.32	screen	A	4.91	145104	210
after	5	13:05:05	3.39	6.20	8.32	mcm	A	6.49	119878	176
after	5	13:05:05	3.39	6.20	8.32	mcm	B	6.41	93135	137
after	5	13:05:05	3.39	6.20	8.32	feed	A	13.82	48403	70
after	5	13:05:05	3.39	6.20	8.32	feed	B	15.65	91451	137
after	5	13:05:05	3.39	6.20	8.32	screen	A	3.13	145104	210
after	5	13:05:05	3.39	6.20	8.32	screen	B	3.90	145104	210
