LAYOUT_ID,VER,VER_KIND,STATUS,BASE_VER,OWNER_ID,APPLY_FROM,APPLY_TO,REQUESTED_BY,REQUESTED_AT,RELEASED_AT,ROW_VERSION,EAI_CODE,OWN_LENGTH,SWITCH_MODE,CHANGE_KINDS,CHANGE_SUMMARY,SNAPSHOT_JSON,LEGACY_SNAPSHOT_YN,C_USR_ID,C_AT,C_SVC_ID,C_PGM_ID,U_USR_ID,U_AT,U_SVC_ID,U_PGM_ID,AUD_VER
100,1,MAJOR,RELEASED,\N,\N,2000-01-01 00:00:00,9999-12-31 00:00:00,kim,2026-09-10 23:05:00,2026-09-10 23:05:00,0,MES,100,\N,INITIAL,이행(V21) — 저장 이력 없음,\N,N,kim,1789049100000,\N,mdm-local-sample,admin,1790418792647,headerMng,headerMng,0
110,1,MAJOR,RELEASED,\N,\N,2000-01-01 00:00:00,9999-12-31 00:00:00,kim,2026-09-10 14:05:00,2026-09-10 14:05:00,0,\N,30,\N,INITIAL,이행(V21) — 저장 이력 없음,\N,N,kim,2026-09-10 14:05:00,\N,mdm-local-sample,kim,2026-09-10 14:05:00,\N,mdm-local-sample,0
200,1,MAJOR,RELEASED,\N,\N,2000-01-01 00:00:00,9999-12-31 00:00:00,kim,2026-09-10 14:05:00,2026-09-10 14:05:00,0,SAP_PI,80,\N,INITIAL,이행(V21) — 저장 이력 없음,\N,N,kim,2026-09-10 14:05:00,\N,mdm-local-sample,kim,2026-09-10 14:05:00,\N,mdm-local-sample,0
201,1,MAJOR,RELEASED,\N,\N,2000-01-01 00:00:00,2026-09-18 10:20:00,표준 관리자,2026-09-10 14:05:00,2026-09-10 14:05:00,0,GLUE,57,\N,INITIAL,최초 등록,"{""eaiCode"":""GLUE"",""encoding"":""EUC-KR"",""headers"":[{""headerLayoutId"":100,""headerLayoutName"":""GLUE 공통 헤더"",""items"":[{""columnPhys"":""TC_CD"",""dataType"":""CHAR"",""defaultValue"":""LAYOUT_ID"",""fillKind"":""AUTO"",""fillerLength"":null,""length"":8,""numFormat"":null,""offset"":0,""overrideValue"":null,""scale"":null,""seq"":1,""transUnit"":null,""unitCode"":null,""unitItem"":null},{""columnPhys"":""SND_FAC_TP"",""dataType"":""CHAR"",""defaultValue"":""B0"",""fillKind"":""CONST"",""fillerLength"":null,""length"":4,""numFormat"":null,""offset"":8,""overrideValue"":""B1"",""scale"":null,""seq"":2,""transUnit"":null,""unitCode"":null,""unitItem"":null},{""columnPhys"":""SND_PROC_TP"",""dataType"":""CHAR"",""defaultValue"":""L2"",""fillKind"":""CONST"",""fillerLength"":null,""length"":3,""numFormat"":null,""offset"":12,""overrideValue"":null,""scale"":null,""seq"":3,""transUnit"":null,""unitCode"":null,""unitItem"":null},{""columnPhys"":""RCV_FAC_TP"",""dataType"":""CHAR"",""defaultValue"":""B1"",""fillKind"":""CONST"",""fillerLength"":null,""length"":4,""numFormat"":null,""offset"":15,""overrideValue"":null,""scale"":null,""seq"":4,""transUnit"":null,""unitCode"":null,""unitItem"":null},{""columnPhys"":""RCV_PROC_TP"",""dataType"":""CHAR"",""defaultValue"":""MES"",""fillKind"":""CONST"",""fillerLength"":null,""length"":3,""numFormat"":null,""offset"":19,""overrideValue"":null,""scale"":null,""seq"":5,""transUnit"":null,""unitCode"":null,""unitItem"":null},{""columnPhys"":""SNT_SND_HRP"",""dataType"":""CHAR"",""defaultValue"":""SEND_TIME"",""fillKind"":""AUTO"",""fillerLength"":null,""length"":14,""numFormat"":null,""offset"":22,""overrideValue"":null,""scale"":null,""seq"":6,""transUnit"":null,""unitCode"":null,""unitItem"":null},{""columnPhys"":""SND_PGM_ID"",""dataType"":""CHAR"",""defaultValue"":""L2IFSND"",""fillKind"":""CONST"",""fillerLength"":null,""length"":14,""numFormat"":null,""offset"":36,""overrideValue"":null,""scale"":null,""seq"":7,""transUnit"":null,""unitCode"":null,""unitItem"":null},{""columnPhys"":""EAI_IF_ID"",""dataType"":""CHAR"",""defaultValue"":null,""fillKind"":""CONST"",""fillerLength"":null,""length"":12,""numFormat"":null,""offset"":50,""overrideValue"":""IFL2MES201"",""scale"":null,""seq"":8,""transUnit"":null,""unitCode"":null,""unitItem"":null},{""columnPhys"":""SNT_TP"",""dataType"":""CHAR"",""defaultValue"":""S"",""fillKind"":""CONST"",""fillerLength"":null,""length"":1,""numFormat"":null,""offset"":62,""overrideValue"":null,""scale"":null,""seq"":9,""transUnit"":null,""unitCode"":null,""unitItem"":null},{""columnPhys"":""SNT_ORD"",""dataType"":""NUM"",""defaultValue"":""SEQ"",""fillKind"":""AUTO"",""fillerLength"":null,""length"":5,""numFormat"":null,""offset"":63,""overrideValue"":null,""scale"":0,""seq"":10,""transUnit"":null,""unitCode"":""EA"",""unitItem"":null},{""columnPhys"":""IF_DATA_NTR"",""dataType"":""CHAR"",""defaultValue"":""I"",""fillKind"":""CONST"",""fillerLength"":null,""length"":1,""numFormat"":null,""offset"":68,""overrideValue"":null,""scale"":null,""seq"":11,""transUnit"":null,""unitCode"":null,""unitItem"":null},{""columnPhys"":""SNT_LTH"",""dataType"":""NUM"",""defaultValue"":""MSG_LENGTH"",""fillKind"":""AUTO"",""fillerLength"":null,""length"":6,""numFormat"":null,""offset"":69,""overrideValue"":null,""scale"":0,""seq"":12,""transUnit"":null,""unitCode"":""EA"",""unitItem"":null},{""columnPhys"":null,""dataType"":null,""defaultValue"":null,""fillKind"":""FILLER"",""fillerLength"":25,""length"":25,""numFormat"":null,""offset"":75,""overrideValue"":null,""scale"":null,""seq"":13,""transUnit"":null,""unitCode"":null,""unitItem"":null}],""offset"":0,""seq"":1,""totalLength"":100},{""headerLayoutId"":110,""headerLayoutName"":""L2 구간 헤더"",""items"":[{""columnPhys"":""LINE_CODE"",""dataType"":""CHAR"",""defaultValue"":""B1"",""fillKind"":""CONST"",""fillerLength"":null,""length"":2,""numFormat"":null,""offset"":0,""overrideValue"":null,""scale"":null,""seq"":1,""transUnit"":null,""unitCode"":null,""unitItem"":null},{""columnPhys"":""SEQUENCE_NO"",""dataType"":""NUM"",""defaultValue"":""SEQ"",""fillKind"":""AUTO"",""fillerLength"":null,""length"":4,""numFormat"":null,""offset"":2,""overrideValue"":null,""scale"":0,""seq"":2,""transUnit"":null,""unitCode"":""EA"",""unitItem"":null},{""columnPhys"":""LENGTH"",""dataType"":""NUM"",""defaultValue"":""MSG_LENGTH"",""fillKind"":""AUTO"",""fillerLength"":null,""length"":5,""numFormat"":null,""offset"":6,""overrideValue"":null,""scale"":0,""seq"":3,""transUnit"":null,""unitCode"":""EA"",""unitItem"":null},{""columnPhys"":""DATE"",""dataType"":""CHAR"",""defaultValue"":""SEND_TIME"",""fillKind"":""AUTO"",""fillerLength"":null,""length"":8,""numFormat"":null,""offset"":11,""overrideValue"":null,""scale"":null,""seq"":4,""transUnit"":null,""unitCode"":null,""unitItem"":null},{""columnPhys"":""TIME"",""dataType"":""CHAR"",""defaultValue"":""SEND_TIME"",""fillKind"":""AUTO"",""fillerLength"":null,""length"":6,""numFormat"":null,""offset"":19,""overrideValue"":null,""scale"":null,""seq"":5,""transUnit"":null,""unitCode"":null,""unitItem"":null},{""columnPhys"":null,""dataType"":null,""defaultValue"":null,""fillKind"":""FILLER"",""fillerLength"":5,""length"":5,""numFormat"":null,""offset"":25,""overrideValue"":null,""scale"":null,""seq"":6,""transUnit"":null,""unitCode"":null,""unitItem"":null}],""offset"":100,""seq"":2,""totalLength"":30}],""items"":[{""columnPhys"":""COIL_ID"",""dataType"":""CHAR"",""defaultValue"":null,""fillKind"":""DATA"",""fillerLength"":null,""length"":20,""numFormat"":null,""offset"":130,""overrideValue"":null,""scale"":null,""seq"":1,""transUnit"":null,""unitCode"":null,""unitItem"":null},{""columnPhys"":""PROD_DT"",""dataType"":""CHAR"",""defaultValue"":null,""fillKind"":""DATA"",""fillerLength"":null,""length"":8,""numFormat"":null,""offset"":150,""overrideValue"":null,""scale"":null,""seq"":2,""transUnit"":null,""unitCode"":null,""unitItem"":null},{""columnPhys"":null,""dataType"":null,""defaultValue"":null,""fillKind"":""FILLER"",""fillerLength"":29,""length"":29,""numFormat"":null,""offset"":158,""overrideValue"":null,""scale"":null,""seq"":3,""transUnit"":null,""unitCode"":null,""unitItem"":null}],""layoutId"":201,""layoutName"":""출측검사 실적 수신"",""layoutVersion"":1,""padRule"":""숫자 왼쪽 0, 문자 오른쪽 공백"",""rcvSystem"":""MES"",""sndSystem"":""L2"",""totalLength"":187}",Y,표준 관리자,2026-09-10 14:05:00,\N,mdm-local-sample,표준 관리자,2026-09-10 14:05:00,\N,mdm-local-sample,0
201,2,MAJOR,RELEASED,1,\N,2026-09-18 10:20:00,2026-09-26 19:33:12,표준 관리자,2026-09-18 10:20:00,2026-09-18 10:20:00,0,GLUE,57,SEQUENTIAL,FILLER_SPLIT,여분 29 → 코일 두께 4 + 여분 25 (여분 쪼개 쓰기),"{""eaiCode"":""GLUE"",""encoding"":""EUC-KR"",""headers"":[{""headerLayoutId"":100,""headerLayoutName"":""GLUE 공통 헤더"",""items"":[{""columnPhys"":""TC_CD"",""dataType"":""CHAR"",""defaultValue"":""LAYOUT_ID"",""fillKind"":""AUTO"",""fillerLength"":null,""length"":8,""numFormat"":null,""offset"":0,""overrideValue"":null,""scale"":null,""seq"":1,""transUnit"":null,""unitCode"":null,""unitItem"":null},{""columnPhys"":""SND_FAC_TP"",""dataType"":""CHAR"",""defaultValue"":""B0"",""fillKind"":""CONST"",""fillerLength"":null,""length"":4,""numFormat"":null,""offset"":8,""overrideValue"":""B1"",""scale"":null,""seq"":2,""transUnit"":null,""unitCode"":null,""unitItem"":null},{""columnPhys"":""SND_PROC_TP"",""dataType"":""CHAR"",""defaultValue"":""L2"",""fillKind"":""CONST"",""fillerLength"":null,""length"":3,""numFormat"":null,""offset"":12,""overrideValue"":null,""scale"":null,""seq"":3,""transUnit"":null,""unitCode"":null,""unitItem"":null},{""columnPhys"":""RCV_FAC_TP"",""dataType"":""CHAR"",""defaultValue"":""B1"",""fillKind"":""CONST"",""fillerLength"":null,""length"":4,""numFormat"":null,""offset"":15,""overrideValue"":null,""scale"":null,""seq"":4,""transUnit"":null,""unitCode"":null,""unitItem"":null},{""columnPhys"":""RCV_PROC_TP"",""dataType"":""CHAR"",""defaultValue"":""MES"",""fillKind"":""CONST"",""fillerLength"":null,""length"":3,""numFormat"":null,""offset"":19,""overrideValue"":null,""scale"":null,""seq"":5,""transUnit"":null,""unitCode"":null,""unitItem"":null},{""columnPhys"":""SNT_SND_HRP"",""dataType"":""CHAR"",""defaultValue"":""SEND_TIME"",""fillKind"":""AUTO"",""fillerLength"":null,""length"":14,""numFormat"":null,""offset"":22,""overrideValue"":null,""scale"":null,""seq"":6,""transUnit"":null,""unitCode"":null,""unitItem"":null},{""columnPhys"":""SND_PGM_ID"",""dataType"":""CHAR"",""defaultValue"":""L2IFSND"",""fillKind"":""CONST"",""fillerLength"":null,""length"":14,""numFormat"":null,""offset"":36,""overrideValue"":null,""scale"":null,""seq"":7,""transUnit"":null,""unitCode"":null,""unitItem"":null},{""columnPhys"":""EAI_IF_ID"",""dataType"":""CHAR"",""defaultValue"":null,""fillKind"":""CONST"",""fillerLength"":null,""length"":12,""numFormat"":null,""offset"":50,""overrideValue"":""IFL2MES201"",""scale"":null,""seq"":8,""transUnit"":null,""unitCode"":null,""unitItem"":null},{""columnPhys"":""SNT_TP"",""dataType"":""CHAR"",""defaultValue"":""S"",""fillKind"":""CONST"",""fillerLength"":null,""length"":1,""numFormat"":null,""offset"":62,""overrideValue"":null,""scale"":null,""seq"":9,""transUnit"":null,""unitCode"":null,""unitItem"":null},{""columnPhys"":""SNT_ORD"",""dataType"":""NUM"",""defaultValue"":""SEQ"",""fillKind"":""AUTO"",""fillerLength"":null,""length"":5,""numFormat"":null,""offset"":63,""overrideValue"":null,""scale"":0,""seq"":10,""transUnit"":null,""unitCode"":""EA"",""unitItem"":null},{""columnPhys"":""IF_DATA_NTR"",""dataType"":""CHAR"",""defaultValue"":""I"",""fillKind"":""CONST"",""fillerLength"":null,""length"":1,""numFormat"":null,""offset"":68,""overrideValue"":null,""scale"":null,""seq"":11,""transUnit"":null,""unitCode"":null,""unitItem"":null},{""columnPhys"":""SNT_LTH"",""dataType"":""NUM"",""defaultValue"":""MSG_LENGTH"",""fillKind"":""AUTO"",""fillerLength"":null,""length"":6,""numFormat"":null,""offset"":69,""overrideValue"":null,""scale"":0,""seq"":12,""transUnit"":null,""unitCode"":""EA"",""unitItem"":null},{""columnPhys"":null,""dataType"":null,""defaultValue"":null,""fillKind"":""FILLER"",""fillerLength"":25,""length"":25,""numFormat"":null,""offset"":75,""overrideValue"":null,""scale"":null,""seq"":13,""transUnit"":null,""unitCode"":null,""unitItem"":null}],""offset"":0,""seq"":1,""totalLength"":100},{""headerLayoutId"":110,""headerLayoutName"":""L2 구간 헤더"",""items"":[{""columnPhys"":""LINE_CODE"",""dataType"":""CHAR"",""defaultValue"":""B1"",""fillKind"":""CONST"",""fillerLength"":null,""length"":2,""numFormat"":null,""offset"":0,""overrideValue"":null,""scale"":null,""seq"":1,""transUnit"":null,""unitCode"":null,""unitItem"":null},{""columnPhys"":""SEQUENCE_NO"",""dataType"":""NUM"",""defaultValue"":""SEQ"",""fillKind"":""AUTO"",""fillerLength"":null,""length"":4,""numFormat"":null,""offset"":2,""overrideValue"":null,""scale"":0,""seq"":2,""transUnit"":null,""unitCode"":""EA"",""unitItem"":null},{""columnPhys"":""LENGTH"",""dataType"":""NUM"",""defaultValue"":""MSG_LENGTH"",""fillKind"":""AUTO"",""fillerLength"":null,""length"":5,""numFormat"":null,""offset"":6,""overrideValue"":null,""scale"":0,""seq"":3,""transUnit"":null,""unitCode"":""EA"",""unitItem"":null},{""columnPhys"":""DATE"",""dataType"":""CHAR"",""defaultValue"":""SEND_TIME"",""fillKind"":""AUTO"",""fillerLength"":null,""length"":8,""numFormat"":null,""offset"":11,""overrideValue"":null,""scale"":null,""seq"":4,""transUnit"":null,""unitCode"":null,""unitItem"":null},{""columnPhys"":""TIME"",""dataType"":""CHAR"",""defaultValue"":""SEND_TIME"",""fillKind"":""AUTO"",""fillerLength"":null,""length"":6,""numFormat"":null,""offset"":19,""overrideValue"":null,""scale"":null,""seq"":5,""transUnit"":null,""unitCode"":null,""unitItem"":null},{""columnPhys"":null,""dataType"":null,""defaultValue"":null,""fillKind"":""FILLER"",""fillerLength"":5,""length"":5,""numFormat"":null,""offset"":25,""overrideValue"":null,""scale"":null,""seq"":6,""transUnit"":null,""unitCode"":null,""unitItem"":null}],""offset"":100,""seq"":2,""totalLength"":30}],""items"":[{""columnPhys"":""COIL_ID"",""dataType"":""CHAR"",""defaultValue"":null,""fillKind"":""DATA"",""fillerLength"":null,""length"":20,""numFormat"":null,""offset"":130,""overrideValue"":null,""scale"":null,""seq"":1,""transUnit"":null,""unitCode"":null,""unitItem"":null},{""columnPhys"":""PROD_DT"",""dataType"":""CHAR"",""defaultValue"":null,""fillKind"":""DATA"",""fillerLength"":null,""length"":8,""numFormat"":null,""offset"":150,""overrideValue"":null,""scale"":null,""seq"":2,""transUnit"":null,""unitCode"":null,""unitItem"":null},{""columnPhys"":""COIL_THK"",""dataType"":""NUM"",""defaultValue"":null,""fillKind"":""DATA"",""fillerLength"":null,""length"":4,""numFormat"":{""impliedScale"":1,""sign"":false,""zeroPad"":true},""offset"":158,""overrideValue"":null,""scale"":1,""seq"":3,""transUnit"":null,""unitCode"":""mm"",""unitItem"":null},{""columnPhys"":null,""dataType"":null,""defaultValue"":null,""fillKind"":""FILLER"",""fillerLength"":25,""length"":25,""numFormat"":null,""offset"":162,""overrideValue"":null,""scale"":null,""seq"":4,""transUnit"":null,""unitCode"":null,""unitItem"":null}],""layoutId"":201,""layoutName"":""출측검사 실적 수신"",""layoutVersion"":2,""padRule"":""숫자 왼쪽 0, 문자 오른쪽 공백"",""rcvSystem"":""MES"",""sndSystem"":""L2"",""totalLength"":187}",Y,표준 관리자,2026-09-18 10:20:00,\N,mdm-local-sample,표준 관리자,2026-09-18 10:20:00,\N,mdm-local-sample,0
201,3,MAJOR,RELEASED,2,\N,2026-09-26 19:33:12,9999-12-31 00:00:00,admin,2026-09-26 19:33:12,2026-09-26 19:33:12,0,GLUE,57,SEQUENTIAL,META,기본 속성 변경,\N,N,admin,1790418792697,headerMng,headerMng,admin,1790418792697,headerMng,headerMng,0
305,1,MAJOR,RELEASED,\N,\N,2000-01-01 00:00:00,9999-12-31 00:00:00,표준 관리자,2026-09-12 11:00:00,2026-09-12 11:00:00,0,SAP_PI,66,\N,INITIAL,최초 등록,\N,N,표준 관리자,2026-09-12 11:00:00,\N,mdm-local-sample,41000132,2026-10-03 01:56:26,layoutMng,layoutMng,2
361,1,MAJOR,RELEASED,\N,E2E_USR_STW,2026-01-01 00:00:00,9999-12-31 00:00:00,E2E_USR_STW,2026-10-04 10:59:01,2026-10-04 10:59:01,4,E2HE2EX,28,\N,INITIAL,최초 등록,"{""consts"":[],""eaiCode"":""E2HE2EX"",""headerIds"":[],""items"":[{""columnPhys"":null,""dataType"":null,""defaultValue"":null,""fillKind"":""FILLER"",""fillerLength"":6,""length"":6,""numFormat"":null,""offset"":0,""overrideValue"":null,""scale"":null,""seq"":1,""transUnit"":null,""unitCode"":null,""unitItem"":null},{""columnPhys"":""TC_CD"",""dataType"":""CHAR"",""defaultValue"":""LAYOUT_ID"",""fillKind"":""AUTO"",""fillerLength"":null,""length"":8,""numFormat"":null,""offset"":6,""overrideValue"":null,""scale"":null,""seq"":2,""transUnit"":null,""unitCode"":null,""unitItem"":null},{""columnPhys"":""SND_FAC_TP"",""dataType"":""CHAR"",""defaultValue"":""E1"",""fillKind"":""CONST"",""fillerLength"":null,""length"":4,""numFormat"":null,""offset"":14,""overrideValue"":null,""scale"":null,""seq"":3,""transUnit"":null,""unitCode"":null,""unitItem"":null},{""columnPhys"":""SND_SYS"",""dataType"":""CHAR"",""defaultValue"":null,""fillKind"":""DATA"",""fillerLength"":null,""length"":10,""numFormat"":null,""offset"":18,""overrideValue"":null,""scale"":null,""seq"":4,""transUnit"":null,""unitCode"":null,""unitItem"":null}],""layoutId"":361,""layoutKind"":""HEADER"",""layoutName"":""E2E 헤더1 E2EX"",""ownLength"":28,""rcvSystem"":null,""sndSystem"":null,""ver"":""1.000""}",N,E2E_USR_STD,1791079130057,headerMng,headerMng,E2E_USR_STW,2026-10-04 10:59:01,layoutConfirm,layoutConfirm,5
362,1,MAJOR,RELEASED,\N,E2E_USR_STW,2026-01-01 00:00:00,9999-12-31 00:00:00,E2E_USR_STW,2026-10-04 10:59:03,2026-10-04 10:59:03,3,\N,10,\N,INITIAL,최초 등록,"{""consts"":[],""eaiCode"":null,""headerIds"":[],""items"":[{""columnPhys"":""LINE_CODE"",""dataType"":""CHAR"",""defaultValue"":""B1"",""fillKind"":""CONST"",""fillerLength"":null,""length"":2,""numFormat"":null,""offset"":0,""overrideValue"":null,""scale"":null,""seq"":1,""transUnit"":null,""unitCode"":null,""unitItem"":null},{""columnPhys"":""SEQUENCE_NO"",""dataType"":""NUM"",""defaultValue"":""SEQ"",""fillKind"":""AUTO"",""fillerLength"":null,""length"":4,""numFormat"":null,""offset"":2,""overrideValue"":null,""scale"":0,""seq"":2,""transUnit"":null,""unitCode"":""EA"",""unitItem"":null},{""columnPhys"":null,""dataType"":null,""defaultValue"":null,""fillKind"":""FILLER"",""fillerLength"":4,""length"":4,""numFormat"":null,""offset"":6,""overrideValue"":null,""scale"":null,""seq"":3,""transUnit"":null,""unitCode"":null,""unitItem"":null}],""layoutId"":362,""layoutKind"":""HEADER"",""layoutName"":""E2E 헤더2 E2EX"",""ownLength"":10,""rcvSystem"":null,""sndSystem"":null,""ver"":""1.000""}",N,E2E_USR_STD,1791079135706,headerMng,headerMng,E2E_USR_STW,2026-10-04 10:59:04,layoutConfirm,layoutConfirm,4
363,1,MAJOR,RELEASED,\N,E2E_USR_STW,2026-01-02 00:00:00,9999-12-31 00:00:00,E2E_USR_STW,2026-10-04 10:59:32,2026-10-04 10:59:32,4,E2HE2EX,57,\N,INITIAL,최초 등록,"{""consts"":[{""headerColumnPhys"":""SND_FAC_TP"",""headerLayoutId"":361,""value"":""E9""}],""eaiCode"":""E2HE2EX"",""headerIds"":[361,362],""items"":[{""columnPhys"":""COIL_ID"",""dataType"":""CHAR"",""defaultValue"":null,""fillKind"":""DATA"",""fillerLength"":null,""length"":20,""numFormat"":null,""offset"":0,""overrideValue"":null,""scale"":null,""seq"":1,""transUnit"":null,""unitCode"":null,""unitItem"":null},{""columnPhys"":""PROD_DT"",""dataType"":""CHAR"",""defaultValue"":null,""fillKind"":""DATA"",""fillerLength"":null,""length"":8,""numFormat"":null,""offset"":20,""overrideValue"":null,""scale"":null,""seq"":2,""transUnit"":null,""unitCode"":null,""unitItem"":null},{""columnPhys"":null,""dataType"":null,""defaultValue"":null,""fillKind"":""FILLER"",""fillerLength"":25,""length"":25,""numFormat"":null,""offset"":28,""overrideValue"":null,""scale"":null,""seq"":3,""transUnit"":null,""unitCode"":null,""unitItem"":null},{""columnPhys"":""COIL_THK"",""dataType"":""NUM"",""defaultValue"":null,""fillKind"":""DATA"",""fillerLength"":null,""length"":4,""numFormat"":{""impliedScale"":1,""sign"":false,""zeroPad"":true},""offset"":53,""overrideValue"":null,""scale"":1,""seq"":4,""transUnit"":null,""unitCode"":""mm"",""unitItem"":null}],""layoutId"":363,""layoutKind"":""MESSAGE"",""layoutName"":""E2E 전문 E2EX"",""ownLength"":57,""rcvSystem"":""ERP"",""sndSystem"":""MES"",""ver"":""1.000""}",N,E2E_USR_STD,1791079156183,layoutMng,layoutMng,E2E_USR_STW,2026-10-04 10:59:32,layoutConfirm,layoutConfirm,5
364,1,MAJOR,DRAFT,\N,E2E_USR_STD,\N,\N,\N,\N,\N,0,\N,1,\N,\N,\N,\N,N,E2E_USR_STD,1791079182971,headerMng,headerMng,E2E_USR_STD,1791079182971,headerMng,headerMng,0
365,1,MAJOR,DRAFT,\N,E2E_USR_STD,\N,\N,\N,\N,\N,1,\N,2,\N,\N,\N,\N,N,E2E_USR_STD,1791079187969,headerMng,headerMng,E2E_USR_STD,2026-10-04 10:59:53,headerMng,headerMng,1
366,1,MAJOR,DRAFT,\N,E2E_USR_STD,\N,\N,\N,\N,\N,0,\N,2,\N,\N,\N,\N,N,E2E_USR_STD,1791079199401,headerMng,headerMng,E2E_USR_STD,1791079199401,headerMng,headerMng,0
367,1,MAJOR,DRAFT,\N,CHK_STD,\N,\N,\N,\N,\N,0,\N,1,\N,\N,\N,\N,N,CHK_STD,1791082531884,headerMng,headerMng,CHK_STD,1791082531884,headerMng,headerMng,0
368,1,MAJOR,DRAFT,\N,CHK_STD,\N,\N,\N,\N,\N,0,\N,10,\N,\N,\N,\N,N,CHK_STD,1791082722960,layoutMng,layoutMng,CHK_STD,1791082722960,layoutMng,layoutMng,0
