UNIT_CODE,DIMENSION,BASE_UNIT,FACTOR,CHG_SEQ,C_USR_ID,C_AT,C_SVC_ID,C_PGM_ID,U_USR_ID,U_AT,U_SVC_ID,U_PGM_ID,VER
A,CURRENT,A,1,0,dict-candidates,1790837375873,dict-candidates,apply_candidates,dict-candidates,1790837375873,dict-candidates,apply_candidates,0
CHK_U1,CHK_DIM,CHK_U1,1,0,CHK_STD,1791081211664,unitMng,unitMng,CHK_STD,1791081211664,unitMng,unitMng,0
CM2,AREA,M2,0.0001,0,41000132,1790914588286,unitMng,unitMng,41000132,1790914588286,unitMng,unitMng,0
E2E_USR_CUN,E2E_USR_CDIM,E2E_USR_CUN,1,0,E2E_USR_STD,1791079051554,unitMng,unitMng,E2E_USR_STD,1791079051554,unitMng,unitMng,0
E2E_USR_DU1,E2E_USR_DELDIM1,E2E_USR_DU1,1,0,E2E_USR_STD,1791079088886,unitMng,unitMng,E2E_USR_STD,1791079088886,unitMng,unitMng,0
E2E_USR_ROUN,E2E_USR_RODIM,E2E_USR_ROUN,1,0,E2E_USR_STD,1791079102767,unitMng,unitMng,E2E_USR_STD,1791079102767,unitMng,unitMng,0
E2E_USR_UN1,E2E_USR_DIM1,E2E_USR_UN1,1,0,E2E_USR_STD,1791079021844,unitMng,unitMng,E2E_USR_STD,1791079021844,unitMng,unitMng,0
E2E_USR_UN2,E2E_USR_DIM1,E2E_USR_UN1,2000,0,E2E_USR_STD,1791079022781,unitMng,unitMng,E2E_USR_STD,1791079023737,unitMng,unitMng,1
E2E_USR_UN3,E2E_USR_DIM3,E2E_USR_UN3,1,0,E2E_USR_STD,1791079026505,unitMng,unitMng,E2E_USR_STD,1791079026505,unitMng,unitMng,0
EA,COUNT,EA,1,0,kim,2026-09-01 09:00:00,\N,mdm-local-sample,kim,2026-09-01 09:00:00,\N,mdm-local-sample,0
GPM2,AREAL_DENSITY,GPM2,1,0,dict-candidates,1790837375873,dict-candidates,apply_candidates,dict-candidates,1790837375873,dict-candidates,apply_candidates,0
GU,GLOSS,GU,1,0,dict-candidates,1790837375873,dict-candidates,apply_candidates,dict-candidates,1790837375873,dict-candidates,apply_candidates,0
Hz,FREQUENCY,Hz,1,0,dict-candidates,1790837375873,dict-candidates,apply_candidates,dict-candidates,1790837375873,dict-candidates,apply_candidates,0
J,ENERGY,kJ,0.001,0,41000132,1790914588558,unitMng,unitMng,41000132,1790914588558,unitMng,unitMng,0
KG_H,MASS_FLOW,KG_H,1,0,dict-candidates,1790837375873,dict-candidates,apply_candidates,dict-candidates,1790837375873,dict-candidates,apply_candidates,0
KRW,CURRENCY,KRW,1,0,dict-candidates,1790837375873,dict-candidates,apply_candidates,dict-candidates,1790837375873,dict-candidates,apply_candidates,0
L,VOLUME,L,1,0,41000132,1790914588520,unitMng,unitMng,41000132,1790914588520,unitMng,unitMng,0
M2,AREA,M2,1,0,dict-candidates,1790837375873,dict-candidates,apply_candidates,dict-candidates,1790837375873,dict-candidates,apply_candidates,0
MGPM2,AREAL_DENSITY,GPM2,0.001,0,41000132,1790914588330,unitMng,unitMng,41000132,1790914588330,unitMng,unitMng,0
MJ,ENERGY,kJ,1000,0,41000132,1790914588572,unitMng,unitMng,41000132,1790914588572,unitMng,unitMng,0
MM2,AREA,M2,1e-06,0,41000132,1790914588311,unitMng,unitMng,41000132,1790914588311,unitMng,unitMng,0
MPS,SPEED,mpm,60,0,dict-candidates,1790837375873,dict-candidates,apply_candidates,dict-candidates,1790837375873,dict-candidates,apply_candidates,0
MPa,PRESSURE,Pa,1000000,0,dict-candidates,1790837375873,dict-candidates,apply_candidates,dict-candidates,1790837375873,dict-candidates,apply_candidates,0
MW,POWER,W,1000000,0,41000132,1790914588443,unitMng,unitMng,41000132,1790914588443,unitMng,unitMng,0
MWh,ENERGY,kJ,3600000,0,41000132,1790914588606,unitMng,unitMng,41000132,1790914588606,unitMng,unitMng,0
Nmm2,PRESSURE,Pa,1000000,0,41000132,1790914588379,unitMng,unitMng,41000132,1790914588379,unitMng,unitMng,0
Pa,PRESSURE,Pa,1,0,dict-candidates,1790837375873,dict-candidates,apply_candidates,dict-candidates,1790837375873,dict-candidates,apply_candidates,0
SG,SPECIFIC_GRAVITY,SG,1,0,41000132,1790914588146,unitMng,unitMng,41000132,1790914588146,unitMng,unitMng,0
TON_H,MASS_FLOW,KG_H,1000,0,dict-candidates,1790837375873,dict-candidates,apply_candidates,dict-candidates,1790837375873,dict-candidates,apply_candidates,0
V,VOLTAGE,V,1,0,41000132,1790914588485,unitMng,unitMng,41000132,1790914588485,unitMng,unitMng,0
W,POWER,W,1,0,dict-candidates,1790837375873,dict-candidates,apply_candidates,dict-candidates,1790837375873,dict-candidates,apply_candidates,0
bar,PRESSURE,Pa,100000,0,dict-candidates,1790837375873,dict-candidates,apply_candidates,dict-candidates,1790837375873,dict-candidates,apply_candidates,0
cm,LENGTH,mm,10,0,41000132,1790914588242,unitMng,unitMng,41000132,1790914588242,unitMng,unitMng,0
day,TIME,s,86400,0,kim,2026-09-01 09:00:00,\N,mdm-local-sample,kim,2026-09-01 09:00:00,\N,mdm-local-sample,0
deg,ANGLE,deg,1,0,dict-candidates,1790837375873,dict-candidates,apply_candidates,dict-candidates,1790837375873,dict-candidates,apply_candidates,0
degC,TEMPERATURE,degC,1,0,kim,2026-09-01 09:00:00,\N,mdm-local-sample,kim,2026-09-01 09:00:00,\N,mdm-local-sample,0
g,MASS,kg,0.001,0,kim,2026-09-01 09:00:00,\N,mdm-local-sample,kim,2026-09-01 09:00:00,\N,mdm-local-sample,0
gcm3,DENSITY,gcm3,1,0,kim,2026-09-01 09:00:00,\N,mdm-local-sample,kim,2026-09-01 09:00:00,\N,mdm-local-sample,0
h,TIME,s,3600,0,kim,2026-09-01 09:00:00,\N,mdm-local-sample,kim,2026-09-01 09:00:00,\N,mdm-local-sample,0
inch,LENGTH,mm,25.4,0,41000132,1790914588266,unitMng,unitMng,41000132,1790914588266,unitMng,unitMng,0
kA,CURRENT,A,1000,0,41000132,1790914588472,unitMng,unitMng,41000132,1790914588472,unitMng,unitMng,0
kHz,FREQUENCY,Hz,1000,0,dict-candidates,1790837375873,dict-candidates,apply_candidates,dict-candidates,1790837375873,dict-candidates,apply_candidates,0
kJ,ENERGY,kJ,1,0,41000132,1790914588548,unitMng,unitMng,41000132,1790914588548,unitMng,unitMng,0
kPa,PRESSURE,Pa,1000,0,41000132,1790914588351,unitMng,unitMng,41000132,1790914588351,unitMng,unitMng,0
kV,VOLTAGE,V,1000,0,41000132,1790914588510,unitMng,unitMng,41000132,1790914588510,unitMng,unitMng,0
kW,POWER,W,1000,0,dict-candidates,1790837375873,dict-candidates,apply_candidates,dict-candidates,1790837375873,dict-candidates,apply_candidates,0
kWh,ENERGY,kJ,3600,0,41000132,1790914588584,unitMng,unitMng,41000132,1790914588584,unitMng,unitMng,0
kcal,ENERGY,kJ,4.184,0,41000132,1790914588619,unitMng,unitMng,41000132,1790914588619,unitMng,unitMng,0
kg,MASS,kg,1,0,kim,2026-09-01 09:00:00,\N,mdm-local-sample,kim,2026-09-01 09:00:00,\N,mdm-local-sample,0
kgfcm2,PRESSURE,Pa,98066.5,0,41000132,1790914588394,unitMng,unitMng,41000132,1790914588394,unitMng,unitMng,0
kgfmm2,PRESSURE,Pa,9806650,0,41000132,1790914588409,unitMng,unitMng,41000132,1790914588409,unitMng,unitMng,0
kgm3,DENSITY,gcm3,0.001,0,41000132,1790914588206,unitMng,unitMng,41000132,1790914588206,unitMng,unitMng,0
km,LENGTH,mm,1000000,0,41000132,1790914588254,unitMng,unitMng,41000132,1790914588254,unitMng,unitMng,0
lb,MASS,kg,0.45359237,0,41000132,1790914588230,unitMng,unitMng,41000132,1790914588230,unitMng,unitMng,0
m,LENGTH,mm,1000,0,kim,2026-09-01 09:00:00,\N,mdm-local-sample,kim,2026-09-01 09:00:00,\N,mdm-local-sample,0
m3,VOLUME,L,1000,0,41000132,1790914588539,unitMng,unitMng,41000132,1790914588539,unitMng,unitMng,0
mA,CURRENT,A,0.001,0,41000132,1790914588458,unitMng,unitMng,41000132,1790914588458,unitMng,unitMng,0
mL,VOLUME,L,0.001,0,41000132,1790914588530,unitMng,unitMng,41000132,1790914588530,unitMng,unitMng,0
mV,VOLTAGE,V,0.001,0,41000132,1790914588497,unitMng,unitMng,41000132,1790914588497,unitMng,unitMng,0
mg,MASS,kg,1e-06,0,41000132,1790914588216,unitMng,unitMng,41000132,1790914588216,unitMng,unitMng,0
min,TIME,s,60,0,kim,2026-09-01 09:00:00,\N,mdm-local-sample,kim,2026-09-01 09:00:00,\N,mdm-local-sample,0
mm,LENGTH,mm,1,0,kim,2026-09-01 09:00:00,\N,mdm-local-sample,kim,2026-09-01 09:00:00,\N,mdm-local-sample,0
mpm,SPEED,mpm,1,0,kim,2026-09-01 09:00:00,\N,mdm-local-sample,kim,2026-09-01 09:00:00,\N,mdm-local-sample,0
ms,TIME,s,0.001,0,kim,2026-09-01 09:00:00,\N,mdm-local-sample,kim,2026-09-01 09:00:00,\N,mdm-local-sample,0
pH,ACIDITY,pH,1,0,dict-candidates,1790837375873,dict-candidates,apply_candidates,dict-candidates,1790837375873,dict-candidates,apply_candidates,0
pct,RATIO,ratio,0.01,0,kim,2026-09-01 09:00:00,\N,mdm-local-sample,kim,2026-09-01 09:00:00,\N,mdm-local-sample,0
ppb,RATIO,ratio,1e-09,0,41000132,1790914588194,unitMng,unitMng,41000132,1790914588194,unitMng,unitMng,0
ppm,RATIO,ratio,1e-06,0,41000132,1790914588181,unitMng,unitMng,41000132,1790914588181,unitMng,unitMng,0
psi,PRESSURE,Pa,6894.757293168,0,41000132,1790914588422,unitMng,unitMng,41000132,1790914588422,unitMng,unitMng,0
ratio,RATIO,ratio,1,0,kim,2026-09-01 09:00:00,\N,mdm-local-sample,kim,2026-09-01 09:00:00,\N,mdm-local-sample,0
rpm,ROTATION_SPEED,rpm,1,0,dict-candidates,1790837375873,dict-candidates,apply_candidates,dict-candidates,1790837375873,dict-candidates,apply_candidates,0
s,TIME,s,1,0,kim,2026-09-01 09:00:00,\N,mdm-local-sample,kim,2026-09-01 09:00:00,\N,mdm-local-sample,0
ton,MASS,kg,1000,0,kim,2026-09-01 09:00:00,\N,mdm-local-sample,kim,2026-09-01 09:00:00,\N,mdm-local-sample,0
um,LENGTH,mm,0.001,0,kim,2026-09-01 09:00:00,\N,mdm-local-sample,kim,2026-09-01 09:00:00,\N,mdm-local-sample,0
us,TIME,s,1e-06,0,kim,2026-09-01 09:00:00,\N,mdm-local-sample,kim,2026-09-01 09:00:00,\N,mdm-local-sample,0
