MARU_RULE_SET_ID,VER,VER_KIND,STATUS,BASE_VER,OWNER_ID,APPLY_FROM,APPLY_TO,RULE_IDS,FLOW_JSON,CALL_SET_IDS,REQUESTED_BY,REQUESTED_AT,RELEASED_AT,ROW_VERSION,C_USR_ID,C_AT,C_SVC_ID,C_PGM_ID,U_USR_ID,U_AT,U_SVC_ID,U_PGM_ID,AUD_VER
BR2_FLOW_CHECK,1,MAJOR,RELEASED,\N,\N,2000-01-01 00:00:00,2026-10-05 00:00:00,"[""QLTY_GRD_JDG""]","{""version"":1,""nodes"":[{""id"":""start"",""kind"":""START"",""ruleId"":null,""splitId"":null,""label"":null},{""id"":""if1"",""kind"":""IF"",""ruleId"":null,""splitId"":null,""label"":""조건조건""},{""id"":""r4"",""kind"":""TASK"",""ruleId"":null,""splitId"":null,""label"":""빈 단계""},{""id"":""r3"",""kind"":""TASK"",""ruleId"":null,""splitId"":null,""label"":""빈 단계""},{""id"":""r2"",""kind"":""TASK"",""ruleId"":null,""splitId"":null,""label"":""빈 단계""},{""id"":""m1"",""kind"":""MERGE"",""ruleId"":null,""splitId"":""if1"",""label"":null},{""id"":""r1"",""kind"":""RULE"",""ruleId"":""QLTY_GRD_JDG"",""splitId"":null,""label"":null},{""id"":""end"",""kind"":""END"",""ruleId"":null,""splitId"":null,""label"":null}],""edges"":[{""id"":""e1"",""from"":""start"",""to"":""if1"",""order"":null,""cond"":null,""otherwise"":false,""label"":null},{""id"":""e2"",""from"":""if1"",""to"":""r2"",""order"":1,""cond"":""SURF_GRD = \""A\"""",""otherwise"":false,""label"":""갈래 1""},{""id"":""e7"",""from"":""r2"",""to"":""m1"",""order"":null,""cond"":null,""otherwise"":false,""label"":null},{""id"":""e6"",""from"":""if1"",""to"":""r4"",""order"":2,""cond"":""SURF_GRD = \""B\"""",""otherwise"":false,""label"":""갈래 2""},{""id"":""e8"",""from"":""r3"",""to"":""m1"",""order"":null,""cond"":null,""otherwise"":false,""label"":null},{""id"":""e3"",""from"":""if1"",""to"":""r3"",""order"":null,""cond"":null,""otherwise"":true,""label"":""그 외""},{""id"":""e4"",""from"":""m1"",""to"":""r1"",""order"":null,""cond"":null,""otherwise"":false,""label"":null},{""id"":""e5"",""from"":""r1"",""to"":""end"",""order"":null,""cond"":null,""otherwise"":false,""label"":null},{""id"":""e9"",""from"":""r4"",""to"":""m1"",""order"":null,""cond"":null,""otherwise"":false,""label"":null}],""view"":{""positions"":{""r2"":{""x"":544,""y"":286},""r4"":{""x"":272,""y"":252},""r3"":{""x"":0,""y"":286},""if1"":{""x"":300,""y"":82},""m1"":{""x"":374,""y"":400},""r1"":{""x"":272,""y"":474},""end"":{""x"":328,""y"":588},""start"":{""x"":328,""y"":0}},""notes"":[],""groups"":[],""routes"":{""e2"":[{""x"":388,""y"":150},{""x"":660,""y"":150},{""x"":661,""y"":227}],""e6"":[{""x"":388,""y"":211}],""e8"":[{""x"":116,""y"":378},{""x"":252,""y"":378},{""x"":252,""y"":376},{""x"":365,""y"":377},{""x"":388,""y"":376}],""e3"":[{""x"":388,""y"":150},{""x"":120,""y"":150},{""x"":116,""y"":206}]},""labels"":{}}}",[],41000132,2026-10-01 12:53:42,2026-10-01 12:53:42,5,41000132,1790746498041,ruleSetMng,ruleSetMng,41000132,2026-10-02 23:30:02,ruleSetConfirm,ruleSetConfirm,1
BR2_FLOW_CHECK,1.001,MINOR,RELEASED,1,41000132,2026-10-05 00:00:00,9999-12-31 00:00:00,"[""QLTY_GRD_JDG""]","{""version"":1,""nodes"":[{""id"":""start"",""kind"":""START"",""ruleId"":null,""splitId"":null,""label"":null},{""id"":""if1"",""kind"":""IF"",""ruleId"":null,""splitId"":null,""label"":""조건조건""},{""id"":""r4"",""kind"":""TASK"",""ruleId"":null,""splitId"":null,""label"":""빈 단계""},{""id"":""r3"",""kind"":""TASK"",""ruleId"":null,""splitId"":null,""label"":""빈 단계""},{""id"":""r2"",""kind"":""TASK"",""ruleId"":null,""splitId"":null,""label"":""빈 단계""},{""id"":""m1"",""kind"":""MERGE"",""ruleId"":null,""splitId"":""if1"",""label"":null},{""id"":""r1"",""kind"":""RULE"",""ruleId"":""QLTY_GRD_JDG"",""splitId"":null,""label"":null},{""id"":""end"",""kind"":""END"",""ruleId"":null,""splitId"":null,""label"":null}],""edges"":[{""id"":""e1"",""from"":""start"",""to"":""if1"",""order"":null,""cond"":null,""otherwise"":false,""label"":null},{""id"":""e2"",""from"":""if1"",""to"":""r2"",""order"":1,""cond"":""SURF_GRD = \""A\"""",""otherwise"":false,""label"":""갈래 1""},{""id"":""e7"",""from"":""r2"",""to"":""m1"",""order"":null,""cond"":null,""otherwise"":false,""label"":null},{""id"":""e6"",""from"":""if1"",""to"":""r4"",""order"":2,""cond"":""SURF_GRD = \""B\"""",""otherwise"":false,""label"":""갈래 2""},{""id"":""e8"",""from"":""r3"",""to"":""m1"",""order"":null,""cond"":null,""otherwise"":false,""label"":null},{""id"":""e3"",""from"":""if1"",""to"":""r3"",""order"":null,""cond"":null,""otherwise"":true,""label"":""그 외""},{""id"":""e4"",""from"":""m1"",""to"":""r1"",""order"":null,""cond"":null,""otherwise"":false,""label"":null},{""id"":""e5"",""from"":""r1"",""to"":""end"",""order"":null,""cond"":null,""otherwise"":false,""label"":null},{""id"":""e9"",""from"":""r4"",""to"":""m1"",""order"":null,""cond"":null,""otherwise"":false,""label"":null}],""view"":{""positions"":{""r2"":{""x"":544,""y"":286},""r4"":{""x"":272,""y"":252},""r3"":{""x"":0,""y"":286},""if1"":{""x"":300,""y"":82},""m1"":{""x"":374,""y"":400},""r1"":{""x"":272,""y"":474},""end"":{""x"":328,""y"":588},""start"":{""x"":328,""y"":0}},""notes"":[],""groups"":[],""routes"":{""e2"":[{""x"":388,""y"":150},{""x"":660,""y"":150},{""x"":661,""y"":227}],""e6"":[{""x"":388,""y"":211}],""e8"":[{""x"":116,""y"":378},{""x"":252,""y"":378},{""x"":252,""y"":376},{""x"":365,""y"":377},{""x"":388,""y"":376}],""e3"":[{""x"":388,""y"":150},{""x"":120,""y"":150},{""x"":116,""y"":206}]},""labels"":{}}}",[],41000132,2026-10-02 23:30:02,2026-10-02 23:30:02,1,41000132,1790951373745,ruleSetEdit,ruleSetEdit,41000132,2026-10-02 23:30:02,ruleSetConfirm,ruleSetConfirm,1
CHK_SET1,1,MAJOR,DRAFT,\N,CHK_STW,\N,\N,[],\N,[],\N,\N,\N,0,CHK_STW,1791086547311,ruleSetMng,ruleSetMng,CHK_STW,1791086547311,ruleSetMng,ruleSetMng,0
DESIGN_KEY,1,MAJOR,RELEASED,\N,\N,2000-01-01 00:00:00,9999-12-31 00:00:00,"[""COIL_WGT_CALC""]","{""version"":1,""nodes"":[{""id"":""start"",""kind"":""START"",""ruleId"":null,""splitId"":null,""label"":null},{""id"":""r1"",""kind"":""RULE"",""ruleId"":""COIL_WGT_CALC"",""splitId"":null,""label"":""주문단중 에러 체크""},{""id"":""par1"",""kind"":""PARALLEL"",""ruleId"":null,""splitId"":null,""label"":""병렬""},{""id"":""m1"",""kind"":""MERGE"",""ruleId"":null,""splitId"":""par1"",""label"":null},{""id"":""c1"",""kind"":""CATCH"",""ruleId"":null,""splitId"":null,""label"":null,""attachTo"":""r1"",""catches"":[""NO_RESULT""]},{""id"":""r2"",""kind"":""TASK"",""ruleId"":null,""splitId"":null,""label"":""주문에러 체크(정합성 관리)""},{""id"":""r3"",""kind"":""TASK"",""ruleId"":null,""splitId"":null,""label"":""규격약호""},{""id"":""r4"",""kind"":""TASK"",""ruleId"":null,""splitId"":null,""label"":""PLTCM 압연 SET 결정""},{""id"":""r5"",""kind"":""TASK"",""ruleId"":null,""splitId"":null,""label"":""PLTCM S/T값 결정""},{""id"":""r6"",""kind"":""TASK"",""ruleId"":null,""splitId"":null,""label"":""생산가부 체크""},{""id"":""end"",""kind"":""END"",""ruleId"":null,""splitId"":null,""label"":null}],""edges"":[{""id"":""e1"",""from"":""start"",""to"":""r1"",""order"":null,""cond"":null,""otherwise"":false,""label"":null},{""id"":""e2"",""from"":""r1"",""to"":""par1"",""order"":null,""cond"":null,""otherwise"":false,""label"":null},{""id"":""e9"",""from"":""par1"",""to"":""m1"",""order"":1,""cond"":null,""otherwise"":false,""label"":""갈래 1""},{""id"":""e10"",""from"":""par1"",""to"":""r2"",""order"":2,""cond"":null,""otherwise"":false,""label"":""갈래 2""},{""id"":""e14"",""from"":""r2"",""to"":""m1"",""order"":null,""cond"":null,""otherwise"":false,""label"":null},{""id"":""e11"",""from"":""m1"",""to"":""r4"",""order"":null,""cond"":null,""otherwise"":false,""label"":null},{""id"":""e5"",""from"":""r4"",""to"":""r5"",""order"":null,""cond"":null,""otherwise"":false,""label"":null},{""id"":""e6"",""from"":""r5"",""to"":""r6"",""order"":null,""cond"":null,""otherwise"":false,""label"":null},{""id"":""e7"",""from"":""r6"",""to"":""end"",""order"":null,""cond"":null,""otherwise"":false,""label"":null},{""id"":""e8"",""from"":""c1"",""to"":""r3"",""order"":null,""cond"":null,""otherwise"":false,""label"":null},{""id"":""e3"",""from"":""r3"",""to"":""end"",""order"":null,""cond"":null,""otherwise"":false,""label"":null}],""view"":{""positions"":{""r1"":{""x"":128,""y"":82},""r2"":{""x"":264,""y"":310},""start"":{""x"":184,""y"":0},""r3"":{""x"":536,""y"":196},""r4"":{""x"":128,""y"":484},""r5"":{""x"":128,""y"":598},""r6"":{""x"":128,""y"":712},""end"":{""x"":184,""y"":826},""par1"":{""x"":144,""y"":223},""m1"":{""x"":144,""y"":424}},""notes"":[{""id"":""n1"",""text"":""### 안녕\n\n- 그건 뭐야?\n\n\n1. ㅇㅇㅇ"",""x"":816,""y"":172,""w"":210,""h"":252,""attach"":null}],""groups"":[{""id"":""g1"",""title"":""그룹"",""nodeIds"":[""par1"",""m1"",""r2""],""pad"":{""l"":168,""t"":45,""r"":242,""b"":118}}],""routes"":{""e3"":[{""x"":652,""y"":802},{""x"":244,""y"":802}]},""labels"":{},""styles"":{""r1"":{""color"":""red""}},""catchSpots"":{""c1"":{""side"":""right"",""at"":34}}}}",[],41000132,2026-10-02 13:37:42,2026-10-02 13:37:42,104,41000132,1790826576774,ruleSetMng,ruleSetMng,41000132,2026-10-02 13:37:42,ruleSetEdit,ruleSetEdit,0
DESIGN_KEY,1.001,MINOR,DRAFT,1,41000132,\N,\N,"[""COIL_WGT_CALC""]","{""version"":1,""nodes"":[{""id"":""start"",""kind"":""START"",""ruleId"":null,""splitId"":null,""label"":null},{""id"":""r1"",""kind"":""RULE"",""ruleId"":""COIL_WGT_CALC"",""splitId"":null,""label"":""주문단중 에러 체크""},{""id"":""par1"",""kind"":""PARALLEL"",""ruleId"":null,""splitId"":null,""label"":""병렬""},{""id"":""m1"",""kind"":""MERGE"",""ruleId"":null,""splitId"":""par1"",""label"":null},{""id"":""c1"",""kind"":""CATCH"",""ruleId"":null,""splitId"":null,""label"":null,""attachTo"":""r1"",""catches"":[""NO_RESULT""]},{""id"":""r2"",""kind"":""TASK"",""ruleId"":null,""splitId"":null,""label"":""주문에러 체크(정합성 관리)""},{""id"":""r3"",""kind"":""TASK"",""ruleId"":null,""splitId"":null,""label"":""규격약호""},{""id"":""r4"",""kind"":""TASK"",""ruleId"":null,""splitId"":null,""label"":""PLTCM 압연 SET 결정""},{""id"":""r5"",""kind"":""TASK"",""ruleId"":null,""splitId"":null,""label"":""PLTCM S/T값 결정""},{""id"":""r6"",""kind"":""TASK"",""ruleId"":null,""splitId"":null,""label"":""생산가부 체크""},{""id"":""end"",""kind"":""END"",""ruleId"":null,""splitId"":null,""label"":null}],""edges"":[{""id"":""e1"",""from"":""start"",""to"":""r1"",""order"":null,""cond"":null,""otherwise"":false,""label"":null},{""id"":""e2"",""from"":""r1"",""to"":""par1"",""order"":null,""cond"":null,""otherwise"":false,""label"":null},{""id"":""e9"",""from"":""par1"",""to"":""m1"",""order"":1,""cond"":null,""otherwise"":false,""label"":""갈래 1""},{""id"":""e10"",""from"":""par1"",""to"":""r2"",""order"":2,""cond"":null,""otherwise"":false,""label"":""갈래 2""},{""id"":""e14"",""from"":""r2"",""to"":""m1"",""order"":null,""cond"":null,""otherwise"":false,""label"":null},{""id"":""e11"",""from"":""m1"",""to"":""r4"",""order"":null,""cond"":null,""otherwise"":false,""label"":null},{""id"":""e5"",""from"":""r4"",""to"":""r5"",""order"":null,""cond"":null,""otherwise"":false,""label"":null},{""id"":""e6"",""from"":""r5"",""to"":""r6"",""order"":null,""cond"":null,""otherwise"":false,""label"":null},{""id"":""e7"",""from"":""r6"",""to"":""end"",""order"":null,""cond"":null,""otherwise"":false,""label"":null},{""id"":""e8"",""from"":""c1"",""to"":""r3"",""order"":null,""cond"":null,""otherwise"":false,""label"":null},{""id"":""e3"",""from"":""r3"",""to"":""end"",""order"":null,""cond"":null,""otherwise"":false,""label"":null}],""view"":{""positions"":{""r1"":{""x"":128,""y"":82},""r2"":{""x"":264,""y"":581},""start"":{""x"":184,""y"":0},""r3"":{""x"":536,""y"":196},""r4"":{""x"":128,""y"":755},""r5"":{""x"":128,""y"":869},""r6"":{""x"":128,""y"":983},""end"":{""x"":184,""y"":1097},""par1"":{""x"":144,""y"":223},""m1"":{""x"":144,""y"":695}},""notes"":[{""id"":""n1"",""text"":""### 안녕\n\n- 그건 뭐야?\n\n\n1. ㅇㅇㅇ"",""x"":816,""y"":172,""w"":210,""h"":252,""attach"":null}],""groups"":[{""id"":""g1"",""title"":""그룹"",""nodeIds"":[""par1"",""m1"",""r2""],""pad"":{""l"":168,""t"":45,""r"":242,""b"":118}}],""routes"":{""e3"":[{""x"":652,""y"":1073},{""x"":244,""y"":1073}]},""labels"":{},""styles"":{""r1"":{""color"":""red""}},""catchSpots"":{""c1"":{""side"":""right"",""at"":34}}}}",[],\N,\N,\N,5,41000132,1791017065649,ruleSetEdit,ruleSetEdit,41000132,2026-10-06 08:47:35,ruleSetEdit,ruleSetEdit,10
LINE_WIDTH_SHRINKAGE,1,MAJOR,RELEASED,\N,\N,2000-01-01 00:00:00,9999-12-31 00:00:00,[],"{""version"":1,""nodes"":[{""id"":""start"",""kind"":""START"",""ruleId"":null,""splitId"":null,""label"":null},{""id"":""r1"",""kind"":""TASK"",""ruleId"":null,""splitId"":null,""label"":""PLTCM 폭수축""},{""id"":""r2"",""kind"":""TASK"",""ruleId"":null,""splitId"":null,""label"":""EGL 폭수축""},{""id"":""r3"",""kind"":""TASK"",""ruleId"":null,""splitId"":null,""label"":""CGL 폭수축""},{""id"":""r4"",""kind"":""TASK"",""ruleId"":null,""splitId"":null,""label"":""CCL 폭수축""},{""id"":""r5"",""kind"":""TASK"",""ruleId"":null,""splitId"":null,""label"":""가공공장 폭수축""},{""id"":""end"",""kind"":""END"",""ruleId"":null,""splitId"":null,""label"":null}],""edges"":[{""id"":""e1"",""from"":""start"",""to"":""r1"",""order"":null,""cond"":null,""otherwise"":false,""label"":null},{""id"":""e2"",""from"":""r1"",""to"":""r2"",""order"":null,""cond"":null,""otherwise"":false,""label"":null},{""id"":""e3"",""from"":""r2"",""to"":""r3"",""order"":null,""cond"":null,""otherwise"":false,""label"":null},{""id"":""e4"",""from"":""r3"",""to"":""r4"",""order"":null,""cond"":null,""otherwise"":false,""label"":null},{""id"":""e5"",""from"":""r4"",""to"":""r5"",""order"":null,""cond"":null,""otherwise"":false,""label"":null},{""id"":""e6"",""from"":""r5"",""to"":""end"",""order"":null,""cond"":null,""otherwise"":false,""label"":null}],""view"":{""positions"":{},""notes"":[],""groups"":[],""routes"":{},""labels"":{}}}",[],41000132,2026-10-01 16:08:26,2026-10-01 16:08:26,4,41000132,1790837251959,ruleSetMng,ruleSetMng,41000132,2026-10-01 16:08:26,ruleSetEdit,ruleSetEdit,0
LS_A3,1,MAJOR,RELEASED,\N,\N,2000-01-01 00:00:00,9999-12-31 00:00:00,"[""BASE_SPD_LKP"",""SPD_EXC"",""SPD_JOIN""]",\N,[],kim,2026-08-26 10:00:00,2026-08-26 10:00:00,2,kim,2026-08-26 10:00:00,\N,mdm-local-sample,41000132,2026-10-03 01:59:48,ruleSetEdit,ruleSetEdit,2
LS_A3,2,MAJOR,DRAFT,1,41000132,\N,\N,"[""BASE_SPD_LKP"",""SPD_EXC"",""SPD_JOIN""]","{""version"":1,""nodes"":[{""id"":""start"",""kind"":""START"",""ruleId"":null,""splitId"":null,""label"":null},{""id"":""r1"",""kind"":""RULE"",""ruleId"":""BASE_SPD_LKP"",""splitId"":null,""label"":null},{""id"":""r2"",""kind"":""RULE"",""ruleId"":""SPD_EXC"",""splitId"":null,""label"":null},{""id"":""r4"",""kind"":""TASK"",""ruleId"":null,""splitId"":null,""label"":""빈 단계""},{""id"":""s1"",""kind"":""SET"",""ruleId"":null,""splitId"":null,""label"":null,""setId"":""QG_A1""},{""id"":""r3"",""kind"":""RULE"",""ruleId"":""SPD_JOIN"",""splitId"":null,""label"":null},{""id"":""end"",""kind"":""END"",""ruleId"":null,""splitId"":null,""label"":null}],""edges"":[{""id"":""e1"",""from"":""start"",""to"":""r1"",""order"":null,""cond"":null,""otherwise"":false,""label"":null},{""id"":""e2"",""from"":""r1"",""to"":""r2"",""order"":null,""cond"":null,""otherwise"":false,""label"":null},{""id"":""e3"",""from"":""r2"",""to"":""r4"",""order"":null,""cond"":null,""otherwise"":false,""label"":null},{""id"":""e5"",""from"":""r4"",""to"":""s1"",""order"":null,""cond"":null,""otherwise"":false,""label"":null},{""id"":""e4"",""from"":""s1"",""to"":""r3"",""order"":null,""cond"":null,""otherwise"":false,""label"":null},{""id"":""e6"",""from"":""r3"",""to"":""end"",""order"":null,""cond"":null,""otherwise"":false,""label"":null}],""view"":{""positions"":{""start"":{""x"":56,""y"":0},""r1"":{""x"":0,""y"":82},""r2"":{""x"":0,""y"":196},""r3"":{""x"":0,""y"":583},""end"":{""x"":56,""y"":697},""r4"":{""x"":0,""y"":310},""s1"":{""x"":0,""y"":424}},""notes"":[],""groups"":[],""routes"":{},""labels"":{}}}","[""QG_A1""]",41000132,2026-10-03 01:59:31,2026-10-03 01:59:31,10,41000132,1790960255153,ruleSetEdit,ruleSetEdit,41000132,2026-10-06 08:23:30,ruleSetEdit,ruleSetEdit,18
M47_COAT_WT,1,MAJOR,RELEASED,\N,\N,2000-01-01 00:00:00,9999-12-31 00:00:00,"[""M47C0007"",""M47C0006""]","{""version"":1,""nodes"":[{""id"":""start"",""kind"":""START"",""ruleId"":null,""splitId"":null,""label"":null},{""id"":""r1"",""kind"":""RULE"",""ruleId"":""M47C0007"",""splitId"":null,""label"":null},{""id"":""r2"",""kind"":""RULE"",""ruleId"":""M47C0006"",""splitId"":null,""label"":null},{""id"":""end"",""kind"":""END"",""ruleId"":null,""splitId"":null,""label"":null}],""edges"":[{""id"":""e1"",""from"":""start"",""to"":""r1"",""order"":null,""cond"":null,""otherwise"":false,""label"":null},{""id"":""e2"",""from"":""r1"",""to"":""r2"",""order"":null,""cond"":null,""otherwise"":false,""label"":null},{""id"":""e3"",""from"":""r2"",""to"":""end"",""order"":null,""cond"":null,""otherwise"":false,""label"":null}],""view"":{""positions"":{""start"":{""x"":56,""y"":0},""r1"":{""x"":0,""y"":82},""r2"":{""x"":0,""y"":196},""end"":{""x"":56,""y"":310}},""notes"":[],""groups"":[],""routes"":{},""labels"":{}}}",[],kim,2026-10-06 16:00:00,2026-10-06 16:00:00,1,kim,2026-10-06 16:00:00,\N,mdm-local-sample,kim,2026-10-06 16:00:00,\N,mdm-local-sample,0
M47_COAT_WT,1.001,MINOR,DRAFT,1,41000132,\N,\N,"[""M47C0007"",""M47C0006""]","{""version"":1,""nodes"":[{""id"":""start"",""kind"":""START"",""ruleId"":null,""splitId"":null,""label"":null},{""id"":""r1"",""kind"":""RULE"",""ruleId"":""M47C0007"",""splitId"":null,""label"":null},{""id"":""r2"",""kind"":""RULE"",""ruleId"":""M47C0006"",""splitId"":null,""label"":null},{""id"":""end"",""kind"":""END"",""ruleId"":null,""splitId"":null,""label"":null}],""edges"":[{""id"":""e1"",""from"":""start"",""to"":""r1"",""order"":null,""cond"":null,""otherwise"":false,""label"":null},{""id"":""e2"",""from"":""r1"",""to"":""r2"",""order"":null,""cond"":null,""otherwise"":false,""label"":null},{""id"":""e3"",""from"":""r2"",""to"":""end"",""order"":null,""cond"":null,""otherwise"":false,""label"":null}],""view"":{""positions"":{""start"":{""x"":56,""y"":0},""r1"":{""x"":0,""y"":82},""r2"":{""x"":0,""y"":196},""end"":{""x"":56,""y"":310}},""notes"":[],""groups"":[],""routes"":{},""labels"":{}}}",[],\N,\N,\N,0,41000132,1791322953565,ruleSetEdit,ruleSetEdit,41000132,1791322953565,ruleSetEdit,ruleSetEdit,0
PACK_TYPE_SET,1,MAJOR,RELEASED,\N,\N,2000-01-01 00:00:00,9999-12-31 00:00:00,"[""UNIT_WID_WGT_CALC"",""PACK_TYPE_LKP""]",\N,[],kim,2026-09-28 10:00:00,2026-09-28 10:00:00,0,kim,2026-09-28 10:00:00,\N,mdm-local-sample,kim,2026-09-28 10:00:00,\N,mdm-local-sample,0
PKG_WGT,1,MAJOR,RELEASED,\N,\N,2000-01-01 00:00:00,9999-12-31 00:00:00,"[""PROD_WGT_CALC"",""PACK_WGT_CALC""]",\N,[],kim,2026-09-27 10:00:00,2026-09-27 10:00:00,0,kim,2026-09-27 10:00:00,\N,mdm-local-sample,kim,2026-09-27 10:00:00,\N,mdm-local-sample,0
QG_A1,1,MAJOR,RELEASED,\N,\N,2000-01-01 00:00:00,9999-12-31 00:00:00,"[""QLTY_GRD_JDG"",""QLTY_SURCHG""]",\N,[],kim,2026-08-26 10:00:00,2026-08-26 10:00:00,1,kim,2026-08-26 10:00:00,\N,mdm-local-sample,kim,2026-08-26 10:00:00,\N,mdm-local-sample,0
WID_OLD,1,MAJOR,RELEASED,\N,\N,2000-01-01 00:00:00,9999-12-31 00:00:00,"[""WID_CHK""]",\N,[],kim,2026-08-10 10:00:00,2026-08-10 10:00:00,3,kim,2026-08-10 10:00:00,\N,mdm-local-sample,kim,2026-08-10 10:00:00,\N,mdm-local-sample,0
ZZ_BROWSER_CHECK_1,1,MAJOR,RELEASED,\N,\N,2000-01-01 00:00:00,9999-12-31 00:00:00,"[""BASE_SPD_LKP""]","{""version"":1,""nodes"":[{""id"":""start"",""kind"":""START"",""ruleId"":null,""splitId"":null,""label"":null},{""id"":""r1"",""kind"":""RULE"",""ruleId"":""BASE_SPD_LKP"",""splitId"":null,""label"":null},{""id"":""if1"",""kind"":""PARALLEL"",""ruleId"":null,""splitId"":null,""label"":""병렬""},{""id"":""r2"",""kind"":""TASK"",""ruleId"":null,""splitId"":null,""label"":""빈 단계""},{""id"":""m2"",""kind"":""MERGE"",""ruleId"":null,""splitId"":""if1"",""label"":null},{""id"":""m1"",""kind"":""TASK"",""ruleId"":null,""splitId"":null,""label"":""빈 단계""},{""id"":""end"",""kind"":""END"",""ruleId"":null,""splitId"":null,""label"":null}],""edges"":[{""id"":""e1"",""from"":""start"",""to"":""r1"",""order"":null,""cond"":null,""otherwise"":false,""label"":null},{""id"":""e2"",""from"":""r1"",""to"":""if1"",""order"":null,""cond"":null,""otherwise"":false,""label"":null},{""id"":""e3"",""from"":""if1"",""to"":""r2"",""order"":1,""cond"":null,""otherwise"":false,""label"":""갈래 1""},{""id"":""e6"",""from"":""r2"",""to"":""m2"",""order"":null,""cond"":null,""otherwise"":false,""label"":null},{""id"":""e4"",""from"":""if1"",""to"":""m2"",""order"":2,""cond"":null,""otherwise"":false,""label"":""갈래 2""},{""id"":""e7"",""from"":""m2"",""to"":""m1"",""order"":null,""cond"":null,""otherwise"":false,""label"":null},{""id"":""e5"",""from"":""m1"",""to"":""end"",""order"":null,""cond"":null,""otherwise"":false,""label"":null}],""view"":{""positions"":{},""notes"":[],""groups"":[],""routes"":{},""labels"":{},""descs"":{""r1"":""기본 L/S 를 조회한다\n두께·수지·면으로 찾는다""}}}",[],41000132,2026-10-02 08:06:20,2026-10-02 08:06:20,5,41000132,1790772878779,ruleSetMng,ruleSetMng,41000132,2026-10-02 23:14:16,ruleSetEdit,ruleSetEdit,2
ZZ_CATCH_CHECK_1,1,MAJOR,RELEASED,\N,\N,2000-01-01 00:00:00,9999-12-31 00:00:00,"[""BASE_SPD_LKP"",""WID_CHK""]","{""version"":1,""nodes"":[{""id"":""start"",""kind"":""START"",""ruleId"":null,""splitId"":null,""label"":null},{""id"":""r1"",""kind"":""RULE"",""ruleId"":""BASE_SPD_LKP"",""splitId"":null,""label"":null},{""id"":""c1"",""kind"":""CATCH"",""ruleId"":null,""splitId"":null,""label"":null,""attachTo"":""r1"",""catches"":[""NO_RESULT""]},{""id"":""c2"",""kind"":""CATCH"",""ruleId"":null,""splitId"":null,""label"":null,""attachTo"":""r1"",""catches"":[""INPUT_ERROR""]},{""id"":""c3"",""kind"":""CATCH"",""ruleId"":null,""splitId"":null,""label"":null,""attachTo"":""r1"",""catches"":[""EVAL_ERROR""]},{""id"":""c4"",""kind"":""CATCH"",""ruleId"":null,""splitId"":null,""label"":null,""attachTo"":""r1"",""catches"":[""HIT_CONFLICT""]},{""id"":""r3"",""kind"":""TASK"",""ruleId"":null,""splitId"":null,""label"":""빈 단계""},{""id"":""m1"",""kind"":""MERGE"",""ruleId"":null,""splitId"":""r1"",""label"":null},{""id"":""r2"",""kind"":""RULE"",""ruleId"":""WID_CHK"",""splitId"":null,""label"":null},{""id"":""end"",""kind"":""END"",""ruleId"":null,""splitId"":null,""label"":null}],""edges"":[{""id"":""e1"",""from"":""start"",""to"":""r1"",""order"":null,""cond"":null,""otherwise"":false,""label"":null},{""id"":""e2"",""from"":""r1"",""to"":""m1"",""order"":null,""cond"":null,""otherwise"":false,""label"":null},{""id"":""e4"",""from"":""m1"",""to"":""r2"",""order"":null,""cond"":null,""otherwise"":false,""label"":null},{""id"":""e7"",""from"":""r2"",""to"":""end"",""order"":null,""cond"":null,""otherwise"":false,""label"":null},{""id"":""e3"",""from"":""c1"",""to"":""m1"",""order"":null,""cond"":null,""otherwise"":false,""label"":null},{""id"":""e5"",""from"":""c2"",""to"":""r3"",""order"":null,""cond"":null,""otherwise"":false,""label"":null},{""id"":""e6"",""from"":""r3"",""to"":""m1"",""order"":null,""cond"":null,""otherwise"":false,""label"":null},{""id"":""e8"",""from"":""c3"",""to"":""end"",""order"":null,""cond"":null,""otherwise"":false,""label"":null},{""id"":""e9"",""from"":""c4"",""to"":""end"",""order"":null,""cond"":null,""otherwise"":false,""label"":null}],""view"":{""positions"":{""start"":{""x"":129,""y"":0},""r1"":{""x"":73,""y"":82},""r2"":{""x"":73,""y"":384},""end"":{""x"":129,""y"":498},""r3"":{""x"":479,""y"":116},""m1"":{""x"":175,""y"":310}},""notes"":[],""groups"":[],""routes"":{""e3"":[{""x"":103,""y"":237},{""x"":78,""y"":237},{""x"":78,""y"":286},{""x"":189,""y"":286}],""e6"":[{""x"":595,""y"":257},{""x"":189,""y"":257}],""e9"":[{""x"":211,""y"":187},{""x"":714,""y"":187},{""x"":714,""y"":474},{""x"":189,""y"":474}]},""labels"":{}}}",[],41000132,2026-10-02 01:28:29,2026-10-02 01:28:29,36,41000132,1790866916507,ruleSetMng,ruleSetMng,41000132,2026-10-02 01:28:29,ruleSetEdit,ruleSetEdit,0
