MARU_CODE_ID,VER,VER_KIND,RESTORED_FROM,STATUS,OWNER_ID,APPLY_FROM,APPLY_TO,DESCRIPTION,REQUESTED_BY,REQUESTED_AT,EMERGENCY_YN,EMERGENCY_REASON,APPROVED_BY,APPROVED_AT,REJECT_REASON,RELEASED_AT,CANCELLED_AT,CANCEL_REASON,ROW_VERSION,C_USR_ID,C_AT,C_SVC_ID,C_PGM_ID,U_USR_ID,U_AT,U_SVC_ID,U_PGM_ID,AUD_VER
CHK_CD1,1,MAJOR,\N,DRAFT,CHK_STW,\N,\N,\N,\N,\N,N,\N,\N,\N,\N,\N,\N,\N,3,CHK_STW,1791082989324,codeMng,codeMng,CHK_STW,2026-10-04 12:10:38,codeItemEdit,codeItemEdit,3
E2E_USR_CD,1,MAJOR,\N,RELEASED,E2E_USR_STW,2026-09-28 00:00:00,9999-12-31 00:00:00,\N,E2E_USR_STW,2026-10-04 11:00:59,N,\N,\N,\N,\N,2026-10-04 11:00:59,\N,\N,13,E2E_USR_STW,1791079209242,codeMng,codeMng,E2E_USR_STW,2026-10-04 11:00:59,codeConfirm,codeConfirm,13
E2E_USR_DEL,1,MAJOR,\N,RELEASED,E2E_USR_STW,2026-10-01 00:00:00,9999-12-31 00:00:00,\N,E2E_USR_STW,2026-10-04 11:02:16,N,\N,\N,\N,\N,2026-10-04 11:02:16,\N,\N,2,E2E_USR_STW,1791079333087,codeMng,codeMng,E2E_USR_STW,2026-10-04 11:02:16,codeConfirm,codeConfirm,2
E2E_USR_DEL,1.001,MINOR,\N,DRAFT,E2E_USR_STW,\N,\N,\N,\N,\N,N,\N,\N,\N,\N,\N,\N,\N,0,E2E_USR_STW,1791079339215,codeEdit,codeEdit,E2E_USR_STW,1791079339215,codeEdit,codeEdit,0
E2E_USR_HND,1,MAJOR,\N,DRAFT,E2E_USR_STW,\N,\N,\N,\N,\N,N,\N,\N,\N,\N,\N,\N,\N,0,E2E_USR_STW,1791079304296,codeMng,codeMng,E2E_USR_STW,1791079304296,codeMng,codeMng,0
E2E_USR_ISS,1,MAJOR,\N,DRAFT,E2E_USR_STW,\N,\N,\N,\N,\N,N,\N,\N,\N,\N,\N,\N,\N,0,E2E_USR_STW,1791079350271,codeMng,codeMng,E2E_USR_STW,1791079350271,codeMng,codeMng,0
E2E_USR_LK1,1,MAJOR,\N,DRAFT,E2E_USR_STW,\N,\N,\N,\N,\N,N,\N,\N,\N,\N,\N,\N,\N,0,E2E_USR_STW,1791079287942,codeMng,codeMng,E2E_USR_STW,1791079287942,codeMng,codeMng,0
E2E_USR_LK2,1,MAJOR,\N,DRAFT,E2E_USR_STW,\N,\N,\N,\N,\N,N,\N,\N,\N,\N,\N,\N,\N,0,E2E_USR_STW,1791079294154,codeMng,codeMng,E2E_USR_STW,1791079294154,codeMng,codeMng,0
E2E_USR_LK3,1,MAJOR,\N,DRAFT,E2E_USR_STW,\N,\N,\N,\N,\N,N,\N,\N,\N,\N,\N,\N,\N,0,E2E_USR_STW,1791079299610,codeMng,codeMng,E2E_USR_STW,1791079299610,codeMng,codeMng,0
E2E_USR_RGXINV,1,MAJOR,\N,DRAFT,E2E_USR_STW,\N,\N,\N,\N,\N,N,\N,\N,\N,\N,\N,\N,\N,0,E2E_USR_STW,1791079345240,codeMng,codeMng,E2E_USR_STW,1791079345240,codeMng,codeMng,0
E2E_USR_RO,1,MAJOR,\N,DRAFT,E2E_USR_STW,\N,\N,\N,\N,\N,N,\N,\N,\N,\N,\N,\N,\N,0,E2E_USR_STW,1791079357945,codeMng,codeMng,E2E_USR_STW,1791079357945,codeMng,codeMng,0
E2E_USR_SEQ,1,MAJOR,\N,DRAFT,E2E_USR_STW,\N,\N,\N,\N,\N,N,\N,\N,\N,\N,\N,\N,\N,1,E2E_USR_STW,1791079322106,codeMng,codeMng,E2E_USR_STW,2026-10-04 11:02:04,codeItemEdit,codeItemEdit,1
E2E_USR_UND,1,MAJOR,\N,DRAFT,E2E_USR_STW,\N,\N,\N,\N,\N,N,\N,\N,\N,\N,\N,\N,\N,1,E2E_USR_STW,1791079327829,codeMng,codeMng,E2E_USR_STW,2026-10-04 11:02:09,codeItemEdit,codeItemEdit,1
EQP_CD,1,MAJOR,\N,RELEASED,\N,2026-08-01 00:00:00,2026-09-01 00:00:00,원천 MES 요청 1,\N,\N,N,\N,\N,\N,\N,2026-07-28 09:00:01,\N,\N,1,park,2026-07-28 09:00:00,\N,mdm-local-sample,park,2026-07-28 09:00:00,\N,mdm-local-sample,0
EQP_CD,2,MAJOR,\N,RELEASED,\N,2026-09-01 00:00:00,9999-12-31 00:00:00,원천 MES 요청 3 — 설비 3기 추가,\N,\N,N,\N,\N,\N,\N,2026-08-28 09:00:01,\N,\N,0,park,2026-08-28 09:00:00,\N,mdm-local-sample,park,2026-08-28 09:00:00,\N,mdm-local-sample,0
LINE_CD,1,MAJOR,\N,RELEASED,\N,2026-10-01 00:00:00,9999-12-31 00:00:00,최초 생성,kim,2026-09-15 10:00:00,N,\N,park,2026-09-16 10:00:00,\N,2026-09-18 10:00:00,\N,\N,3,park,2026-09-10 10:00:00,\N,mdm-local-sample,park,2026-09-10 10:00:00,\N,mdm-local-sample,0
PROC_CD,1,MAJOR,\N,RELEASED,\N,2024-01-01 00:00:00,2026-07-01 00:00:00,최초 생성,kim,2023-12-18 10:00:00,N,\N,park,2023-12-19 15:00:00,\N,2023-12-20 10:00:00,\N,\N,3,park,2023-12-15 10:00:00,\N,mdm-local-sample,park,2023-12-15 10:00:00,\N,mdm-local-sample,0
PROC_CD,1.001,MINOR,\N,RELEASED,\N,2026-07-01 00:00:00,2026-09-28 21:46:06,냉연 라인 2기 추가,kim,2026-06-18 10:00:00,N,\N,park,2026-06-19 15:00:00,\N,2026-06-21 10:00:00,\N,\N,3,park,2026-06-15 10:00:00,\N,mdm-local-sample,41000132,2026-09-28 21:46:17,codeConfirm,codeConfirm,1
PROC_CD,2,MAJOR,\N,RELEASED,41000132,2026-09-28 21:46:06,9999-12-31 00:00:00,"도금 라인 4·5기 추가(84, 85), 82 약칭 수정",41000132,2026-09-28 21:46:17,N,\N,\N,\N,\N,2026-09-28 21:46:17,\N,\N,17,kim,2026-09-15 10:00:00,\N,mdm-local-sample,41000132,2026-09-28 22:05:28,codeEdit,codeEdit,12
PROC_CD,2.001,MINOR,2,DRAFT,41000132,\N,\N,\N,41000132,2026-09-28 21:52:16,N,\N,\N,\N,\N,2026-09-28 21:52:16,\N,\N,22,41000132,1790599616468,codeEdit,codeEdit,41000132,2026-09-30 18:57:06,codeItemEdit,codeItemEdit,22
STEEL_STD,1,MAJOR,\N,RELEASED,\N,2026-01-01 00:00:00,9999-12-31 00:00:00,최초 생성,lee,2025-12-15 10:00:00,N,\N,park,2025-12-16 15:00:00,\N,2025-12-20 10:00:00,\N,\N,3,park,2025-12-10 10:00:00,\N,mdm-local-sample,park,2025-12-10 10:00:00,\N,mdm-local-sample,0
STEEL_STD,1.001,MINOR,\N,DRAFT,41000132,\N,\N,KS-3 규격 추가 준비,\N,\N,N,\N,\N,\N,\N,\N,\N,\N,2,lee,2026-09-18 10:00:00,\N,mdm-local-sample,41000132,2026-09-30 13:58:52,codeEdit,codeEdit,2
SURF_GRD,1,MAJOR,\N,RELEASED,\N,2026-08-10 00:00:00,2026-09-30 00:00:00,최초 생성,kim,2026-08-03 10:00:00,N,\N,park,2026-08-04 10:00:00,\N,2026-08-05 10:00:00,\N,\N,3,park,2026-08-01 10:00:00,\N,mdm-local-sample,41000132,2026-09-28 19:57:08,codeConfirm,codeConfirm,1
SURF_GRD,1.001,MINOR,1,RELEASED,41000132,2026-09-30 00:00:00,9999-12-31 00:00:00,\N,41000132,2026-09-28 19:57:08,N,\N,\N,\N,\N,2026-09-28 19:57:08,\N,\N,2,41000132,1790592795561,codeEdit,codeEdit,41000132,2026-09-28 19:57:08,codeConfirm,codeConfirm,2
