LAYOUT_ID,VER,SEQ,FILL_KIND,COLUMN_PHYS,TRANS_UNIT,UNIT_ITEM,NUM_FORMAT,DEFAULT_VALUE,FILLER_LENGTH,OFFSET,LENGTH,DATA_TYPE,UNIT_CODE,SCALE,PINNED_YN,C_USR_ID,C_AT,C_SVC_ID,C_PGM_ID,U_USR_ID,U_AT,U_SVC_ID,U_PGM_ID,AUD_VER
100,1,1,AUTO,TC_CD,\N,\N,\N,LAYOUT_ID,\N,0,8,STRING,\N,\N,Y,admin,1790418792659,headerMng,headerMng,admin,1790418792659,headerMng,headerMng,0
100,1,2,CONST,SND_FAC_TP,\N,\N,\N,B0,\N,8,4,STRING,\N,\N,Y,admin,1790418792659,headerMng,headerMng,admin,1790418792659,headerMng,headerMng,0
100,1,3,CONST,SND_PROC_TP,\N,\N,\N,L2,\N,12,3,STRING,\N,\N,Y,admin,1790418792659,headerMng,headerMng,admin,1790418792659,headerMng,headerMng,0
100,1,4,CONST,RCV_FAC_TP,\N,\N,\N,B1,\N,15,4,STRING,\N,\N,Y,admin,1790418792660,headerMng,headerMng,admin,1790418792660,headerMng,headerMng,0
100,1,5,CONST,RCV_PROC_TP,\N,\N,\N,MES,\N,19,3,STRING,\N,\N,Y,admin,1790418792660,headerMng,headerMng,admin,1790418792660,headerMng,headerMng,0
100,1,6,AUTO,SNT_SND_HRP,\N,\N,\N,SEND_TIME,\N,22,14,STRING,\N,\N,Y,admin,1790418792660,headerMng,headerMng,admin,1790418792660,headerMng,headerMng,0
100,1,7,CONST,SND_PGM_ID,\N,\N,\N,L2IFSND,\N,36,14,STRING,\N,\N,Y,admin,1790418792661,headerMng,headerMng,admin,1790418792661,headerMng,headerMng,0
100,1,8,CONST,EAI_IF_ID,\N,\N,\N,\N,\N,50,12,STRING,\N,\N,Y,admin,1790418792661,headerMng,headerMng,admin,1790418792661,headerMng,headerMng,0
100,1,9,CONST,SNT_TP,\N,\N,\N,S,\N,62,1,STRING,\N,\N,Y,admin,1790418792662,headerMng,headerMng,admin,1790418792662,headerMng,headerMng,0
100,1,10,AUTO,SNT_ORD,\N,\N,\N,SEQ,\N,63,5,NUMBER,EA,0,Y,admin,1790418792662,headerMng,headerMng,admin,1790418792662,headerMng,headerMng,0
100,1,11,CONST,IF_DATA_NTR,\N,\N,\N,I,\N,68,1,STRING,\N,\N,Y,admin,1790418792662,headerMng,headerMng,admin,1790418792662,headerMng,headerMng,0
100,1,12,AUTO,SNT_LTH,\N,\N,\N,MSG_LENGTH,\N,69,6,NUMBER,EA,0,Y,admin,1790418792663,headerMng,headerMng,admin,1790418792663,headerMng,headerMng,0
100,1,13,FILLER,\N,\N,\N,\N,\N,25,75,25,\N,\N,\N,Y,admin,1790418792663,headerMng,headerMng,admin,1790418792663,headerMng,headerMng,0
110,1,1,CONST,LINE_CODE,\N,\N,\N,B1,\N,0,2,STRING,\N,\N,Y,kim,2026-09-10 14:05:00,\N,mdm-local-sample,kim,2026-09-10 14:05:00,\N,mdm-local-sample,0
110,1,2,AUTO,SEQUENCE_NO,\N,\N,\N,SEQ,\N,2,4,NUMBER,EA,0,Y,kim,2026-09-10 14:05:00,\N,mdm-local-sample,kim,2026-09-10 14:05:00,\N,mdm-local-sample,0
110,1,3,AUTO,LENGTH,\N,\N,\N,MSG_LENGTH,\N,6,5,NUMBER,EA,0,Y,kim,2026-09-10 14:05:00,\N,mdm-local-sample,kim,2026-09-10 14:05:00,\N,mdm-local-sample,0
110,1,4,AUTO,DATE,\N,\N,\N,SEND_TIME,\N,11,8,STRING,\N,\N,Y,kim,2026-09-10 14:05:00,\N,mdm-local-sample,kim,2026-09-10 14:05:00,\N,mdm-local-sample,0
110,1,5,AUTO,TIME,\N,\N,\N,SEND_TIME,\N,19,6,STRING,\N,\N,Y,kim,2026-09-10 14:05:00,\N,mdm-local-sample,kim,2026-09-10 14:05:00,\N,mdm-local-sample,0
110,1,6,FILLER,\N,\N,\N,\N,\N,5,25,5,\N,\N,\N,Y,kim,2026-09-10 14:05:00,\N,mdm-local-sample,kim,2026-09-10 14:05:00,\N,mdm-local-sample,0
200,1,1,CONST,IF_ID,\N,\N,\N,SI_MES_COIL_WGT,\N,0,20,STRING,\N,\N,Y,kim,2026-09-10 14:05:00,\N,mdm-local-sample,kim,2026-09-10 14:05:00,\N,mdm-local-sample,0
200,1,2,CONST,SND_SYS,\N,\N,\N,MES,\N,20,10,STRING,\N,\N,Y,kim,2026-09-10 14:05:00,\N,mdm-local-sample,kim,2026-09-10 14:05:00,\N,mdm-local-sample,0
200,1,3,CONST,RCV_SYS,\N,\N,\N,ERP,\N,30,10,STRING,\N,\N,Y,kim,2026-09-10 14:05:00,\N,mdm-local-sample,kim,2026-09-10 14:05:00,\N,mdm-local-sample,0
200,1,4,AUTO,SNT_SND_HRP,\N,\N,\N,SEND_TIME,\N,40,14,STRING,\N,\N,Y,kim,2026-09-10 14:05:00,\N,mdm-local-sample,kim,2026-09-10 14:05:00,\N,mdm-local-sample,0
200,1,5,AUTO,SNT_ORD,\N,\N,\N,SEQ,\N,54,5,NUMBER,EA,0,Y,kim,2026-09-10 14:05:00,\N,mdm-local-sample,kim,2026-09-10 14:05:00,\N,mdm-local-sample,0
200,1,6,AUTO,SNT_LTH,\N,\N,\N,MSG_LENGTH,\N,59,6,NUMBER,EA,0,Y,kim,2026-09-10 14:05:00,\N,mdm-local-sample,kim,2026-09-10 14:05:00,\N,mdm-local-sample,0
200,1,7,CONST,SNT_TP,\N,\N,\N,S,\N,65,1,STRING,\N,\N,Y,kim,2026-09-10 14:05:00,\N,mdm-local-sample,kim,2026-09-10 14:05:00,\N,mdm-local-sample,0
200,1,8,CONST,IF_DATA_NTR,\N,\N,\N,I,\N,66,1,STRING,\N,\N,Y,kim,2026-09-10 14:05:00,\N,mdm-local-sample,kim,2026-09-10 14:05:00,\N,mdm-local-sample,0
200,1,9,FILLER,\N,\N,\N,\N,\N,13,67,13,\N,\N,\N,Y,kim,2026-09-10 14:05:00,\N,mdm-local-sample,kim,2026-09-10 14:05:00,\N,mdm-local-sample,0
201,3,1,DATA,COIL_ID,\N,\N,\N,\N,\N,0,20,STRING,\N,\N,Y,kim,2026-09-18 10:20:00,\N,mdm-local-sample,kim,2026-09-18 10:20:00,\N,mdm-local-sample,0
201,3,2,DATA,PROD_DT,\N,\N,\N,\N,\N,20,8,STRING,\N,\N,Y,kim,2026-09-18 10:20:00,\N,mdm-local-sample,kim,2026-09-18 10:20:00,\N,mdm-local-sample,0
201,3,3,DATA,COIL_THK,\N,\N,SIGN=N;ZERO=Y;SCALE=1;WIDTH=4,\N,\N,28,4,NUMBER,mm,1,Y,kim,2026-09-18 10:20:00,\N,mdm-local-sample,kim,2026-09-18 10:20:00,\N,mdm-local-sample,0
201,3,4,FILLER,\N,\N,\N,\N,\N,25,32,25,\N,\N,\N,Y,kim,2026-09-18 10:20:00,\N,mdm-local-sample,kim,2026-09-18 10:20:00,\N,mdm-local-sample,0
305,1,1,DATA,COIL_ID,\N,\N,\N,\N,\N,0,20,STRING,\N,\N,Y,kim,2026-09-12 11:00:00,\N,mdm-local-sample,kim,2026-09-12 11:00:00,\N,mdm-local-sample,0
305,1,2,DATA,PROD_DT,\N,\N,\N,\N,\N,20,8,STRING,\N,\N,Y,kim,2026-09-12 11:00:00,\N,mdm-local-sample,kim,2026-09-12 11:00:00,\N,mdm-local-sample,0
305,1,3,DATA,COIL_WGT,\N,COIL_WGT_UNIT,SIGN=N;ZERO=Y;SCALE=3;WIDTH=13,\N,\N,28,13,NUMBER,ton,3,Y,kim,2026-09-12 11:00:00,\N,mdm-local-sample,kim,2026-09-12 11:00:00,\N,mdm-local-sample,0
305,1,4,DATA,COIL_WGT_UNIT,\N,\N,\N,\N,\N,41,3,STRING,\N,\N,Y,kim,2026-09-12 11:00:00,\N,mdm-local-sample,kim,2026-09-12 11:00:00,\N,mdm-local-sample,0
305,1,5,FILLER,\N,\N,\N,\N,\N,22,44,22,\N,\N,\N,Y,kim,2026-09-12 11:00:00,\N,mdm-local-sample,kim,2026-09-12 11:00:00,\N,mdm-local-sample,0
361,1,1,FILLER,\N,\N,\N,\N,\N,6,0,6,\N,\N,\N,Y,E2E_USR_STD,1791079132937,headerMng,headerMng,E2E_USR_STD,1791079132937,headerMng,headerMng,0
361,1,2,AUTO,TC_CD,\N,\N,\N,LAYOUT_ID,\N,6,8,STRING,\N,\N,Y,E2E_USR_STD,1791079132938,headerMng,headerMng,E2E_USR_STD,1791079132938,headerMng,headerMng,0
361,1,3,CONST,SND_FAC_TP,\N,\N,\N,E1,\N,14,4,STRING,\N,\N,Y,E2E_USR_STD,1791079132938,headerMng,headerMng,E2E_USR_STD,1791079132938,headerMng,headerMng,0
361,1,4,DATA,SND_SYS,\N,\N,\N,\N,\N,18,10,STRING,\N,\N,Y,E2E_USR_STD,1791079132939,headerMng,headerMng,E2E_USR_STD,1791079132939,headerMng,headerMng,0
362,1,1,CONST,LINE_CODE,\N,\N,\N,B1,\N,0,2,STRING,\N,\N,Y,E2E_USR_STD,1791079135707,headerMng,headerMng,E2E_USR_STD,1791079135707,headerMng,headerMng,0
362,1,2,AUTO,SEQUENCE_NO,\N,\N,\N,SEQ,\N,2,4,NUMBER,EA,0,Y,E2E_USR_STD,1791079135707,headerMng,headerMng,E2E_USR_STD,1791079135707,headerMng,headerMng,0
362,1,3,FILLER,\N,\N,\N,\N,\N,4,6,4,\N,\N,\N,Y,E2E_USR_STD,1791079135707,headerMng,headerMng,E2E_USR_STD,1791079135707,headerMng,headerMng,0
363,1,1,DATA,COIL_ID,\N,\N,\N,\N,\N,0,20,STRING,\N,\N,Y,E2E_USR_STD,1791079163917,layoutMng,layoutMng,E2E_USR_STD,1791079163917,layoutMng,layoutMng,0
363,1,2,DATA,PROD_DT,\N,\N,\N,\N,\N,20,8,STRING,\N,\N,Y,E2E_USR_STD,1791079163917,layoutMng,layoutMng,E2E_USR_STD,1791079163917,layoutMng,layoutMng,0
363,1,3,FILLER,\N,\N,\N,\N,\N,25,28,25,\N,\N,\N,Y,E2E_USR_STD,1791079163917,layoutMng,layoutMng,E2E_USR_STD,1791079163917,layoutMng,layoutMng,0
363,1,4,DATA,COIL_THK,\N,\N,SIGN=N;ZERO=Y;SCALE=1;WIDTH=4,\N,\N,53,4,NUMBER,mm,1,Y,E2E_USR_STD,1791079163918,layoutMng,layoutMng,E2E_USR_STD,1791079163918,layoutMng,layoutMng,0
364,1,1,FILLER,\N,\N,\N,\N,\N,1,0,1,\N,\N,\N,N,E2E_USR_STD,1791079182976,headerMng,headerMng,E2E_USR_STD,1791079182976,headerMng,headerMng,0
365,1,1,FILLER,\N,\N,\N,\N,\N,2,0,2,\N,\N,\N,N,E2E_USR_STD,1791079193636,headerMng,headerMng,E2E_USR_STD,1791079193636,headerMng,headerMng,0
366,1,1,CONST,LINE_CODE,\N,\N,\N,R1,\N,0,2,\N,\N,\N,N,E2E_USR_STD,1791079199403,headerMng,headerMng,E2E_USR_STD,1791079199403,headerMng,headerMng,0
367,1,1,FILLER,\N,\N,\N,\N,\N,1,0,1,\N,\N,\N,N,CHK_STD,1791082531887,headerMng,headerMng,CHK_STD,1791082531887,headerMng,headerMng,0
368,1,1,FILLER,\N,\N,\N,\N,\N,10,0,10,\N,\N,\N,N,CHK_STD,1791082722961,layoutMng,layoutMng,CHK_STD,1791082722961,layoutMng,layoutMng,0
