MARU_RULE_ID,VER,VER_KIND,STATUS,BASE_VER,OWNER_ID,HIT_POLICY,APPLY_FROM,APPLY_TO,DESCRIPTION,REQUESTED_BY,REQUESTED_AT,EMERGENCY_YN,EMERGENCY_REASON,APPROVED_BY,APPROVED_AT,REJECT_REASON,RELEASED_AT,CANCELLED_AT,CANCEL_REASON,ROW_VERSION,C_USR_ID,C_AT,C_SVC_ID,C_PGM_ID,U_USR_ID,U_AT,U_SVC_ID,U_PGM_ID,AUD_VER
BASE_SPD_LKP,1,MAJOR,RELEASED,\N,\N,UNIQUE,2026-09-01 00:00:00,9999-12-31 00:00:00,최초 버전. AS-IS 세로형 표를 원본 모양(두께 × 도료 종류)으로,kim,2026-08-25 14:10:00,N,\N,park,2026-08-26 09:30:00,\N,2026-08-26 09:30:00,\N,\N,1,park,2026-08-20 10:00:00,\N,mdm-local-sample,park,2026-08-20 10:00:00,\N,mdm-local-sample,0
BASE_SPD_LKP,2,MAJOR,DRAFT,1,41000132,UNIQUE,\N,\N,\N,\N,\N,N,\N,\N,\N,\N,\N,\N,\N,35,41000132,1790564895687,ruleEdit,ruleEdit,41000132,2026-09-30 09:46:50,ruleEdit,ruleEdit,45
C10B1040,1,MAJOR,DRAFT,\N,41000132,FIRST,\N,\N,\N,\N,\N,N,\N,\N,\N,\N,\N,\N,\N,3,41000132,1790661735072,ruleMng,ruleMng,41000132,2026-09-29 15:02:16,ruleEdit,ruleEdit,3
C10B1071,1,MAJOR,DRAFT,\N,41000132,FIRST,\N,\N,\N,\N,\N,N,\N,\N,\N,\N,\N,\N,\N,3,41000132,1790661708350,ruleMng,ruleMng,41000132,2026-09-29 15:01:48,ruleEdit,ruleEdit,3
CHK_RULE1,1,MAJOR,DRAFT,\N,CHK_STW,FIRST,\N,\N,\N,\N,\N,N,\N,\N,\N,\N,\N,\N,\N,3,CHK_STW,1791086387770,ruleMng,ruleMng,CHK_STW,2026-10-04 13:01:25,ruleEdit,ruleEdit,3
COIL_WGT_CALC,1,MAJOR,RELEASED,\N,\N,\N,2026-09-15 00:00:00,9999-12-31 00:00:00,최초 버전,kim,2026-09-12 10:00:00,N,\N,park,2026-09-12 16:20:00,\N,2026-09-12 16:20:00,\N,\N,2,park,2026-09-10 10:00:00,\N,mdm-local-sample,park,2026-09-10 10:00:00,\N,mdm-local-sample,0
COIL_WGT_CALC,2,MAJOR,DRAFT,1,41000132,\N,\N,\N,\N,\N,\N,N,\N,\N,\N,\N,\N,\N,\N,0,41000132,1790728997359,ruleEdit,ruleEdit,41000132,1790728997359,ruleEdit,ruleEdit,0
EQP_CHK_JDG,2,MAJOR,RELEASED,\N,\N,FIRST,2026-09-05 00:00:00,2026-09-10 00:00:00,원천 MES 요청,\N,\N,N,\N,\N,\N,\N,2026-09-04 16:00:01,\N,\N,1,park,2026-09-04 16:00:01,\N,mdm-local-sample,park,2026-09-04 16:00:01,\N,mdm-local-sample,0
EQP_CHK_JDG,3,MAJOR,RELEASED,\N,\N,FIRST,2026-09-10 00:00:00,9999-12-31 00:00:00,원천 MES 요청,\N,\N,N,\N,\N,\N,\N,2026-09-09 08:00:01,\N,\N,1,park,2026-09-09 08:00:01,\N,mdm-local-sample,park,2026-09-09 08:00:01,\N,mdm-local-sample,0
M47C0001,1,MAJOR,RELEASED,\N,41000132,FIRST,2000-01-01 00:00:00,9999-12-31 00:00:00,\N,kim,2026-10-06 15:23:59,N,\N,\N,\N,\N,2026-10-06 15:23:59,\N,\N,2,41000132,1791267812487,ruleMng,ruleMng,41000132,2026-10-06 15:23:59,ruleEdit,ruleEdit,2
M47C0004,1,MAJOR,RELEASED,\N,41000132,FIRST,2000-01-01 00:00:00,9999-12-31 00:00:00,\N,kim,2026-10-06 09:48:07,N,\N,\N,\N,\N,2026-10-06 09:48:07,\N,\N,2,41000132,1791247675560,ruleMng,ruleMng,41000132,2026-10-06 09:48:07,ruleEdit,ruleEdit,2
M47C0005,1,MAJOR,RELEASED,\N,41000132,FIRST,2000-01-01 00:00:00,9999-12-31 00:00:00,\N,kim,2026-10-06 09:48:04,N,\N,\N,\N,\N,2026-10-06 09:48:04,\N,\N,2,41000132,1791247675549,ruleMng,ruleMng,41000132,2026-10-06 09:48:04,ruleEdit,ruleEdit,2
M47C0006,1,MAJOR,RELEASED,\N,41000132,FIRST,2000-01-01 00:00:00,9999-12-31 00:00:00,\N,kim,2026-10-06 11:04:03,N,\N,\N,\N,\N,2026-10-06 11:04:03,\N,\N,2,41000132,1791252236357,ruleMng,ruleMng,41000132,2026-10-06 11:04:03,ruleEdit,ruleEdit,2
M47C0007,1,MAJOR,RELEASED,\N,41000132,FIRST,2000-01-01 00:00:00,9999-12-31 00:00:00,\N,kim,2026-10-06 15:23:03,N,\N,\N,\N,\N,2026-10-06 15:23:03,\N,\N,2,41000132,1791267773577,ruleMng,ruleMng,41000132,2026-10-06 15:23:03,ruleEdit,ruleEdit,2
M47C0014,1,MAJOR,RELEASED,\N,41000132,\N,2000-01-01 00:00:00,9999-12-31 00:00:00,\N,kim,2026-10-06 10:02:20,N,\N,\N,\N,\N,2026-10-06 10:02:20,\N,\N,3,41000132,1791248540424,ruleMng,ruleMng,41000132,2026-10-06 10:02:20,ruleEdit,ruleEdit,3
M47C0025,1,MAJOR,RELEASED,\N,41000132,\N,2000-01-01 00:00:00,9999-12-31 00:00:00,\N,kim,2026-10-06 15:25:12,N,\N,\N,\N,\N,2026-10-06 15:25:12,\N,\N,2,41000132,1791267912096,ruleMng,ruleMng,41000132,2026-10-06 15:25:12,ruleEdit,ruleEdit,2
PACK_TYPE_LKP,1,MAJOR,RELEASED,\N,\N,UNIQUE,2026-09-28 00:00:00,9999-12-31 00:00:00,최초 버전,kim,2026-09-28 09:00:00,N,\N,park,2026-09-28 09:30:00,\N,2026-09-28 09:30:00,\N,\N,0,kim,2026-09-28 10:00:00,\N,mdm-local-sample,41000132,2026-09-28 23:56:37,ruleEdit,ruleEdit,4
PACK_TYPE_LKP,2,MAJOR,DRAFT,1,41000132,UNIQUE,\N,\N,\N,41000132,2026-09-28 23:49:58,N,\N,\N,\N,\N,2026-09-28 23:49:58,\N,\N,4,41000132,1790579166595,ruleEdit,ruleEdit,41000132,2026-09-28 23:56:37,ruleEdit,ruleEdit,4
PACK_WGT_CALC,1,MAJOR,RELEASED,\N,\N,\N,2026-09-28 00:00:00,9999-12-31 00:00:00,최초 버전,kim,2026-09-27 14:00:00,N,\N,park,2026-09-27 16:00:00,\N,2026-09-27 16:00:00,\N,\N,2,kim,2026-09-27 10:00:00,\N,mdm-local-sample,park,2026-09-27 16:00:00,\N,mdm-local-sample,0
PACK_WGT_CALC,2,MAJOR,DRAFT,1,41000132,\N,\N,\N,\N,\N,\N,N,\N,\N,\N,\N,\N,\N,\N,0,41000132,1790577104462,ruleEdit,ruleEdit,41000132,1790577104462,ruleEdit,ruleEdit,0
PROD_WGT_CALC,1,MAJOR,RELEASED,\N,\N,UNIQUE,2026-09-20 00:00:00,9999-12-31 00:00:00,최초 버전,kim,2026-09-18 10:00:00,N,\N,park,2026-09-18 15:00:00,\N,2026-09-18 15:00:00,\N,\N,2,park,2026-09-16 10:00:00,\N,mdm-local-sample,admin,2026-09-28 22:45:34,ruleEdit,ruleEdit,2
PROD_WGT_CALC,2,MAJOR,DRAFT,1,\N,UNIQUE,\N,\N,비중을 비우면 7.85로 본다,admin,2026-09-28 22:42:01,N,\N,\N,\N,\N,2026-09-28 22:42:01,\N,\N,5,kim,2026-09-21 11:00:00,\N,mdm-local-sample,admin,2026-09-30 16:48:28,ruleMng,ruleMng,5
QLTY_GRD_JDG,1,MAJOR,RELEASED,\N,\N,FIRST,2026-09-01 00:00:00,9999-12-31 00:00:00,최초 버전,kim,2026-08-25 14:10:00,N,\N,park,2026-08-26 09:30:00,\N,2026-08-26 09:30:00,\N,\N,6,park,2026-08-20 10:00:00,\N,mdm-local-sample,park,2026-08-20 10:00:00,\N,mdm-local-sample,0
QLTY_GRD_JDG,2,MAJOR,DRAFT,1,\N,FIRST,\N,\N,2.5mm 이상 구간 단가계수 조정,\N,\N,N,\N,\N,\N,\N,\N,\N,\N,4,kim,2026-09-21 10:00:00,\N,mdm-local-sample,admin,2026-09-28 11:12:02,ruleEdit,ruleEdit,1
QLTY_SURCHG,1,MAJOR,RELEASED,\N,\N,FIRST,2026-08-01 00:00:00,9999-12-31 00:00:00,최초 버전,kim,2026-07-28 10:00:00,N,\N,park,2026-07-29 10:00:00,\N,2026-07-29 10:00:00,\N,\N,1,park,2026-07-25 10:00:00,\N,mdm-local-sample,park,2026-07-25 10:00:00,\N,mdm-local-sample,0
RMTL_STL_KND_GRD,1,MAJOR,DRAFT,\N,41000132,FIRST,\N,\N,\N,\N,\N,N,\N,\N,\N,\N,\N,\N,\N,2,41000132,1791249078707,ruleMng,ruleMng,41000132,2026-10-06 10:11:34,ruleEdit,ruleEdit,2
SPD_EXC,1,MAJOR,RELEASED,\N,\N,COLLECT,2026-08-01 00:00:00,9999-12-31 00:00:00,최초 버전,kim,2026-07-28 10:00:00,N,\N,park,2026-07-29 10:00:00,\N,2026-07-29 10:00:00,\N,\N,1,park,2026-07-25 10:00:00,\N,mdm-local-sample,park,2026-07-25 10:00:00,\N,mdm-local-sample,0
SPD_EXC,2,MAJOR,DRAFT,1,41000132,COLLECT,\N,\N,\N,\N,\N,N,\N,\N,\N,\N,\N,\N,\N,1,41000132,1790652692357,ruleEdit,ruleEdit,41000132,2026-09-29 12:31:55,ruleEdit,ruleEdit,2
SPD_JOIN,1,MAJOR,RELEASED,\N,\N,\N,2026-08-01 00:00:00,9999-12-31 00:00:00,최초 버전,kim,2026-07-28 10:00:00,N,\N,park,2026-07-29 10:00:00,\N,2026-07-29 10:00:00,\N,\N,1,park,2026-07-25 10:00:00,\N,mdm-local-sample,park,2026-07-25 10:00:00,\N,mdm-local-sample,0
UNIT_WID_WGT_CALC,1,MAJOR,RELEASED,\N,\N,\N,2026-09-28 00:00:00,9999-12-31 00:00:00,최초 버전,kim,2026-09-28 09:00:00,N,\N,park,2026-09-28 09:30:00,\N,2026-09-28 09:30:00,\N,\N,0,kim,2026-09-28 10:00:00,\N,mdm-local-sample,park,2026-09-28 09:30:00,\N,mdm-local-sample,0
WID_CHK,1,MAJOR,RELEASED,\N,\N,FIRST,2026-08-01 00:00:00,9999-12-31 00:00:00,최초 버전,kim,2026-07-28 10:00:00,N,\N,park,2026-07-29 10:00:00,\N,2026-07-29 10:00:00,\N,\N,1,park,2026-07-25 10:00:00,\N,mdm-local-sample,park,2026-07-25 10:00:00,\N,mdm-local-sample,0
