DOMAIN_ID,DOMAIN_NAME,STD_NAME,PARENT_DOMAIN_ID,DOMAIN_KIND,DATA_TYPE,LENGTH,SCALE,UNIT_CODE,MARU_CODE_ID,CATE_ID,STD_RULE,STD_AST,BIZ_RULE,BIZ_AST,DESCRIPTION,EXAMPLES,TEST_CASES,CHG_SEQ,C_USR_ID,C_AT,C_SVC_ID,C_PGM_ID,U_USR_ID,U_AT,U_SVC_ID,U_PGM_ID,VER
10,코일 두께,COIL_THK,\N,QTY,NUMBER,5,3,mm,\N,\N,value >= 0.1 && value <= 3.5 && value % 0.1 == 0,"{""type"":""INFIX_OPERATOR"",""value"":""&&"",""params"":[{""type"":""INFIX_OPERATOR"",""value"":""&&"",""params"":[{""type"":""INFIX_OPERATOR"",""value"":"">="",""params"":[{""type"":""VARIABLE_OR_CONSTANT"",""value"":""value""},{""type"":""NUMBER_LITERAL"",""value"":""0.1""}]},{""type"":""INFIX_OPERATOR"",""value"":""<="",""params"":[{""type"":""VARIABLE_OR_CONSTANT"",""value"":""value""},{""type"":""NUMBER_LITERAL"",""value"":""3.5""}]}]},{""type"":""INFIX_OPERATOR"",""value"":""=="",""params"":[{""type"":""INFIX_OPERATOR"",""value"":""%"",""params"":[{""type"":""VARIABLE_OR_CONSTANT"",""value"":""value""},{""type"":""NUMBER_LITERAL"",""value"":""0.1""}]},{""type"":""NUMBER_LITERAL"",""value"":""0""}]}]}",\N,\N,코일 한 개의 두께. 0.1 mm 단위로 관리한다.,"[""1.6"",""2.3"",""3.2""]","[{""value"":""0.1"",""expect"":true,""memo"":""하한 경계""},{""value"":""3.5"",""expect"":true,""memo"":""상한 경계""},{""value"":""3.6"",""expect"":false,""memo"":""상한 초과""},{""value"":""1.65"",""expect"":false,""memo"":""0.1 단위 아님""}]",0,kim,1788253200000,\N,mdm-local-sample,41000132,1791298131798,domainMng,domainMng,1
11,원재료 코일 두께,RMTL_COIL_THK,10,QTY,NUMBER,\N,\N,\N,\N,\N,value >= 1.6,"{""type"":""INFIX_OPERATOR"",""value"":"">="",""params"":[{""type"":""VARIABLE_OR_CONSTANT"",""value"":""value""},{""type"":""NUMBER_LITERAL"",""value"":""1.6""}]}","GRADE != ""C"" || value >= 2.0","{""type"":""INFIX_OPERATOR"",""value"":""||"",""params"":[{""type"":""INFIX_OPERATOR"",""value"":""!="",""params"":[{""type"":""VARIABLE_OR_CONSTANT"",""value"":""GRADE""},{""type"":""STRING_LITERAL"",""value"":""C""}]},{""type"":""INFIX_OPERATOR"",""value"":"">="",""params"":[{""type"":""VARIABLE_OR_CONSTANT"",""value"":""value""},{""type"":""NUMBER_LITERAL"",""value"":""2.0""}]}]}",원재료로 투입되는 코일의 두께. 하한을 1.6 mm로 좁힌다.,"[""1.6"",""2.0""]","[{""value"":""1.6"",""expect"":true,""vars"":{""GRADE"":""A""},""memo"":""하한 경계""},{""value"":""1.5"",""expect"":false,""vars"":{""GRADE"":""A""},""memo"":""하한 미만""},{""value"":""3.5"",""expect"":true,""vars"":{""GRADE"":""A""},""memo"":""부모 상한 경계""},{""value"":""3.6"",""expect"":false,""vars"":{""GRADE"":""A""},""memo"":""부모 상한 초과""},{""value"":""1.75"",""expect"":false,""vars"":{""GRADE"":""A""},""memo"":""부모의 value % 0.1 == 0에서 거짓이 된다""}]",0,kim,2026-09-01 09:00:00,\N,mdm-local-sample,kim,2026-09-01 09:00:00,\N,mdm-local-sample,0
12,중량,WGT,\N,QTY,NUMBER,7,3,ton,\N,\N,value > 0,"{""type"":""INFIX_OPERATOR"",""value"":"">"",""params"":[{""type"":""VARIABLE_OR_CONSTANT"",""value"":""value""},{""type"":""NUMBER_LITERAL"",""value"":""0""}]}",\N,\N,무게. 기준 단위 ton.,"[""25.434""]","[{""value"":""0.001"",""expect"":true,""memo"":""양수""},{""value"":""0"",""expect"":false,""memo"":""0 은 거부""}]",0,kim,2026-09-01 09:00:00,\N,mdm-local-sample,kim,2026-09-01 09:00:00,\N,mdm-local-sample,0
13,코일 중량,COIL_WGT,12,QTY,NUMBER,\N,\N,\N,\N,\N,value <= 30,"{""type"":""INFIX_OPERATOR"",""value"":""<="",""params"":[{""type"":""VARIABLE_OR_CONSTANT"",""value"":""value""},{""type"":""NUMBER_LITERAL"",""value"":""30""}]}",\N,\N,코일 한 개의 중량. 30 ton 이하.,\N,"[{""value"":""30"",""expect"":true,""memo"":""상한 경계""},{""value"":""30.001"",""expect"":false,""memo"":""상한 초과""}]",0,kim,2026-09-01 09:00:00,\N,mdm-local-sample,kim,2026-09-01 09:00:00,\N,mdm-local-sample,0
14,코일 GROSS 중량,COIL_GRS_WGT,13,QTY,NUMBER,\N,\N,\N,\N,\N,\N,\N,value >= COIL_NET_WGT,"{""type"":""INFIX_OPERATOR"",""value"":"">="",""params"":[{""type"":""VARIABLE_OR_CONSTANT"",""value"":""value""},{""type"":""VARIABLE_OR_CONSTANT"",""value"":""COIL_NET_WGT""}]}",포장재를 포함한 코일 중량. 순중량 이상이어야 한다.,\N,"[{""value"":""25.5"",""expect"":true,""vars"":{""COIL_NET_WGT"":25.4},""memo"":""순중량 이상""},{""value"":""25.3"",""expect"":false,""vars"":{""COIL_NET_WGT"":25.4},""memo"":""순중량 미만""}]",0,kim,2026-09-01 09:00:00,\N,mdm-local-sample,kim,2026-09-01 09:00:00,\N,mdm-local-sample,0
20,코일 식별자,COIL_ID,\N,ID,STRING,20,\N,\N,\N,\N,"STR_MATCHES(value, ""^[A-Z0-9]{10,20}$"")","{""type"":""FUNCTION"",""value"":""STR_MATCHES"",""params"":[{""type"":""VARIABLE_OR_CONSTANT"",""value"":""value""},{""type"":""STRING_LITERAL"",""value"":""^[A-Z0-9]{10,20}$""}]}",\N,\N,코일 번호. 영문 대문자·숫자 10-20자.,"[""C26091500012""]","[{""value"":""C26091500012"",""expect"":true},{""value"":""c2609"",""expect"":false,""memo"":""소문자·길이 부족""}]",0,kim,2026-09-01 09:00:00,\N,mdm-local-sample,kim,2026-09-01 09:00:00,\N,mdm-local-sample,0
30,일자,DT,\N,DATE,STRING,8,\N,\N,\N,\N,"STR_MATCHES(value, ""^(?:(?:19|20)[0-9]{2}(?:0[1-9]|1[0-2])(?:0[1-9]|[12][0-9]|3[01])|99991231)$"")","{""type"":""FUNCTION"",""value"":""STR_MATCHES"",""params"":[{""type"":""VARIABLE_OR_CONSTANT"",""value"":""value""},{""type"":""STRING_LITERAL"",""value"":""^(?:(?:19|20)[0-9]{2}(?:0[1-9]|1[0-2])(?:0[1-9]|[12][0-9]|3[01])|99991231)$""}]}",\N,\N,일자. YYYYMMDD 8자리. 열린 끝은 99991231.,"[""20260915"",""99991231""]","[{""value"":""20260915"",""expect"":true},{""value"":""20261315"",""expect"":false,""memo"":""월 13""},{""value"":""99991231"",""expect"":true,""memo"":""열린 끝""}]",0,kim,2026-09-01 09:00:00,\N,mdm-local-sample,kim,2026-09-01 09:00:00,\N,mdm-local-sample,0
40,공정 코드,PROC_CD,\N,CODE,STRING,10,\N,\N,PROC_CD,BASE,\N,\N,\N,\N,마루 코드 PROC_CD 의 BASE 카테고리를 참조한다.,\N,\N,0,kim,2026-09-01 09:00:00,\N,mdm-local-sample,kim,2026-09-01 09:00:00,\N,mdm-local-sample,0
41,표면등급 코드,SURF_GRD_CD,\N,CODE,STRING,1,\N,\N,SURF_GRD,BASE,\N,\N,\N,\N,표면 검사 등급. 마루 코드 SURF_GRD,\N,\N,0,kim,2026-09-01 09:00:00,\N,mdm-local-sample,kim,2026-09-01 09:00:00,\N,mdm-local-sample,0
42,강종 규격 코드,STEEL_STD_CD,\N,CODE,STRING,20,\N,\N,STEEL_STD,BASE,\N,\N,\N,\N,강종 규격. 마루 코드 STEEL_STD,\N,"[{""value"":""KS-3-CGCD"",""expect"":true}]",0,kim,1788253200000,\N,mdm-local-sample,41000132,1790576774600,domainMng,domainMng,1
50,여부,YN,\N,FLAG,STRING,1,\N,\N,\N,\N,"value == ""Y"" || value == ""N""","{""type"":""INFIX_OPERATOR"",""value"":""||"",""params"":[{""type"":""INFIX_OPERATOR"",""value"":""=="",""params"":[{""type"":""VARIABLE_OR_CONSTANT"",""value"":""value""},{""type"":""STRING_LITERAL"",""value"":""Y""}]},{""type"":""INFIX_OPERATOR"",""value"":""=="",""params"":[{""type"":""VARIABLE_OR_CONSTANT"",""value"":""value""},{""type"":""STRING_LITERAL"",""value"":""N""}]}]}",\N,\N,예·아니오 표시. Y·N,\N,"[{""value"":""Y"",""expect"":true},{""value"":""X"",""expect"":false}]",0,kim,1788253200000,\N,mdm-local-sample,41000132,1790566872584,domainMng,domainMng,1
51,판정등급 도메인,QLTY_GRD_CD,\N,FLAG,STRING,1,\N,\N,\N,\N,"value == ""A"" || value == ""B"" || value == ""C""","{""type"":""INFIX_OPERATOR"",""value"":""||"",""params"":[{""type"":""INFIX_OPERATOR"",""value"":""||"",""params"":[{""type"":""INFIX_OPERATOR"",""value"":""=="",""params"":[{""type"":""VARIABLE_OR_CONSTANT"",""value"":""value""},{""type"":""STRING_LITERAL"",""value"":""A""}]},{""type"":""INFIX_OPERATOR"",""value"":""=="",""params"":[{""type"":""VARIABLE_OR_CONSTANT"",""value"":""value""},{""type"":""STRING_LITERAL"",""value"":""B""}]}]},{""type"":""INFIX_OPERATOR"",""value"":""=="",""params"":[{""type"":""VARIABLE_OR_CONSTANT"",""value"":""value""},{""type"":""STRING_LITERAL"",""value"":""C""}]}]}",\N,\N,품질 판정 등급. A가 가장 좋다,\N,\N,0,kim,2026-09-01 09:00:00,\N,mdm-local-sample,kim,2026-09-01 09:00:00,\N,mdm-local-sample,0
52,중량 산출 기준 코드,CALC_BASIS_CD,\N,FLAG,STRING,3,\N,\N,\N,\N,"value == ""LEN"" || value == ""DIA""","{""type"":""INFIX_OPERATOR"",""value"":""||"",""params"":[{""type"":""INFIX_OPERATOR"",""value"":""=="",""params"":[{""type"":""VARIABLE_OR_CONSTANT"",""value"":""value""},{""type"":""STRING_LITERAL"",""value"":""LEN""}]},{""type"":""INFIX_OPERATOR"",""value"":""=="",""params"":[{""type"":""VARIABLE_OR_CONSTANT"",""value"":""value""},{""type"":""STRING_LITERAL"",""value"":""DIA""}]}]}",\N,\N,중량 산출 기준. LEN(길이)·DIA(외경·내경),\N,\N,0,kim,2026-09-01 09:00:00,\N,mdm-local-sample,kim,2026-09-01 09:00:00,\N,mdm-local-sample,0
53,제품 형태 코드,PROD_TYPE_CD,\N,FLAG,STRING,5,\N,\N,\N,\N,"value == ""COIL"" || value == ""SHEET""","{""type"":""INFIX_OPERATOR"",""value"":""||"",""params"":[{""type"":""INFIX_OPERATOR"",""value"":""=="",""params"":[{""type"":""VARIABLE_OR_CONSTANT"",""value"":""value""},{""type"":""STRING_LITERAL"",""value"":""COIL""}]},{""type"":""INFIX_OPERATOR"",""value"":""=="",""params"":[{""type"":""VARIABLE_OR_CONSTANT"",""value"":""value""},{""type"":""STRING_LITERAL"",""value"":""SHEET""}]}]}",\N,\N,제품 형태. COIL·SHEET,\N,\N,0,kim,2026-09-01 09:00:00,\N,mdm-local-sample,kim,2026-09-01 09:00:00,\N,mdm-local-sample,0
60,폭(mm),WID_MM,\N,QTY,NUMBER,4,0,mm,\N,\N,value >= 500 && value <= 2200,"{""type"":""INFIX_OPERATOR"",""value"":""&&"",""params"":[{""type"":""INFIX_OPERATOR"",""value"":"">="",""params"":[{""type"":""VARIABLE_OR_CONSTANT"",""value"":""value""},{""type"":""NUMBER_LITERAL"",""value"":""500""}]},{""type"":""INFIX_OPERATOR"",""value"":""<="",""params"":[{""type"":""VARIABLE_OR_CONSTANT"",""value"":""value""},{""type"":""NUMBER_LITERAL"",""value"":""2200""}]}]}",\N,\N,판 폭. 밀리미터,\N,\N,0,kim,2026-09-01 09:00:00,\N,mdm-local-sample,kim,2026-09-01 09:00:00,\N,mdm-local-sample,0
61,길이(mm),LEN_MM,\N,QTY,NUMBER,6,0,mm,\N,\N,value > 0,"{""type"":""INFIX_OPERATOR"",""value"":"">"",""params"":[{""type"":""VARIABLE_OR_CONSTANT"",""value"":""value""},{""type"":""NUMBER_LITERAL"",""value"":""0""}]}",\N,\N,길이·지름. 밀리미터,\N,\N,0,kim,2026-09-01 09:00:00,\N,mdm-local-sample,kim,2026-09-01 09:00:00,\N,mdm-local-sample,0
62,길이(m),LEN_M,\N,QTY,NUMBER,6,1,m,\N,\N,value > 0 && value <= 20000,"{""type"":""INFIX_OPERATOR"",""value"":""&&"",""params"":[{""type"":""INFIX_OPERATOR"",""value"":"">"",""params"":[{""type"":""VARIABLE_OR_CONSTANT"",""value"":""value""},{""type"":""NUMBER_LITERAL"",""value"":""0""}]},{""type"":""INFIX_OPERATOR"",""value"":""<="",""params"":[{""type"":""VARIABLE_OR_CONSTANT"",""value"":""value""},{""type"":""NUMBER_LITERAL"",""value"":""20000""}]}]}",\N,\N,긴 길이. 미터,\N,\N,0,kim,2026-09-01 09:00:00,\N,mdm-local-sample,kim,2026-09-01 09:00:00,\N,mdm-local-sample,0
63,비중(g/cm³),SG,\N,QTY,NUMBER,5,3,gcm3,\N,\N,value > 0 && value <= 25,"{""type"":""INFIX_OPERATOR"",""value"":""&&"",""params"":[{""type"":""INFIX_OPERATOR"",""value"":"">"",""params"":[{""type"":""VARIABLE_OR_CONSTANT"",""value"":""value""},{""type"":""NUMBER_LITERAL"",""value"":""0""}]},{""type"":""INFIX_OPERATOR"",""value"":""<="",""params"":[{""type"":""VARIABLE_OR_CONSTANT"",""value"":""value""},{""type"":""NUMBER_LITERAL"",""value"":""25""}]}]}",\N,\N,물질의 비중. g/cm³,\N,\N,0,kim,2026-09-01 09:00:00,\N,mdm-local-sample,kim,2026-09-01 09:00:00,\N,mdm-local-sample,0
64,중량(kg),WGT_KG,\N,QTY,NUMBER,9,1,kg,\N,\N,value >= 0,"{""type"":""INFIX_OPERATOR"",""value"":"">="",""params"":[{""type"":""VARIABLE_OR_CONSTANT"",""value"":""value""},{""type"":""NUMBER_LITERAL"",""value"":""0""}]}",\N,\N,무게. 킬로그램,\N,\N,0,kim,2026-09-01 09:00:00,\N,mdm-local-sample,kim,2026-09-01 09:00:00,\N,mdm-local-sample,0
65,계수 도메인,FCT,\N,QTY,NUMBER,3,2,ratio,\N,\N,value >= 0 && value <= 9.99,"{""type"":""INFIX_OPERATOR"",""value"":""&&"",""params"":[{""type"":""INFIX_OPERATOR"",""value"":"">="",""params"":[{""type"":""VARIABLE_OR_CONSTANT"",""value"":""value""},{""type"":""NUMBER_LITERAL"",""value"":""0""}]},{""type"":""INFIX_OPERATOR"",""value"":""<="",""params"":[{""type"":""VARIABLE_OR_CONSTANT"",""value"":""value""},{""type"":""NUMBER_LITERAL"",""value"":""9.99""}]}]}",\N,\N,단가·가격 계산에 곱하는 계수,\N,\N,0,kim,2026-09-01 09:00:00,\N,mdm-local-sample,kim,2026-09-01 09:00:00,\N,mdm-local-sample,0
66,비율(%),PCT,\N,QTY,NUMBER,5,2,pct,\N,\N,value >= 0 && value <= 100,"{""type"":""INFIX_OPERATOR"",""value"":""&&"",""params"":[{""type"":""INFIX_OPERATOR"",""value"":"">="",""params"":[{""type"":""VARIABLE_OR_CONSTANT"",""value"":""value""},{""type"":""NUMBER_LITERAL"",""value"":""0""}]},{""type"":""INFIX_OPERATOR"",""value"":""<="",""params"":[{""type"":""VARIABLE_OR_CONSTANT"",""value"":""value""},{""type"":""NUMBER_LITERAL"",""value"":""100""}]}]}",\N,\N,백분율. 0-100,\N,\N,0,kim,2026-09-01 09:00:00,\N,mdm-local-sample,kim,2026-09-01 09:00:00,\N,mdm-local-sample,0
67,시간(h),HOUR,\N,QTY,NUMBER,6,0,h,\N,\N,value >= 0,"{""type"":""INFIX_OPERATOR"",""value"":"">="",""params"":[{""type"":""VARIABLE_OR_CONSTANT"",""value"":""value""},{""type"":""NUMBER_LITERAL"",""value"":""0""}]}",\N,\N,시간 수,\N,\N,0,kim,2026-09-01 09:00:00,\N,mdm-local-sample,kim,2026-09-01 09:00:00,\N,mdm-local-sample,0
68,수량,QTY,\N,QTY,NUMBER,6,0,EA,\N,\N,value >= 0,"{""type"":""INFIX_OPERATOR"",""value"":"">="",""params"":[{""type"":""VARIABLE_OR_CONSTANT"",""value"":""value""},{""type"":""NUMBER_LITERAL"",""value"":""0""}]}",\N,\N,개수·매수,\N,\N,0,kim,2026-09-01 09:00:00,\N,mdm-local-sample,kim,2026-09-01 09:00:00,\N,mdm-local-sample,0
69,속도(m/min),SPEED_MPM,\N,QTY,NUMBER,4,1,mpm,\N,\N,value >= 0 && value <= 400,"{""type"":""INFIX_OPERATOR"",""value"":""&&"",""params"":[{""type"":""INFIX_OPERATOR"",""value"":"">="",""params"":[{""type"":""VARIABLE_OR_CONSTANT"",""value"":""value""},{""type"":""NUMBER_LITERAL"",""value"":""0""}]},{""type"":""INFIX_OPERATOR"",""value"":""<="",""params"":[{""type"":""VARIABLE_OR_CONSTANT"",""value"":""value""},{""type"":""NUMBER_LITERAL"",""value"":""400""}]}]}",\N,\N,속도. 분당 미터,\N,\N,0,kim,2026-09-01 09:00:00,\N,mdm-local-sample,kim,2026-09-01 09:00:00,\N,mdm-local-sample,0
70,온도(℃),TEMP_C,\N,QTY,NUMBER,5,1,degC,\N,\N,value >= -50 && value <= 1800,"{""type"":""INFIX_OPERATOR"",""value"":""&&"",""params"":[{""type"":""INFIX_OPERATOR"",""value"":"">="",""params"":[{""type"":""VARIABLE_OR_CONSTANT"",""value"":""value""},{""type"":""PREFIX_OPERATOR"",""value"":""-"",""params"":[{""type"":""NUMBER_LITERAL"",""value"":""50""}]}]},{""type"":""INFIX_OPERATOR"",""value"":""<="",""params"":[{""type"":""VARIABLE_OR_CONSTANT"",""value"":""value""},{""type"":""NUMBER_LITERAL"",""value"":""1800""}]}]}",\N,\N,온도. 섭씨. 출강 온도까지 담는다,\N,"[{""value"":""1650"",""expect"":true,""memo"":""출강 온도""},{""value"":""1900"",""expect"":false,""memo"":""상한 초과""}]",0,kim,2026-09-01 09:00:00,\N,mdm-local-sample,kim,2026-09-01 09:00:00,\N,mdm-local-sample,0
80,이름 20자,NAME20,\N,TEXT,STRING,20,\N,\N,\N,\N,STR_LENGTH(value) <= 20,"{""type"":""INFIX_OPERATOR"",""value"":""<="",""params"":[{""type"":""FUNCTION"",""value"":""STR_LENGTH"",""params"":[{""type"":""VARIABLE_OR_CONSTANT"",""value"":""value""}]},{""type"":""NUMBER_LITERAL"",""value"":""20""}]}",\N,\N,20자 이하 이름,\N,\N,0,kim,2026-09-01 09:00:00,\N,mdm-local-sample,kim,2026-09-01 09:00:00,\N,mdm-local-sample,0
81,이름 100자,NAME100,\N,TEXT,STRING,100,\N,\N,\N,\N,STR_LENGTH(value) <= 100,"{""type"":""INFIX_OPERATOR"",""value"":""<="",""params"":[{""type"":""FUNCTION"",""value"":""STR_LENGTH"",""params"":[{""type"":""VARIABLE_OR_CONSTANT"",""value"":""value""}]},{""type"":""NUMBER_LITERAL"",""value"":""100""}]}",\N,\N,100자 이하 이름,\N,\N,0,kim,2026-09-01 09:00:00,\N,mdm-local-sample,kim,2026-09-01 09:00:00,\N,mdm-local-sample,0
82,자재코드,MAT_CD,\N,ID,STRING,10,\N,\N,\N,\N,STR_LENGTH(value) == 10,"{""type"":""INFIX_OPERATOR"",""value"":""=="",""params"":[{""type"":""FUNCTION"",""value"":""STR_LENGTH"",""params"":[{""type"":""VARIABLE_OR_CONSTANT"",""value"":""value""}]},{""type"":""NUMBER_LITERAL"",""value"":""10""}]}",\N,\N,자재 코드. 10자리,\N,\N,0,kim,2026-09-01 09:00:00,\N,mdm-local-sample,kim,2026-09-01 09:00:00,\N,mdm-local-sample,0
83,고객코드,CUST_CD,\N,ID,STRING,10,\N,\N,\N,\N,"STR_MATCHES(value, ""^[0-9]{10}$"")","{""type"":""FUNCTION"",""value"":""STR_MATCHES"",""params"":[{""type"":""VARIABLE_OR_CONSTANT"",""value"":""value""},{""type"":""STRING_LITERAL"",""value"":""^[0-9]{10}$""}]}",\N,\N,고객 코드(사업자번호 10자리). 마루 데이터 CUST,\N,\N,0,kim,2026-09-01 09:00:00,\N,mdm-local-sample,kim,2026-09-01 09:00:00,\N,mdm-local-sample,0
90,문자 1자리,CHAR1,\N,TEXT,STRING,1,\N,\N,\N,\N,STR_LENGTH(value) <= 1,"{""type"":""INFIX_OPERATOR"",""value"":""<="",""params"":[{""type"":""FUNCTION"",""value"":""STR_LENGTH"",""params"":[{""type"":""VARIABLE_OR_CONSTANT"",""value"":""value""}]},{""type"":""NUMBER_LITERAL"",""value"":""1""}]}",\N,\N,고정 길이 전문 문자 항목 1자리,\N,\N,0,kim,2026-09-01 09:00:00,\N,mdm-local-sample,kim,2026-09-01 09:00:00,\N,mdm-local-sample,0
91,문자 2자리,CHAR2,\N,TEXT,STRING,2,\N,\N,\N,\N,STR_LENGTH(value) <= 2,"{""type"":""INFIX_OPERATOR"",""value"":""<="",""params"":[{""type"":""FUNCTION"",""value"":""STR_LENGTH"",""params"":[{""type"":""VARIABLE_OR_CONSTANT"",""value"":""value""}]},{""type"":""NUMBER_LITERAL"",""value"":""2""}]}",\N,\N,고정 길이 전문 문자 항목 2자리,\N,\N,0,kim,2026-09-01 09:00:00,\N,mdm-local-sample,kim,2026-09-01 09:00:00,\N,mdm-local-sample,0
92,문자 3자리,CHAR3,\N,TEXT,STRING,3,\N,\N,\N,\N,STR_LENGTH(value) <= 3,"{""type"":""INFIX_OPERATOR"",""value"":""<="",""params"":[{""type"":""FUNCTION"",""value"":""STR_LENGTH"",""params"":[{""type"":""VARIABLE_OR_CONSTANT"",""value"":""value""}]},{""type"":""NUMBER_LITERAL"",""value"":""3""}]}",\N,\N,고정 길이 전문 문자 항목 3자리,\N,\N,0,kim,2026-09-01 09:00:00,\N,mdm-local-sample,kim,2026-09-01 09:00:00,\N,mdm-local-sample,0
93,문자 4자리,CHAR4,\N,TEXT,STRING,4,\N,\N,\N,\N,STR_LENGTH(value) <= 4,"{""type"":""INFIX_OPERATOR"",""value"":""<="",""params"":[{""type"":""FUNCTION"",""value"":""STR_LENGTH"",""params"":[{""type"":""VARIABLE_OR_CONSTANT"",""value"":""value""}]},{""type"":""NUMBER_LITERAL"",""value"":""4""}]}",\N,\N,고정 길이 전문 문자 항목 4자리,\N,\N,0,kim,2026-09-01 09:00:00,\N,mdm-local-sample,kim,2026-09-01 09:00:00,\N,mdm-local-sample,0
94,문자 6자리,CHAR6,\N,TEXT,STRING,6,\N,\N,\N,\N,STR_LENGTH(value) <= 6,"{""type"":""INFIX_OPERATOR"",""value"":""<="",""params"":[{""type"":""FUNCTION"",""value"":""STR_LENGTH"",""params"":[{""type"":""VARIABLE_OR_CONSTANT"",""value"":""value""}]},{""type"":""NUMBER_LITERAL"",""value"":""6""}]}",\N,\N,고정 길이 전문 문자 항목 6자리,\N,\N,0,kim,2026-09-01 09:00:00,\N,mdm-local-sample,kim,2026-09-01 09:00:00,\N,mdm-local-sample,0
95,문자 8자리,CHAR8,\N,TEXT,STRING,8,\N,\N,\N,\N,STR_LENGTH(value) <= 8,"{""type"":""INFIX_OPERATOR"",""value"":""<="",""params"":[{""type"":""FUNCTION"",""value"":""STR_LENGTH"",""params"":[{""type"":""VARIABLE_OR_CONSTANT"",""value"":""value""}]},{""type"":""NUMBER_LITERAL"",""value"":""8""}]}",\N,\N,고정 길이 전문 문자 항목 8자리,\N,\N,0,kim,2026-09-01 09:00:00,\N,mdm-local-sample,kim,2026-09-01 09:00:00,\N,mdm-local-sample,0
96,문자 10자리,CHAR10,\N,TEXT,STRING,10,\N,\N,\N,\N,STR_LENGTH(value) <= 10,"{""type"":""INFIX_OPERATOR"",""value"":""<="",""params"":[{""type"":""FUNCTION"",""value"":""STR_LENGTH"",""params"":[{""type"":""VARIABLE_OR_CONSTANT"",""value"":""value""}]},{""type"":""NUMBER_LITERAL"",""value"":""10""}]}",\N,\N,고정 길이 전문 문자 항목 10자리,\N,\N,0,kim,2026-09-01 09:00:00,\N,mdm-local-sample,kim,2026-09-01 09:00:00,\N,mdm-local-sample,0
97,문자 12자리,CHAR12,\N,TEXT,STRING,12,\N,\N,\N,\N,STR_LENGTH(value) <= 12,"{""type"":""INFIX_OPERATOR"",""value"":""<="",""params"":[{""type"":""FUNCTION"",""value"":""STR_LENGTH"",""params"":[{""type"":""VARIABLE_OR_CONSTANT"",""value"":""value""}]},{""type"":""NUMBER_LITERAL"",""value"":""12""}]}",\N,\N,고정 길이 전문 문자 항목 12자리,\N,\N,0,kim,2026-09-01 09:00:00,\N,mdm-local-sample,kim,2026-09-01 09:00:00,\N,mdm-local-sample,0
98,문자 14자리,CHAR14,\N,TEXT,STRING,14,\N,\N,\N,\N,STR_LENGTH(value) <= 14,"{""type"":""INFIX_OPERATOR"",""value"":""<="",""params"":[{""type"":""FUNCTION"",""value"":""STR_LENGTH"",""params"":[{""type"":""VARIABLE_OR_CONSTANT"",""value"":""value""}]},{""type"":""NUMBER_LITERAL"",""value"":""14""}]}",\N,\N,고정 길이 전문 문자 항목 14자리,\N,\N,0,kim,2026-09-01 09:00:00,\N,mdm-local-sample,kim,2026-09-01 09:00:00,\N,mdm-local-sample,0
99,문자 20자리,CHAR20,\N,TEXT,STRING,20,\N,\N,\N,\N,STR_LENGTH(value) <= 20,"{""type"":""INFIX_OPERATOR"",""value"":""<="",""params"":[{""type"":""FUNCTION"",""value"":""STR_LENGTH"",""params"":[{""type"":""VARIABLE_OR_CONSTANT"",""value"":""value""}]},{""type"":""NUMBER_LITERAL"",""value"":""20""}]}",\N,\N,고정 길이 전문 문자 항목 20자리,\N,\N,0,kim,2026-09-01 09:00:00,\N,mdm-local-sample,kim,2026-09-01 09:00:00,\N,mdm-local-sample,0
100,숫자 4자리,NUM4,\N,QTY,NUMBER,4,0,EA,\N,\N,value >= 0,"{""type"":""INFIX_OPERATOR"",""value"":"">="",""params"":[{""type"":""VARIABLE_OR_CONSTANT"",""value"":""value""},{""type"":""NUMBER_LITERAL"",""value"":""0""}]}",\N,\N,고정 길이 전문 숫자 항목 4자리,\N,\N,0,kim,2026-09-01 09:00:00,\N,mdm-local-sample,kim,2026-09-01 09:00:00,\N,mdm-local-sample,0
101,숫자 5자리,NUM5,\N,QTY,NUMBER,5,0,EA,\N,\N,value >= 0,"{""type"":""INFIX_OPERATOR"",""value"":"">="",""params"":[{""type"":""VARIABLE_OR_CONSTANT"",""value"":""value""},{""type"":""NUMBER_LITERAL"",""value"":""0""}]}",\N,\N,고정 길이 전문 숫자 항목 5자리,\N,\N,0,kim,2026-09-01 09:00:00,\N,mdm-local-sample,kim,2026-09-01 09:00:00,\N,mdm-local-sample,0
102,숫자 6자리,NUM6,\N,QTY,NUMBER,6,0,EA,\N,\N,value >= 0,"{""type"":""INFIX_OPERATOR"",""value"":"">="",""params"":[{""type"":""VARIABLE_OR_CONSTANT"",""value"":""value""},{""type"":""NUMBER_LITERAL"",""value"":""0""}]}",\N,\N,고정 길이 전문 숫자 항목 6자리,\N,\N,0,kim,2026-09-01 09:00:00,\N,mdm-local-sample,kim,2026-09-01 09:00:00,\N,mdm-local-sample,0
103,사용 여부,USE_YN,50,FLAG,STRING,\N,\N,\N,\N,\N,\N,\N,\N,\N,\N,\N,\N,0,41000132,1790566931838,domainMng,domainMng,41000132,1790566931838,domainMng,domainMng,0
104,라인스피드,LINE_SPD,69,QTY,NUMBER,\N,\N,\N,\N,\N,\N,\N,\N,\N,라인의 스피드,\N,\N,0,41000132,1790576379367,domainMng,domainMng,41000132,1790576379367,domainMng,domainMng,0
150,일시,DH,\N,DATE,DATE,\N,\N,\N,\N,\N,\N,\N,\N,\N,날짜와 시각(초 단위)을 Oracle DATE 타입으로 담는 값 정의. 등록일시·수정일시·작업시작/종료일시 등.,"[""2026-10-01 08:30:00"",""2026-10-01"",""2026-10-01 12:00:00"",""2026-10-01 14:30:00""]",\N,0,dict-candidates,1790837375873,dict-candidates,apply_candidates,dict-candidates,1790837375873,dict-candidates,apply_candidates,0
151,일시 문자,DH_CHAR,\N,DATE,STRING,14,\N,\N,\N,\N,"STR_MATCHES(value, ""^[0-9]{4}(0[1-9]|1[0-2])(0[1-9]|[12][0-9]|3[01])([01][0-9]|2[0-3])[0-5][0-9][0-5][0-9]$"")","{""type"":""FUNCTION"",""value"":""STR_MATCHES"",""params"":[{""type"":""VARIABLE_OR_CONSTANT"",""value"":""value""},{""type"":""STRING_LITERAL"",""value"":""^[0-9]{4}(0[1-9]|1[0-2])(0[1-9]|[12][0-9]|3[01])([01][0-9]|2[0-3])[0-5][0-9][0-5][0-9]$""}]}",\N,\N,"날짜와 시각을 YYYYMMDDHH24MISS 14자리 문자로 담는 값 정의. 작업시작/종료예정일시, 인터페이스 전문 생성일시 등.","[""20261001083000"",""20261001123045"",""20260930143000""]","[{""value"":""20261001083000"",""expect"":true},{""value"":""20261001246000"",""expect"":false},{""value"":""202610010830"",""expect"":false},{""value"":""2026-10-01 08:30:00"",""expect"":false},{""value"":""20261001123045"",""expect"":true},{""value"":""2026-10-01"",""expect"":false},{""value"":""20260930143000"",""expect"":true},{""value"":""202609301430"",""expect"":false}]",0,dict-candidates,1790837375873,dict-candidates,apply_candidates,dict-candidates,1790837375873,dict-candidates,apply_candidates,0
152,타임스탬프,TMSTMP,\N,DATE,DATE,\N,6,\N,\N,\N,\N,\N,\N,\N,소수 초 6자리까지 담는 Oracle TIMESTAMP(6) 시점 값 정의. 로그 생성일시·입력/수정일자 등 정밀 기록용.,"[""2026-10-01 08:30:00.123456""]",\N,0,dict-candidates,1790837375873,dict-candidates,apply_candidates,dict-candidates,1790837375873,dict-candidates,apply_candidates,0
153,년월,YM,\N,DATE,STRING,6,\N,\N,\N,\N,"STR_MATCHES(value, ""^[0-9]{4}(0[1-9]|1[0-2])$"")","{""type"":""FUNCTION"",""value"":""STR_MATCHES"",""params"":[{""type"":""VARIABLE_OR_CONSTANT"",""value"":""value""},{""type"":""STRING_LITERAL"",""value"":""^[0-9]{4}(0[1-9]|1[0-2])$""}]}",\N,\N,연도와 월을 YYYYMM 6자리 문자로 담는 값 정의. 마감년월·계획년월·재고조사년월·투입년월 등.,"[""202610"",""202609""]","[{""value"":""202610"",""expect"":true},{""value"":""202613"",""expect"":false},{""value"":""20261"",""expect"":false},{""value"":""2026-10"",""expect"":false},{""value"":""202609"",""expect"":true},{""value"":""2026-09"",""expect"":false}]",0,dict-candidates,1790837375873,dict-candidates,apply_candidates,dict-candidates,1790837375873,dict-candidates,apply_candidates,0
154,년도,YR,\N,DATE,STRING,4,\N,\N,\N,\N,"STR_MATCHES(value, ""^[0-9]{4}$"")","{""type"":""FUNCTION"",""value"":""STR_MATCHES"",""params"":[{""type"":""VARIABLE_OR_CONSTANT"",""value"":""value""},{""type"":""STRING_LITERAL"",""value"":""^[0-9]{4}$""}]}",\N,\N,YYYY 형식의 연도 문자열. 규격년도·회계년도·발생년도.,"[""2026""]","[{""value"":""2026"",""expect"":true},{""value"":""26"",""expect"":false},{""value"":""20261"",""expect"":false},{""value"":""20a6"",""expect"":false}]",0,dict-candidates,1790837375873,dict-candidates,apply_candidates,dict-candidates,1790837375873,dict-candidates,apply_candidates,0
155,시각,TIME,\N,DATE,STRING,6,\N,\N,\N,\N,"STR_MATCHES(value, ""^([01][0-9]|2[0-3])[0-5][0-9][0-5][0-9]$"")","{""type"":""FUNCTION"",""value"":""STR_MATCHES"",""params"":[{""type"":""VARIABLE_OR_CONSTANT"",""value"":""value""},{""type"":""STRING_LITERAL"",""value"":""^([01][0-9]|2[0-3])[0-5][0-9][0-5][0-9]$""}]}",\N,\N,하루 중 시각을 HH24MISS 6자리 문자로 담는 값 정의. 출하요청시각·실적처리시각·작업종료시간(시점) 등.,"[""083000"",""143000""]","[{""value"":""083000"",""expect"":true},{""value"":""235959"",""expect"":true},{""value"":""240000"",""expect"":false},{""value"":""0830"",""expect"":false},{""value"":""143000"",""expect"":true},{""value"":""245900"",""expect"":false},{""value"":""1430"",""expect"":false}]",0,dict-candidates,1790837375873,dict-candidates,apply_candidates,dict-candidates,1790837375873,dict-candidates,apply_candidates,0
156,코드,CD,\N,CODE,STRING,20,\N,\N,\N,\N,\N,\N,\N,\N,"업무 코드값 일반(공정·공장·고객·영업팀·위치·등급·방법·상태 등). 코드 참조(값 집합)는 이번 범위 밖이라 길이 상한만 정의한다. 실제 레거시 길이는 2~18자로 컬럼마다 다르며, 같은 코드 체계 안에서도 길이가 갈린다(issues 참조).","[""A1"",""100"",""SPCC"",""C00123"",""S01""]","[{""value"":""S01"",""expect"":true},{""value"":""E01"",""expect"":true}]",0,dict-candidates,1790837375873,dict-candidates,apply_candidates,dict-candidates,1790837375873,dict-candidates,apply_candidates,0
157,구분,TP,156,CODE,STRING,1,\N,\N,\N,\N,\N,\N,\N,\N,1자리 구분 코드. _TP·_CD·_GRD·_GRP·_MTH·_STS·_KND·_TYPE·_LOC 등 1자리 컬럼이 모두 같은 값 정의(VARCHAR 1)를 쓴다.,"[""1"",""A"",""C"",""T"",""B""]","[{""value"":""ABC"",""expect"":false}]",0,dict-candidates,1790837375873,dict-candidates,apply_candidates,dict-candidates,1790837375873,dict-candidates,apply_candidates,0
158,자재 코드,MTL_CD,156,CODE,STRING,18,\N,\N,\N,\N,\N,\N,\N,\N,ERP(SAP) 자재번호 체계의 자재 코드(MTL_CD·SMTL_CD·RMTL_MTL_CD). 18자 고정 길이 체계라 일반 코드와 따로 둔다.,"[""000000000010012345""]",\N,0,dict-candidates,1790837375873,dict-candidates,apply_candidates,dict-candidates,1790837375873,dict-candidates,apply_candidates,0
159,단위,UNIT,156,CODE,STRING,10,\N,\N,\N,\N,\N,\N,\N,\N,"수량 단위 코드(입고·소모·원자재·구매오더 수량단위 등). 예: KG, TON, EA, M.","[""KG"",""TON"",""EA"",""Kilogram""]",\N,0,dict-candidates,1790837375873,dict-candidates,apply_candidates,dict-candidates,1790837375873,dict-candidates,apply_candidates,0
160,통화,CRCY,156,CODE,STRING,5,\N,\N,\N,\N,\N,\N,\N,\N,"통화 코드(가격 단위 통화). 예: KRW, USD.","[""KRW"",""USD""]",\N,0,dict-candidates,1790837375873,dict-candidates,apply_candidates,dict-candidates,1790837375873,dict-candidates,apply_candidates,0
161,부적합 코드,DEF_CD,156,CODE,STRING,3,\N,\N,\N,\N,\N,\N,\N,\N,3자리 코드. 부적합코드(DEF_CD1~5)·전공정부적합코드·Cutting사유원판부적합 외에 같은 값 정의인 인도조건(ORD_DLV_CDN·INCOTERMS)·원자재코드·게이트·포트 코드를 받는다.,"[""D01"",""FOB""]",\N,0,dict-candidates,1790837375873,dict-candidates,apply_candidates,dict-candidates,1790837375873,dict-candidates,apply_candidates,0
162,공장 코드,FAC_CD,156,CODE,STRING,4,\N,\N,\N,\N,\N,\N,\N,\N,4자리 코드. 플랜트(WERKS)·Plant_ERP 외에 같은 값 정의인 코터 모드(PRM_COT_TOP_MOD)·상차위치(LOD_SKID)·근무지(WORK_LOCATION)·체인코드 등을 받는다.,"[""1000""]",\N,0,dict-candidates,1790837375873,dict-candidates,apply_candidates,dict-candidates,1790837375873,dict-candidates,apply_candidates,0
163,색상 코드,CLR_CD,156,CODE,STRING,5,\N,\N,\N,\N,\N,\N,\N,\N,컬러강판 색상 코드(5자).,"[""W1234""]","[{""value"":""W1234"",""expect"":true},{""value"":""W12345"",""expect"":false}]",0,dict-candidates,1790837375873,dict-candidates,apply_candidates,dict-candidates,1790837375873,dict-candidates,apply_candidates,0
164,연필 경도,PNCL_HRDN,156,CODE,STRING,3,\N,\N,\N,\N,\N,\N,\N,\N,"도막 연필경도 등급(6B~9H, 최대 3자).","[""2H"",""HB""]","[{""value"":""HB"",""expect"":true},{""value"":""10HH"",""expect"":false}]",0,dict-candidates,1790837375873,dict-candidates,apply_candidates,dict-candidates,1790837375873,dict-candidates,apply_candidates,0
165,야드 주소,YRD_ADR,156,CODE,STRING,6,\N,\N,\N,\N,\N,\N,\N,\N,야드 안에서 코일·부재료가 놓이는 적재 위치(번지)이다. 값은 행·열·단을 조합한 짧은 위치 부호이다.,"[""A01B03""]","[{""value"":""A01B03"",""expect"":true}]",0,dict-candidates,1790837375873,dict-candidates,apply_candidates,dict-candidates,1790837375873,dict-candidates,apply_candidates,0
166,야드 행,YRD_ROW,165,CODE,STRING,3,\N,\N,\N,\N,\N,\N,\N,\N,야드 주소 중 행(가로줄) 부분만 담는다. 부모보다 길이가 3 으로 좁다.,"[""A01""]","[{""value"":""A01"",""expect"":true}]",0,dict-candidates,1790837375873,dict-candidates,apply_candidates,dict-candidates,1790837375873,dict-candidates,apply_candidates,0
167,연산자,OPR,\N,CODE,STRING,30,\N,\N,\N,\N,\N,\N,\N,\N,"MasterData Rule·포장/주문 조건에서 비교·조건식에 쓰는 연산자 코드(=, <>, >=, IN, BETWEEN 등).","[""="","">="",""BETWEEN""]",\N,0,dict-candidates,1790837375873,dict-candidates,apply_candidates,dict-candidates,1790837375873,dict-candidates,apply_candidates,0
168,아이디,ID,\N,ID,STRING,20,\N,\N,\N,\N,\N,\N,\N,\N,업무 대상(주문·문서·원재료·로트·사용자·인터페이스 그룹 등)을 식별하는 문자형 식별자/번호. NO·ID 꼬리 문자형 컬럼의 공통 값 정의(최대 20자). 의미는 컬럼이 담는다.,"[""ORD0012345"",""IFG_SALES_01"",""user01"",""IFG20260101000001"",""A12345""]","[{""value"":""ORD0012345"",""expect"":true},{""value"":""IFG_SALES_01"",""expect"":true},{""value"":""ABCDEFGHIJKLMNOPQRSTU"",""expect"":false}]",0,dict-candidates,1790837375873,dict-candidates,apply_candidates,dict-candidates,1790837375873,dict-candidates,apply_candidates,0
169,사원 아이디,EMP_ID,168,ID,STRING,10,\N,\N,\N,\N,\N,\N,\N,\N,등록자·수정자·담당자·검사자·사번 등 사람(사원/사용자)을 식별하는 10자리 이하 문자형 ID.,"[""2019001""]","[{""value"":""2019001"",""expect"":true},{""value"":""12345678901"",""expect"":false}]",0,dict-candidates,1790837375873,dict-candidates,apply_candidates,dict-candidates,1790837375873,dict-candidates,apply_candidates,0
170,번호,NO,\N,ID,STRING,40,\N,\N,\N,\N,\N,\N,\N,\N,순서·식별을 위한 번호 문자열. B/L번호(BLNO 40)·화물관리번호(MRN/MSN/HSN)·자재전표번호(MBLNR)·자재문서항목(ZEILE)·탱크번호·로 번호·기준열 등.,"[""BL20260001"",""CK0012"",""R123456789"",""2018001""]","[{""value"":""CK0012"",""expect"":true}]",0,dict-candidates,1790837375873,dict-candidates,apply_candidates,dict-candidates,1790837375873,dict-candidates,apply_candidates,0
171,차량 번호,CAR_NO,170,ID,STRING,22,\N,\N,\N,\N,\N,\N,\N,\N,차량 등록번호 전체 표기(CAR_NO_FUL).,"[""경북12가3456""]",\N,0,dict-candidates,1790837375873,dict-candidates,apply_candidates,dict-candidates,1790837375873,dict-candidates,apply_candidates,0
172,사업자등록번호,ERN,170,ID,STRING,11,\N,\N,\N,\N,\N,\N,\N,\N,수요가·상사·선사의 사업자등록번호.,"[""1234567890""]",\N,0,dict-candidates,1790837375873,dict-candidates,apply_candidates,dict-candidates,1790837375873,dict-candidates,apply_candidates,0
173,행번,LN,170,ID,STRING,5,\N,\N,\N,\N,\N,\N,\N,\N,구매오더·구매요청·BL 등 문서 안의 행(항목) 번호. ERP 행번 5자리 문자형.,"[""00010""]","[{""value"":""00010"",""expect"":true},{""value"":""000010"",""expect"":false}]",0,dict-candidates,1790837375873,dict-candidates,apply_candidates,dict-candidates,1790837375873,dict-candidates,apply_candidates,0
174,주문 행번,ORD_LN,173,ID,STRING,3,\N,\N,\N,\N,\N,\N,\N,\N,주문·주문요청의 행번(3자리 문자형). ORD_LN·BF_ORD_LN·MTL_ORD_LN·OMS_LN.,"[""001""]","[{""value"":""001"",""expect"":true},{""value"":""0001"",""expect"":false}]",0,dict-candidates,1790837375873,dict-candidates,apply_candidates,dict-candidates,1790837375873,dict-candidates,apply_candidates,0
175,순번,SEQ,\N,ID,NUMBER,10,0,\N,\N,\N,value >= 0,"{""type"":""INFIX_OPERATOR"",""value"":"">="",""params"":[{""type"":""VARIABLE_OR_CONSTANT"",""value"":""value""},{""type"":""NUMBER_LITERAL"",""value"":""0""}]}",\N,\N,일련번호·이력순번·분할순번·작업순서·우선순위 등 차례를 나타내는 정수형 번호. 키 구성 요소로 쓰인다.,"[""1"",""125"",""1024"",""2"",""3""]","[{""value"":""1"",""expect"":true},{""value"":""0"",""expect"":true},{""value"":""-1"",""expect"":false},{""value"":""1024"",""expect"":true},{""value"":""A1"",""expect"":false},{""value"":""12345678901"",""expect"":false}]",0,dict-candidates,1790837375873,dict-candidates,apply_candidates,dict-candidates,1790837375873,dict-candidates,apply_candidates,0
176,공정 순번,PROC_SEQ,175,ID,NUMBER,2,0,\N,\N,\N,\N,\N,\N,\N,"코일 통과공정·계획공정의 공정 순서(2자리, 0~99).","[""1"",""12""]","[{""value"":""1"",""expect"":true},{""value"":""12"",""expect"":true},{""value"":""100"",""expect"":false}]",0,dict-candidates,1790837375873,dict-candidates,apply_candidates,dict-candidates,1790837375873,dict-candidates,apply_candidates,0
177,순위,RNK,175,ID,NUMBER,6,0,\N,\N,\N,\N,\N,\N,\N,작업·상차·적용 순위(차례 값). MO 작업순위·코일 작업순위·지시 상차순위 등.,"[""1"",""15""]","[{""value"":""1"",""expect"":true},{""value"":""-1"",""expect"":false}]",0,dict-candidates,1790837375873,dict-candidates,apply_candidates,dict-candidates,1790837375873,dict-candidates,apply_candidates,0
178,키,KEY,\N,ID,STRING,150,\N,\N,\N,\N,\N,\N,\N,\N,계층 키·데이터 키·프로그램 키·용어지표 키 등 데이터를 식별·검색하는 긴 문자형 키.,"[""PLANT/LINE/EQUIP""]","[{""value"":""PLANT/LINE/EQUIP"",""expect"":true}]",0,dict-candidates,1790837375873,dict-candidates,apply_candidates,dict-candidates,1790837375873,dict-candidates,apply_candidates,0
179,외부 확정 키,EXT_CFM_KEY,178,ID,STRING,21,\N,\N,\N,\N,\N,\N,\N,\N,ERP(SAP) 외부확정키 EXTID. MES 실적을 ERP 에 확정 전송할 때 쓰는 키.,"[""M2026100100000000001""]",\N,0,dict-candidates,1790837375873,dict-candidates,apply_candidates,dict-candidates,1790837375873,dict-candidates,apply_candidates,0
180,내용,CTT,\N,TEXT,STRING,4000,\N,\N,\N,\N,\N,\N,\N,\N,자유 서술 문자열의 최상위 도메인이다. 요청 내용·메시지 전문처럼 긴 글을 담는다. VARCHAR 최대 4000 바이트. 설명·주소·경로·IP·이메일·전화 번호·값 등 하위 TEXT 도메인이 길이·형식을 좁힌다(명·비고는 별도 최상위).,"[""고객 요청: 도장 두께 상향 검토 바람"",""코일 끝단 육안 확인 후 재검사"",""Roll 교체 후 표면 이상 없음"",""특기사항"",""품질 개선으로 불량 감소""]","[{""value"":""고객 요청: 도장 두께 상향 검토 바람"",""expect"":true},{""value"":""Roll 교체 후 표면 이상 없음"",""expect"":true},{""value"":""특기사항"",""expect"":true},{""value"":""abc"",""expect"":true}]",0,dict-candidates,1790837375873,dict-candidates,apply_candidates,dict-candidates,1790837375873,dict-candidates,apply_candidates,0
181,명,NM,\N,TEXT,STRING,100,\N,\N,\N,\N,\N,\N,\N,\N,고객사·품명·색상·국가·사용자처럼 대상을 부르는 이름이다. 지시·생산·출하 대상의 이름을 가리지 않고 같은 값 정의를 쓴다.,"[""동국씨엠"",""표준색상 화이트"",""컬러강판 A"",""대한민국""]","[{""value"":""동국씨엠"",""expect"":true},{""value"":""표준색상 화이트"",""expect"":true}]",0,dict-candidates,1790837375873,dict-candidates,apply_candidates,dict-candidates,1790837375873,dict-candidates,apply_candidates,0
182,비고,RMK,\N,TEXT,STRING,300,\N,\N,\N,\N,\N,\N,\N,\N,300자 이내의 비고·사유·원인·짧은 내용. REMARK·RMRK·사유(REA)·원인(CAU)·불만내용 등.,"[""특이사항 없음""]",\N,0,dict-candidates,1790837375873,dict-candidates,apply_candidates,dict-candidates,1790837375873,dict-candidates,apply_candidates,0
183,설명,DESC,180,TEXT,STRING,1000,\N,\N,\N,\N,\N,\N,\N,\N,1000자 이내의 설명·특기·계획 서술. DESCRIPTION·용어설명·부적합개선계획·키워드링크·작업자 지시사항 등.,"[""용어 정의 설명"",""Automotive inner panel"",""코드값 설명: 냉연 정정 라인""]","[{""value"":""코드값 설명: 냉연 정정 라인"",""expect"":true}]",0,dict-candidates,1790837375873,dict-candidates,apply_candidates,dict-candidates,1790837375873,dict-candidates,apply_candidates,0
184,주소,ADR,180,TEXT,STRING,500,\N,\N,\N,\N,\N,\N,\N,\N,목적지·하차지 같은 장소의 우편 주소이다.,"[""경북 포항시 남구 동해안로 6363""]","[{""value"":""경북 포항시 남구 동해안로 6363"",""expect"":true}]",0,dict-candidates,1790837375873,dict-candidates,apply_candidates,dict-candidates,1790837375873,dict-candidates,apply_candidates,0
185,경로,PATH,\N,TEXT,STRING,1000,\N,\N,\N,\N,\N,\N,\N,\N,"파일 경로와 웹 URL 을 담는다. 두 값은 값 정의(길이 1000, 검증식 없음)가 같아서 도메인 하나로 묶었다.","[""https://m.example.com/order?id=1"",""/data/img/coil/C123.jpg""]","[{""value"":""https://m.example.com/order?id=1"",""expect"":true},{""value"":""/data/img/coil/C123.jpg"",""expect"":true}]",0,dict-candidates,1790837375873,dict-candidates,apply_candidates,41000132,1790869796754,domainMng,domainMng,1
186,IP,IP,\N,TEXT,STRING,45,\N,\N,\N,\N,"STR_MATCHES(value, ""^([0-9]{1,3}[.]){3}[0-9]{1,3}$"") || STR_MATCHES(value, ""^[0-9A-Fa-f]{0,4}(:[0-9A-Fa-f]{0,4}){2,7}$"")","{""type"":""INFIX_OPERATOR"",""value"":""||"",""params"":[{""type"":""FUNCTION"",""value"":""STR_MATCHES"",""params"":[{""type"":""VARIABLE_OR_CONSTANT"",""value"":""value""},{""type"":""STRING_LITERAL"",""value"":""^([0-9]{1,3}[.]){3}[0-9]{1,3}$""}]},{""type"":""FUNCTION"",""value"":""STR_MATCHES"",""params"":[{""type"":""VARIABLE_OR_CONSTANT"",""value"":""value""},{""type"":""STRING_LITERAL"",""value"":""^[0-9A-Fa-f]{0,4}(:[0-9A-Fa-f]{0,4}){2,7}$""}]}]}",\N,\N,기기의 인터넷 프로토콜 주소이다. IPv4 점 표기와 IPv6 콜론 표기를 받는다. 45 는 IPv6 문자 표기의 최대 길이이다.,"[""10.20.30.40"",""10.1.2.3""]","[{""value"":""10.20.30.40"",""expect"":true},{""value"":""fe80::1"",""expect"":true},{""value"":""10.20.30"",""expect"":false},{""value"":""host-a"",""expect"":false}]",0,dict-candidates,1790837375873,dict-candidates,apply_candidates,41000132,1790869786676,domainMng,domainMng,1
187,이메일,EMAIL,180,TEXT,STRING,254,\N,\N,\N,\N,"STR_MATCHES(value, ""^[^@ ]+@[^@ ]+[.][^@ ]+$"")","{""type"":""FUNCTION"",""value"":""STR_MATCHES"",""params"":[{""type"":""VARIABLE_OR_CONSTANT"",""value"":""value""},{""type"":""STRING_LITERAL"",""value"":""^[^@ ]+@[^@ ]+[.][^@ ]+$""}]}",\N,\N,전자우편 주소 하나를 담는다. 254 는 RFC 5321 경로의 최대 길이이다.,"[""sales@dongkuk.co.kr"",""user@dongkuk.com""]","[{""value"":""sales@dongkuk.co.kr"",""expect"":true},{""value"":""sales.dongkuk.co.kr"",""expect"":false},{""value"":""a@b"",""expect"":false},{""value"":""user@dongkuk.com"",""expect"":true},{""value"":""user.dongkuk.com"",""expect"":false},{""value"":""user@"",""expect"":false},{""value"":""user dongkuk.com"",""expect"":false}]",0,dict-candidates,1790837375873,dict-candidates,apply_candidates,dict-candidates,1790837375873,dict-candidates,apply_candidates,0
188,전화 번호,TEL_NO,180,TEXT,STRING,20,\N,\N,\N,\N,"STR_MATCHES(value, ""^[+]?[0-9][0-9-]{1,19}$"")","{""type"":""FUNCTION"",""value"":""STR_MATCHES"",""params"":[{""type"":""VARIABLE_OR_CONSTANT"",""value"":""value""},{""type"":""STRING_LITERAL"",""value"":""^[+]?[0-9][0-9-]{1,19}$""}]}",\N,\N,전화 또는 휴대전화 번호이다. 숫자·하이픈·앞자리 + 만 받는다.,"[""010-1234-5678"",""02-317-1114"",""0542701234""]","[{""value"":""010-1234-5678"",""expect"":true},{""value"":""01012345678"",""expect"":true},{""value"":""+82-54-123-4567"",""expect"":true},{""value"":""없음"",""expect"":false},{""value"":""02-317-1114"",""expect"":true},{""value"":""0542701234"",""expect"":true},{""value"":""02 123 4567"",""expect"":false},{""value"":"""",""expect"":false}]",0,dict-candidates,1790837375873,dict-candidates,apply_candidates,dict-candidates,1790837375873,dict-candidates,apply_candidates,0
189,비밀번호,PASSWORD,180,TEXT,STRING,500,\N,\N,\N,\N,\N,\N,\N,\N,암호화된 비밀번호 문자열.,"[""$2a$10$...""]",\N,0,dict-candidates,1790837375873,dict-candidates,apply_candidates,dict-candidates,1790837375873,dict-candidates,apply_candidates,0
190,값,V,\N,TEXT,STRING,240,\N,\N,\N,\N,\N,\N,\N,\N,"규칙·조건·인터페이스 항목이 담는 값 문자열. MasterDataRule 기준/최소/최대/상수값, 코드값, L2/L3 인터페이스 요청 데이터, 시험 결과값 등.","[""100"",""A"",""1200"",""12.5""]","[{""value"":""1200"",""expect"":true}]",0,dict-candidates,1790837375873,dict-candidates,apply_candidates,41000132,1790869792583,domainMng,domainMng,1
191,메시지,MSG,\N,TEXT,STRING,240,\N,\N,\N,\N,\N,\N,\N,\N,시스템·공정이 주고받는 전문 또는 응답 문구. L2/L3 인터페이스 실적 전문(투입보고 R_INP·휴지 실적 R_PAU·Tracking 정보 R_TRK·L3시험실적 S_WK_TEST 등)과 RCV/SND.,\N,\N,0,dict-candidates,1790837375873,dict-candidates,apply_candidates,41000132,1790869827271,domainMng,domainMng,1
192,파라미터,PARAMETER,180,TEXT,STRING,400,\N,\N,\N,\N,\N,\N,\N,\N,프로그램이나 프로시저에 전달하는 입력값·설정값 문자열. APS프로시저파라메터·프로그램 파라미터·프로그램값·항목기본값·MasterDataRule PK 정의.,\N,\N,0,dict-candidates,1790837375873,dict-candidates,apply_candidates,dict-candidates,1790837375873,dict-candidates,apply_candidates,0
193,예비 항목,SPR_ITEM,180,TEXT,STRING,150,\N,\N,\N,\N,\N,\N,\N,\N,여분(예비) 항목 문자열. ATTRIBUTE1~(여분항목)·SPARE·여유필드(FIELD_01~)·조건 예비칸(CON1~).,"[""X""]",\N,0,dict-candidates,1790837375873,dict-candidates,apply_candidates,dict-candidates,1790837375873,dict-candidates,apply_candidates,0
194,라우팅,RTG,\N,TEXT,STRING,40,\N,\N,\N,\N,\N,\N,\N,\N,통과공정·계획공정 등 공정 코드를 차례로 이어 붙인 공정 경로 문자열.,"[""CGCLSL""]",\N,0,dict-candidates,1790837375873,dict-candidates,apply_candidates,41000132,1790869808796,domainMng,domainMng,1
195,확정자 정보,CONFIRMER_INF,180,TEXT,STRING,22,\N,\N,\N,\N,\N,\N,\N,\N,"동기화 데이터 확정자 정보(ACCORD_DATA_CONFIRMER_INF, INF1). 72개 테이블 공통 감사 칼럼.","[""U1234567""]",\N,0,dict-candidates,1790837375873,dict-candidates,apply_candidates,dict-candidates,1790837375873,dict-candidates,apply_candidates,0
196,수,CNT,\N,QTY,NUMBER,15,0,EA,\N,\N,value >= 0,"{""type"":""INFIX_OPERATOR"",""value"":"">="",""params"":[{""type"":""VARIABLE_OR_CONSTANT"",""value"":""value""},{""type"":""NUMBER_LITERAL"",""value"":""0""}]}",\N,\N,개수·횟수·매수·건수 등 셀 수 있는 정수 값.,"[""120"",""12""]","[{""value"":""120"",""expect"":true},{""value"":""-1"",""expect"":false},{""value"":""12"",""expect"":true}]",0,dict-candidates,1790837375873,dict-candidates,apply_candidates,dict-candidates,1790837375873,dict-candidates,apply_candidates,0
197,시트 수,SHT_CNT,196,QTY,NUMBER,6,0,EA,\N,\N,\N,\N,\N,\N,시트(판) 매수. 생산완료매수·부적합매수·포장당 매수.,"[""350""]","[{""value"":""350"",""expect"":true},{""value"":""-1"",""expect"":false}]",0,dict-candidates,1790837375873,dict-candidates,apply_candidates,dict-candidates,1790837375873,dict-candidates,apply_candidates,0
198,차수,DEG,196,QTY,NUMBER,2,0,EA,\N,\N,\N,\N,\N,\N,재처리 횟수·시험 차수·슬릿 조수처럼 두 자리 이내의 작은 정수 횟수.,"[""3""]","[{""value"":""3"",""expect"":true},{""value"":""-1"",""expect"":false}]",0,dict-candidates,1790837375873,dict-candidates,apply_candidates,dict-candidates,1790837375873,dict-candidates,apply_candidates,0
199,톤 중량,TON_WGT,\N,QTY,NUMBER,10,3,ton,\N,\N,value >= 0,"{""type"":""INFIX_OPERATOR"",""value"":"">="",""params"":[{""type"":""VARIABLE_OR_CONSTANT"",""value"":""value""},{""type"":""NUMBER_LITERAL"",""value"":""0""}]}",\N,\N,톤 단위로 소수 3자리까지 관리하는 중량(주문단위중량·반입중량·톤수 기준).,"[""25.000""]","[{""value"":""25.000"",""expect"":true},{""value"":""-1"",""expect"":false}]",0,dict-candidates,1790837375873,dict-candidates,apply_candidates,dict-candidates,1790837375873,dict-candidates,apply_candidates,0
200,길이,LTH,\N,QTY,NUMBER,10,0,m,\N,\N,value >= 0,"{""type"":""INFIX_OPERATOR"",""value"":"">="",""params"":[{""type"":""VARIABLE_OR_CONSTANT"",""value"":""value""},{""type"":""NUMBER_LITERAL"",""value"":""0""}]}",\N,\N,코일 총길이·누적 처리길이 등 m 단위 길이(정수).,"[""125000""]","[{""value"":""125000"",""expect"":true},{""value"":""-1"",""expect"":false}]",0,dict-candidates,1790837375873,dict-candidates,apply_candidates,dict-candidates,1790837375873,dict-candidates,apply_candidates,0
201,코일 길이,COIL_LTH,200,QTY,NUMBER,5,0,m,\N,\N,\N,\N,\N,\N,"코일 1개의 길이(m, 정수 5자리).","[""3500""]","[{""value"":""3500"",""expect"":true},{""value"":""-1"",""expect"":false}]",0,dict-candidates,1790837375873,dict-candidates,apply_candidates,dict-candidates,1790837375873,dict-candidates,apply_candidates,0
202,두께,THK,\N,QTY,NUMBER,5,3,mm,\N,\N,value >= 0,"{""type"":""INFIX_OPERATOR"",""value"":"">="",""params"":[{""type"":""VARIABLE_OR_CONSTANT"",""value"":""value""},{""type"":""NUMBER_LITERAL"",""value"":""0""}]}",\N,\N,"강판·코일·원재료·주문의 두께 치수(mm, 소수 3자리). 목표·Set·상하한·FROM/TO·DS/WS 측정 두께도 같은 값 정의.","[""0.500"",""1.200"",""0.350""]","[{""value"":""0.500"",""expect"":true},{""value"":""-1"",""expect"":false},{""value"":""0.35"",""expect"":true},{""value"":""0"",""expect"":true},{""value"":""-0.1"",""expect"":false},{""value"":""0.5"",""expect"":true}]",0,dict-candidates,1790837375873,dict-candidates,apply_candidates,dict-candidates,1790837375873,dict-candidates,apply_candidates,0
203,두께 공차,THK_TLN,\N,QTY,NUMBER,5,3,mm,\N,\N,\N,\N,\N,\N,두께 기준값과의 허용 편차(mm). 하한 공차는 음수가 올 수 있어 범위식이 없다는 점만 두께와 다르다.,"[""-0.050"",""0.050""]","[{""value"":""-0.050"",""expect"":true}]",0,dict-candidates,1790837375873,dict-candidates,apply_candidates,dict-candidates,1790837375873,dict-candidates,apply_candidates,0
204,필름 두께,FLM_THK,\N,QTY,NUMBER,3,0,um,\N,\N,value >= 0,"{""type"":""INFIX_OPERATOR"",""value"":"">="",""params"":[{""type"":""VARIABLE_OR_CONSTANT"",""value"":""value""},{""type"":""NUMBER_LITERAL"",""value"":""0""}]}",\N,\N,도막·보호필름·도금층처럼 마이크로미터 단위로 재는 얇은 막 두께(정수 µm).,"[""20"",""5""]","[{""value"":""20"",""expect"":true},{""value"":""-1"",""expect"":false}]",0,dict-candidates,1790837375873,dict-candidates,apply_candidates,dict-candidates,1790837375873,dict-candidates,apply_candidates,0
205,폭,WTH,\N,QTY,NUMBER,5,1,mm,\N,\N,value >= 0,"{""type"":""INFIX_OPERATOR"",""value"":"">="",""params"":[{""type"":""VARIABLE_OR_CONSTANT"",""value"":""value""},{""type"":""NUMBER_LITERAL"",""value"":""0""}]}",\N,\N,"강판 폭 치수(목표폭 기준값, 폭 그룹).","[""1219.0""]","[{""value"":""1219"",""expect"":true},{""value"":""0"",""expect"":true},{""value"":""-1"",""expect"":false}]",0,dict-candidates,1790837375873,dict-candidates,apply_candidates,dict-candidates,1790837375873,dict-candidates,apply_candidates,0
206,폭 공차,WTH_TLN,\N,QTY,NUMBER,5,1,mm,\N,\N,\N,\N,\N,\N,"폭 기준값과의 허용 편차(mm, 소수 1자리). 음수 허용.","[""-2.0"",""5.0""]","[{""value"":""-2.0"",""expect"":true}]",0,dict-candidates,1790837375873,dict-candidates,apply_candidates,dict-candidates,1790837375873,dict-candidates,apply_candidates,0
207,치수,DMS,\N,QTY,NUMBER,5,1,mm,\N,\N,value >= 0,"{""type"":""INFIX_OPERATOR"",""value"":"">="",""params"":[{""type"":""VARIABLE_OR_CONSTANT"",""value"":""value""},{""type"":""NUMBER_LITERAL"",""value"":""0""}]}",\N,\N,시트 길이·내경·외경·피치·높이 등 mm 단위 치수(소수 1자리). 폭(꼬리 WTH)은 통합 때 폭 도메인으로 옮김. 의미는 컬럼이 담고 값 정의는 하나다.,"[""1219.0"",""508.0""]","[{""value"":""1219.0"",""expect"":true},{""value"":""-1"",""expect"":false}]",0,dict-candidates,1790837375873,dict-candidates,apply_candidates,dict-candidates,1790837375873,dict-candidates,apply_candidates,0
208,롤 직경,ROLL_DIA,\N,QTY,NUMBER,9,3,mm,\N,\N,value >= 0,"{""type"":""INFIX_OPERATOR"",""value"":"">="",""params"":[{""type"":""VARIABLE_OR_CONSTANT"",""value"":""value""},{""type"":""NUMBER_LITERAL"",""value"":""0""}]}",\N,\N,"압연·도장 롤의 직경·연삭 전후경(mm, 소수 3자리).","[""450.125""]","[{""value"":""450.125"",""expect"":true},{""value"":""-1"",""expect"":false}]",0,dict-candidates,1790837375873,dict-candidates,apply_candidates,dict-candidates,1790837375873,dict-candidates,apply_candidates,0
209,비율,RT,\N,QTY,NUMBER,5,2,pct,\N,\N,value >= 0,"{""type"":""INFIX_OPERATOR"",""value"":"">="",""params"":[{""type"":""VARIABLE_OR_CONSTANT"",""value"":""value""},{""type"":""NUMBER_LITERAL"",""value"":""0""}]}",\N,\N,수율·부적합률·속도비 등 백분율(소수 2자리).,"[""98.75"",""12.5"",""85.50""]","[{""value"":""98.75"",""expect"":true},{""value"":""-1"",""expect"":false},{""value"":""12.5"",""expect"":true},{""value"":""85.5"",""expect"":true},{""value"":""0"",""expect"":true}]",0,dict-candidates,1790837375873,dict-candidates,apply_candidates,dict-candidates,1790837375873,dict-candidates,apply_candidates,0
210,연신율,ELGN,209,QTY,NUMBER,3,1,pct,\N,\N,\N,\N,\N,\N,"재질·텐션레벨러 연신율(%, 소수 1자리).","[""35.5""]","[{""value"":""35.5"",""expect"":true},{""value"":""-1"",""expect"":false}]",0,dict-candidates,1790837375873,dict-candidates,apply_candidates,dict-candidates,1790837375873,dict-candidates,apply_candidates,0
211,수율,YLD,209,QTY,NUMBER,5,2,pct,\N,\N,value <= 100,"{""type"":""INFIX_OPERATOR"",""value"":""<="",""params"":[{""type"":""VARIABLE_OR_CONSTANT"",""value"":""value""},{""type"":""NUMBER_LITERAL"",""value"":""100""}]}",\N,\N,"투입 대비 양품 산출 비율(제품·공정·원자재 목표수율, 칼라수율, 종합수율). 부모 비율에 0~100 상한을 더한 자식.","[""97.50""]","[{""value"":""97.5"",""expect"":true},{""value"":""100"",""expect"":true},{""value"":""100.01"",""expect"":false},{""value"":""-1"",""expect"":false}]",0,dict-candidates,1790837375873,dict-candidates,apply_candidates,dict-candidates,1790837375873,dict-candidates,apply_candidates,0
212,고형분,NV,\N,QTY,NUMBER,7,2,pct,\N,\N,value >= 0,"{""type"":""INFIX_OPERATOR"",""value"":"">="",""params"":[{""type"":""VARIABLE_OR_CONSTANT"",""value"":""value""},{""type"":""NUMBER_LITERAL"",""value"":""0""}]}",\N,\N,"도료 고형분(NV)·고형분 비율(%, 소수 2자리).","[""45.50""]","[{""value"":""45.50"",""expect"":true},{""value"":""-1"",""expect"":false}]",0,dict-candidates,1790837375873,dict-candidates,apply_candidates,dict-candidates,1790837375873,dict-candidates,apply_candidates,0
213,성분,ING,\N,QTY,NUMBER,6,4,pct,\N,\N,value >= 0,"{""type"":""INFIX_OPERATOR"",""value"":"">="",""params"":[{""type"":""VARIABLE_OR_CONSTANT"",""value"":""value""},{""type"":""NUMBER_LITERAL"",""value"":""0""}]}",\N,\N,"원재료 밀시트·시험분석의 화학 성분 함량(질량%, 소수 4자리). C·Si·Mn·P·S·Al·Cu·Ni·Cr·Zn 등 원소 공통.","[""0.0450"",""12.5000"",""0.1500""]","[{""value"":""0.0450"",""expect"":true},{""value"":""-1"",""expect"":false},{""value"":""0.15"",""expect"":true},{""value"":""0"",""expect"":true},{""value"":""-0.1"",""expect"":false}]",0,dict-candidates,1790837375873,dict-candidates,apply_candidates,dict-candidates,1790837375873,dict-candidates,apply_candidates,0
214,온도,TEM,\N,QTY,NUMBER,5,1,degC,\N,\N,\N,\N,\N,\N,"로·욕조·코일·오븐 온도(℃, 소수 1자리).","[""680.0"",""55.0"",""455.3"",""820"",""240""]","[{""value"":""680.0"",""expect"":true},{""value"":""455.3"",""expect"":true},{""value"":""820"",""expect"":true}]",0,dict-candidates,1790837375873,dict-candidates,apply_candidates,dict-candidates,1790837375873,dict-candidates,apply_candidates,0
215,시간,TIM,\N,QTY,NUMBER,10,0,min,\N,\N,value >= 0,"{""type"":""INFIX_OPERATOR"",""value"":"">="",""params"":[{""type"":""VARIABLE_OR_CONSTANT"",""value"":""value""},{""type"":""NUMBER_LITERAL"",""value"":""0""}]}",\N,\N,"작업·휴지·경과 시간(분, 정수).","[""90""]","[{""value"":""90"",""expect"":true},{""value"":""-1"",""expect"":false},{""value"":""0"",""expect"":true}]",0,dict-candidates,1790837375873,dict-candidates,apply_candidates,dict-candidates,1790837375873,dict-candidates,apply_candidates,0
216,일 수,DAY_CNT,\N,QTY,NUMBER,8,3,day,\N,\N,value >= 0,"{""type"":""INFIX_OPERATOR"",""value"":"">="",""params"":[{""type"":""VARIABLE_OR_CONSTANT"",""value"":""value""},{""type"":""NUMBER_LITERAL"",""value"":""0""}]}",\N,\N,경과·보관 일수를 숫자로 담는 값 정의. 재고경과일수·체화일수·잔량경과일수·최대저장일수 등.,"[""3.5""]","[{""value"":""3.5"",""expect"":true},{""value"":""0"",""expect"":true},{""value"":""-2"",""expect"":false}]",0,dict-candidates,1790837375873,dict-candidates,apply_candidates,dict-candidates,1790837375873,dict-candidates,apply_candidates,0
217,금액,AMNT,\N,QTY,NUMBER,18,3,KRW,\N,\N,\N,\N,\N,\N,"판매금액·원가·손익 금액(원, 소수 3자리). 손익은 음수가 올 수 있다.","[""1250000.000"",""15000.00"",""1250000.00"",""1500000.00""]","[{""value"":""1250000.000"",""expect"":true},{""value"":""15000"",""expect"":true},{""value"":""-200"",""expect"":true},{""value"":""1250000"",""expect"":true}]",0,dict-candidates,1790837375873,dict-candidates,apply_candidates,dict-candidates,1790837375873,dict-candidates,apply_candidates,0
218,가격,PRICE,217,QTY,NUMBER,15,2,\N,\N,\N,value >= 0,"{""type"":""INFIX_OPERATOR"",""value"":"">="",""params"":[{""type"":""VARIABLE_OR_CONSTANT"",""value"":""value""},{""type"":""NUMBER_LITERAL"",""value"":""0""}]}",\N,\N,단가·운송단가·표준원가 등 단위당 가격(소수 2자리).,"[""850.50"",""15000.000""]","[{""value"":""850.50"",""expect"":true},{""value"":""-1"",""expect"":false}]",0,dict-candidates,1790837375873,dict-candidates,apply_candidates,dict-candidates,1790837375873,dict-candidates,apply_candidates,0
219,수치,NUM,\N,QTY,NUMBER,15,4,\N,\N,\N,\N,\N,\N,\N,단위가 컬럼마다 다르거나 확인되지 않은 숫자 값의 공통 도메인. 조도·색차·광택도·MEK·도금량·압축강도·L2 설정값·Range 최소/최대값 등.,"[""0.85"",""120"",""3"",""12.5""]","[{""value"":""12.5"",""expect"":true}]",0,dict-candidates,1790837375873,dict-candidates,apply_candidates,dict-candidates,1790837375873,dict-candidates,apply_candidates,0
220,측정 값,MSR_V,219,QTY,NUMBER,14,3,\N,\N,\N,\N,\N,\N,\N,의미·단위를 컬럼명/코멘트로 특정할 수 없는 설비 운전조건·시험 수치를 임시로 담는 포괄 도메인.,"[""123.456""]","[{""value"":""123.456"",""expect"":true},{""value"":""-5"",""expect"":true}]",0,dict-candidates,1790837375873,dict-candidates,apply_candidates,dict-candidates,1790837375873,dict-candidates,apply_candidates,0
221,압력,PRES,\N,QTY,NUMBER,5,0,\N,\N,\N,value >= 0,"{""type"":""INFIX_OPERATOR"",""value"":"">="",""params"":[{""type"":""VARIABLE_OR_CONSTANT"",""value"":""value""},{""type"":""NUMBER_LITERAL"",""value"":""0""}]}",\N,\N,코터 NIP 롤 압력 등 설비 압력 설정·실적값.,"[""1200"",""120""]","[{""value"":""1200"",""expect"":true},{""value"":""-5"",""expect"":false},{""value"":""120"",""expect"":true},{""value"":""0"",""expect"":true}]",0,dict-candidates,1790837375873,dict-candidates,apply_candidates,dict-candidates,1790837375873,dict-candidates,apply_candidates,0
222,농도,CCT,\N,QTY,NUMBER,3,1,\N,\N,\N,value >= 0,"{""type"":""INFIX_OPERATOR"",""value"":"">="",""params"":[{""type"":""VARIABLE_OR_CONSTANT"",""value"":""value""},{""type"":""NUMBER_LITERAL"",""value"":""0""}]}",\N,\N,처리액·전해액·탈지액의 농도·알칼리도(소수 1자리).,"[""25.5"",""12.5""]","[{""value"":""25.5"",""expect"":true},{""value"":""-1"",""expect"":false},{""value"":""-0.1"",""expect"":false}]",0,dict-candidates,1790837375873,dict-candidates,apply_candidates,dict-candidates,1790837375873,dict-candidates,apply_candidates,0
223,pH,PH,\N,QTY,NUMBER,3,1,pH,\N,\N,value >= 0 && value <= 14,"{""type"":""INFIX_OPERATOR"",""value"":""&&"",""params"":[{""type"":""INFIX_OPERATOR"",""value"":"">="",""params"":[{""type"":""VARIABLE_OR_CONSTANT"",""value"":""value""},{""type"":""NUMBER_LITERAL"",""value"":""0""}]},{""type"":""INFIX_OPERATOR"",""value"":""<="",""params"":[{""type"":""VARIABLE_OR_CONSTANT"",""value"":""value""},{""type"":""NUMBER_LITERAL"",""value"":""14""}]}]}",\N,\N,용액의 수소이온농도 지수(소수 1자리).,"[""7.2""]","[{""value"":""7.2"",""expect"":true},{""value"":""14.5"",""expect"":false},{""value"":""14"",""expect"":true},{""value"":""-0.1"",""expect"":false}]",0,dict-candidates,1790837375873,dict-candidates,apply_candidates,dict-candidates,1790837375873,dict-candidates,apply_candidates,0
224,속도,SPD,\N,QTY,NUMBER,5,0,mpm,\N,\N,value >= 0,"{""type"":""INFIX_OPERATOR"",""value"":"">="",""params"":[{""type"":""VARIABLE_OR_CONSTANT"",""value"":""value""},{""type"":""NUMBER_LITERAL"",""value"":""0""}]}",\N,\N,"라인 속도·롤 속도(m/min, 정수).","[""180""]","[{""value"":""180"",""expect"":true},{""value"":""-1"",""expect"":false}]",0,dict-candidates,1790837375873,dict-candidates,apply_candidates,dict-candidates,1790837375873,dict-candidates,apply_candidates,0
225,RPM,RPM,\N,QTY,NUMBER,4,0,rpm,\N,\N,value >= 0,"{""type"":""INFIX_OPERATOR"",""value"":"">="",""params"":[{""type"":""VARIABLE_OR_CONSTANT"",""value"":""value""},{""type"":""NUMBER_LITERAL"",""value"":""0""}]}",\N,\N,분당 회전수.,"[""1450""]","[{""value"":""1450"",""expect"":true},{""value"":""-1"",""expect"":false}]",0,dict-candidates,1790837375873,dict-candidates,apply_candidates,dict-candidates,1790837375873,dict-candidates,apply_candidates,0
226,시간당생산량,TPH,\N,QTY,NUMBER,6,2,TON_H,\N,\N,value >= 0,"{""type"":""INFIX_OPERATOR"",""value"":"">="",""params"":[{""type"":""VARIABLE_OR_CONSTANT"",""value"":""value""},{""type"":""NUMBER_LITERAL"",""value"":""0""}]}",\N,\N,라인 시간당 생산량(ton/h).,"[""45.50"",""85.250""]","[{""value"":""45.50"",""expect"":true},{""value"":""-1"",""expect"":false},{""value"":""85.25"",""expect"":true}]",0,dict-candidates,1790837375873,dict-candidates,apply_candidates,dict-candidates,1790837375873,dict-candidates,apply_candidates,0
227,장력,TNS,\N,QTY,NUMBER,6,1,\N,\N,\N,\N,\N,\N,\N,라인 텐션·브라이들 장력(소수 1자리).,"[""1200.0"",""1250.5""]","[{""value"":""1200.0"",""expect"":true},{""value"":""1250.5"",""expect"":true}]",0,dict-candidates,1790837375873,dict-candidates,apply_candidates,dict-candidates,1790837375873,dict-candidates,apply_candidates,0
228,힘,FRC,\N,QTY,NUMBER,5,0,\N,\N,\N,\N,\N,\N,\N,코터 롤 힘·닙 압력·프레스 롤 압력(정수).,"[""350""]","[{""value"":""350"",""expect"":true}]",0,dict-candidates,1790837375873,dict-candidates,apply_candidates,dict-candidates,1790837375873,dict-candidates,apply_candidates,0
229,부하,LOAD,228,QTY,NUMBER,4,0,\N,\N,\N,\N,\N,\N,\N,코터 롤 모터 부하·오븐 용제 부하(정수).,"[""75""]","[{""value"":""75"",""expect"":true}]",0,dict-candidates,1790837375873,dict-candidates,apply_candidates,dict-candidates,1790837375873,dict-candidates,apply_candidates,0
230,강도,STRG,\N,QTY,NUMBER,3,0,MPa,\N,\N,value >= 0,"{""type"":""INFIX_OPERATOR"",""value"":"">="",""params"":[{""type"":""VARIABLE_OR_CONSTANT"",""value"":""value""},{""type"":""NUMBER_LITERAL"",""value"":""0""}]}",\N,\N,"인장강도(TS)·항복점(YP) 등 기계적 강도(MPa, 정수).","[""440""]","[{""value"":""440"",""expect"":true},{""value"":""-1"",""expect"":false}]",0,dict-candidates,1790837375873,dict-candidates,apply_candidates,dict-candidates,1790837375873,dict-candidates,apply_candidates,0
231,경도,HRDN,\N,QTY,NUMBER,5,2,\N,\N,\N,value >= 0,"{""type"":""INFIX_OPERATOR"",""value"":"">="",""params"":[{""type"":""VARIABLE_OR_CONSTANT"",""value"":""value""},{""type"":""NUMBER_LITERAL"",""value"":""0""}]}",\N,\N,롤 경도·재질 경도(HRB·Hv·HS)·수질 경도(소수 2자리).,"[""85.50"",""65.50""]","[{""value"":""85.50"",""expect"":true},{""value"":""-1"",""expect"":false},{""value"":""65.5"",""expect"":true}]",0,dict-candidates,1790837375873,dict-candidates,apply_candidates,dict-candidates,1790837375873,dict-candidates,apply_candidates,0
232,재질 수치,MQL_NUM,\N,QTY,NUMBER,4,1,\N,\N,\N,\N,\N,\N,\N,재질 실적의 위치별(DS/WS/CS/평균) 측정값: 합금화도·HRB·Hv·에릭슨·HR30T 등(소수 1자리).,"[""62.5""]","[{""value"":""62.5"",""expect"":true}]",0,dict-candidates,1790837375873,dict-candidates,apply_candidates,dict-candidates,1790837375873,dict-candidates,apply_candidates,0
233,조도,ROU,\N,QTY,NUMBER,3,2,um,\N,\N,value >= 0,"{""type"":""INFIX_OPERATOR"",""value"":"">="",""params"":[{""type"":""VARIABLE_OR_CONSTANT"",""value"":""value""},{""type"":""NUMBER_LITERAL"",""value"":""0""}]}",\N,\N,"표면·롤 조도 Ra/Rmax(µm, 소수 2자리).","[""1.25"",""1.2""]","[{""value"":""1.25"",""expect"":true},{""value"":""-1"",""expect"":false},{""value"":""1.2"",""expect"":true}]",0,dict-candidates,1790837375873,dict-candidates,apply_candidates,dict-candidates,1790837375873,dict-candidates,apply_candidates,0
234,색상 차,CLR_DIF,\N,QTY,NUMBER,4,3,\N,\N,\N,\N,\N,\N,\N,"색차 ΔE·ΔL·Δa·Δb(무차원, 소수 3자리). 음수 허용.","[""-0.350"",""1.200""]","[{""value"":""-0.350"",""expect"":true}]",0,dict-candidates,1790837375873,dict-candidates,apply_candidates,dict-candidates,1790837375873,dict-candidates,apply_candidates,0
235,광택,LUS,\N,QTY,NUMBER,4,1,GU,\N,\N,value >= 0,"{""type"":""INFIX_OPERATOR"",""value"":"">="",""params"":[{""type"":""VARIABLE_OR_CONSTANT"",""value"":""value""},{""type"":""NUMBER_LITERAL"",""value"":""0""}]}",\N,\N,"도장 표면 광택도(GU, 소수 1자리).","[""85.0""]","[{""value"":""85.0"",""expect"":true},{""value"":""-1"",""expect"":false}]",0,dict-candidates,1790837375873,dict-candidates,apply_candidates,dict-candidates,1790837375873,dict-candidates,apply_candidates,0
236,도금량,GW,\N,QTY,NUMBER,4,1,GPM2,\N,\N,value >= 0,"{""type"":""INFIX_OPERATOR"",""value"":"">="",""params"":[{""type"":""VARIABLE_OR_CONSTANT"",""value"":""value""},{""type"":""NUMBER_LITERAL"",""value"":""0""}]}",\N,\N,"도금·아연·니켈 부착량(g/m², 소수 1자리).","[""90.0"",""90.5""]","[{""value"":""90.0"",""expect"":true},{""value"":""-1"",""expect"":false},{""value"":""90.5"",""expect"":true}]",0,dict-candidates,1790837375873,dict-candidates,apply_candidates,dict-candidates,1790837375873,dict-candidates,apply_candidates,0
237,비중,GRA,\N,QTY,NUMBER,7,2,\N,\N,\N,value >= 0,"{""type"":""INFIX_OPERATOR"",""value"":"">="",""params"":[{""type"":""VARIABLE_OR_CONSTANT"",""value"":""value""},{""type"":""NUMBER_LITERAL"",""value"":""0""}]}",\N,\N,"도료·용제·코일 비중(무차원, 소수 2자리).","[""7.85"",""1.20""]","[{""value"":""7.85"",""expect"":true},{""value"":""-1"",""expect"":false}]",0,dict-candidates,1790837375873,dict-candidates,apply_candidates,dict-candidates,1790837375873,dict-candidates,apply_candidates,0
238,점도,VISCO,\N,QTY,NUMBER,3,0,\N,\N,\N,value >= 0,"{""type"":""INFIX_OPERATOR"",""value"":"">="",""params"":[{""type"":""VARIABLE_OR_CONSTANT"",""value"":""value""},{""type"":""NUMBER_LITERAL"",""value"":""0""}]}",\N,\N,도료 작업 점도(정수).,"[""60""]","[{""value"":""60"",""expect"":true},{""value"":""-1"",""expect"":false}]",0,dict-candidates,1790837375873,dict-candidates,apply_candidates,dict-candidates,1790837375873,dict-candidates,apply_candidates,0
239,면적,AREA,\N,QTY,NUMBER,10,0,M2,\N,\N,value >= 0,"{""type"":""INFIX_OPERATOR"",""value"":"">="",""params"":[{""type"":""VARIABLE_OR_CONSTANT"",""value"":""value""},{""type"":""NUMBER_LITERAL"",""value"":""0""}]}",\N,\N,"포장재 사용면적·표면적(m², 정수).","[""1500""]","[{""value"":""1500"",""expect"":true},{""value"":""-1"",""expect"":false}]",0,dict-candidates,1790837375873,dict-candidates,apply_candidates,dict-candidates,1790837375873,dict-candidates,apply_candidates,0
240,각도,ANG,\N,QTY,NUMBER,15,0,deg,\N,\N,value >= 0,"{""type"":""INFIX_OPERATOR"",""value"":"">="",""params"":[{""type"":""VARIABLE_OR_CONSTANT"",""value"":""value""},{""type"":""NUMBER_LITERAL"",""value"":""0""}]}",\N,\N,롤 결함(크랙·타흔·초음파) 각도.,"[""45""]","[{""value"":""45"",""expect"":true},{""value"":""-1"",""expect"":false}]",0,dict-candidates,1790837375873,dict-candidates,apply_candidates,dict-candidates,1790837375873,dict-candidates,apply_candidates,0
241,전류,CRNT,\N,QTY,NUMBER,10,1,A,\N,\N,\N,\N,\N,\N,권취·브라이들 등 설비 전류.,"[""350.5"",""350""]","[{""value"":""350"",""expect"":true}]",0,dict-candidates,1790837375873,dict-candidates,apply_candidates,dict-candidates,1790837375873,dict-candidates,apply_candidates,0
242,전도도,CDTY,\N,QTY,NUMBER,4,2,\N,\N,\N,value >= 0,"{""type"":""INFIX_OPERATOR"",""value"":"">="",""params"":[{""type"":""VARIABLE_OR_CONSTANT"",""value"":""value""},{""type"":""NUMBER_LITERAL"",""value"":""0""}]}",\N,\N,용액 전기 전도도(PCL·ECL·코터·크롬산).,"[""12.35""]","[{""value"":""12.35"",""expect"":true},{""value"":""-1"",""expect"":false}]",0,dict-candidates,1790837375873,dict-candidates,apply_candidates,dict-candidates,1790837375873,dict-candidates,apply_candidates,0
243,원단위,UCNS,\N,QTY,NUMBER,8,2,\N,\N,\N,value >= 0,"{""type"":""INFIX_OPERATOR"",""value"":"">="",""params"":[{""type"":""VARIABLE_OR_CONSTANT"",""value"":""value""},{""type"":""NUMBER_LITERAL"",""value"":""0""}]}",\N,\N,제품 단위량당 부재료(도료·인쇄 잉크·라미나 접착제) 소요량. 레거시 꼬리 _UNT 를 원단위로 쓴다.,"[""12.50""]","[{""value"":""12.5"",""expect"":true},{""value"":""-0.1"",""expect"":false}]",0,dict-candidates,1790837375873,dict-candidates,apply_candidates,dict-candidates,1790837375873,dict-candidates,apply_candidates,0
244,환율,ER,\N,QTY,NUMBER,9,5,\N,\N,\N,value > 0,"{""type"":""INFIX_OPERATOR"",""value"":"">"",""params"":[{""type"":""VARIABLE_OR_CONSTANT"",""value"":""value""},{""type"":""NUMBER_LITERAL"",""value"":""0""}]}",\N,\N,"외화 1단위당 원화 환율. SAP WKURS(DEC 9,5) 기준.","[""1385.25000""]","[{""value"":""1385.25"",""expect"":true},{""value"":""0"",""expect"":false}]",0,dict-candidates,1790837375873,dict-candidates,apply_candidates,dict-candidates,1790837375873,dict-candidates,apply_candidates,0
245,숫자 아이디,NUM_ID,\N,ID,NUMBER,22,0,\N,\N,\N,value >= 0,"{""type"":""INFIX_OPERATOR"",""value"":"">="",""params"":[{""type"":""VARIABLE_OR_CONSTANT"",""value"":""value""},{""type"":""NUMBER_LITERAL"",""value"":""0""}]}",\N,\N,"숫자형 대리키·일련번호를 담는 0 이상 정수(최대 22자리). 애플리케이션·메뉴·보안그룹·코드유형·MasterData 규칙/레이아웃 ID, 상위(FK) ID, 메시지·게시물 번호, 15자리 이상 순서·순번처럼 순번(10자리)보다 긴 숫자 식별자가 같은 값 정의를 쓴다. 기존 아이디·번호는 문자형이라 따로 둔다.",\N,\N,0,dict-candidates,1790837375873,dict-candidates,apply_candidates,dict-candidates,1790837375873,dict-candidates,apply_candidates,0
246,시 단위 시간,HR_TIM,\N,QTY,NUMBER,15,3,h,\N,\N,value >= 0,"{""type"":""INFIX_OPERATOR"",""value"":"">="",""params"":[{""type"":""VARIABLE_OR_CONSTANT"",""value"":""value""},{""type"":""NUMBER_LITERAL"",""value"":""0""}]}",\N,\N,시간(hour) 단위로 소수 3자리까지 담는 경과·작업 시간. 기존 시간 도메인은 분(min) 정수라 단위가 달라 따로 둔다.,\N,\N,0,dict-candidates,1790837375873,dict-candidates,apply_candidates,dict-candidates,1790837375873,dict-candidates,apply_candidates,0
247,면적 소수,AREA_DEC,\N,QTY,NUMBER,13,3,M2,\N,\N,value >= 0,"{""type"":""INFIX_OPERATOR"",""value"":"">="",""params"":[{""type"":""VARIABLE_OR_CONSTANT"",""value"":""value""},{""type"":""NUMBER_LITERAL"",""value"":""0""}]}",\N,\N,m² 단위 면적을 소수 3자리까지 담는다(표면적 등). 기존 면적 도메인은 정수라 소수 자리를 넓힐 수 없어 최상위로 둔다.,\N,\N,0,dict-candidates,1790837375873,dict-candidates,apply_candidates,dict-candidates,1790837375873,dict-candidates,apply_candidates,0
248,전압,VLTG,\N,QTY,NUMBER,5,0,\N,\N,\N,\N,\N,\N,\N,"설비 모터·전해 셀·채널 전위 등 L2 전압 값(정수 5자리). 컬럼명이 Voltage 로 양만 밝히고 단위는 적혀 있지 않아 unit_code 를 비운다(V 로 추정, L2 사양 확인 필요). 회생 등으로 음수가 올 수 있어 범위식을 두지 않는다.",\N,\N,0,dict-candidates,1790837375873,dict-candidates,apply_candidates,dict-candidates,1790837375873,dict-candidates,apply_candidates,0
249,일시 문자열,DH_STR,\N,DATE,STRING,30,\N,\N,\N,\N,\N,\N,\N,\N,"구분자를 포함한 자유 형식 날짜·일시 문자열(최대 30자, 예: YYYY-MM-DD HH24:MI:SS). 형식이 컬럼마다 달라 검증식을 두지 않는다. 일시 문자(14자 고정 형식)보다 길어 최상위로 둔다.",\N,\N,0,dict-candidates,1790837375873,dict-candidates,apply_candidates,dict-candidates,1790837375873,dict-candidates,apply_candidates,0
250,긴 내용,LONG_CTT,\N,TEXT,STRING,\N,\N,\N,\N,\N,\N,\N,\N,\N,VARCHAR 4000 바이트를 넘는 장문(에러 trace·로그 본문 등)을 CLOB 으로 담는다. 타입이 달라 내용 도메인의 자식이 될 수 없다.,\N,\N,0,dict-candidates,1790837375873,dict-candidates,apply_candidates,dict-candidates,1790837375873,dict-candidates,apply_candidates,0
251,주파수,FREQ,\N,QTY,NUMBER,5,0,kHz,\N,\N,value >= 0,"{""type"":""INFIX_OPERATOR"",""value"":"">="",""params"":[{""type"":""VARIABLE_OR_CONSTANT"",""value"":""value""},{""type"":""NUMBER_LITERAL"",""value"":""0""}]}",\N,\N,"인버터 등 설비의 주파수(kHz, 정수). 컬럼명 KHZ 로 단위 확인.",\N,\N,0,dict-candidates,1790837375873,dict-candidates,apply_candidates,dict-candidates,1790837375873,dict-candidates,apply_candidates,0
252,전력,PWR,\N,QTY,NUMBER,5,0,kW,\N,\N,value >= 0,"{""type"":""INFIX_OPERATOR"",""value"":"">="",""params"":[{""type"":""VARIABLE_OR_CONSTANT"",""value"":""value""},{""type"":""NUMBER_LITERAL"",""value"":""0""}]}",\N,\N,"인버터 등 설비의 전력(kW, 정수). 컬럼명 KW 로 단위 확인.",\N,\N,0,dict-candidates,1790837375873,dict-candidates,apply_candidates,dict-candidates,1790837375873,dict-candidates,apply_candidates,0
253,속도 소수,SPD_DEC,\N,QTY,NUMBER,5,1,\N,\N,\N,value >= 0,"{""type"":""INFIX_OPERATOR"",""value"":"">="",""params"":[{""type"":""VARIABLE_OR_CONSTANT"",""value"":""value""},{""type"":""NUMBER_LITERAL"",""value"":""0""}]}",\N,\N,압연 스탠드·스트립·롤 속도를 소수 1자리로 담는 L2 값. 단위가 컬럼에 적혀 있지 않아 unit_code 를 비운다(mpm 추정). 기존 속도 도메인은 mpm 정수라 소수 자리를 넓힐 수 없어 최상위로 둔다.,\N,\N,0,dict-candidates,1790837375873,dict-candidates,apply_candidates,dict-candidates,1790837375873,dict-candidates,apply_candidates,0
254,정밀 단가,PRCS_PRICE,\N,QTY,NUMBER,26,6,\N,\N,\N,value >= 0,"{""type"":""INFIX_OPERATOR"",""value"":"">="",""params"":[{""type"":""VARIABLE_OR_CONSTANT"",""value"":""value""},{""type"":""NUMBER_LITERAL"",""value"":""0""}]}",\N,\N,"소수 6자리까지 관리하는 단위당 가격(상품 판매단가·원가). NUMBER(18,6)·NUMBER(23,3) 을 모두 담도록 26,6 으로 잡았다. 통화가 컬럼에 없어 unit_code 를 비운다. 가격(15,2)·금액(18,3)보다 넓어 최상위로 둔다.",\N,\N,0,dict-candidates,1790837375873,dict-candidates,apply_candidates,dict-candidates,1790837375873,dict-candidates,apply_candidates,0
255,긴 코드,LONG_CD,\N,CODE,STRING,50,\N,\N,\N,\N,\N,\N,\N,\N,20자를 넘는 문자 코드(최대 50자). 마스터 코드·메시지 유형·자재 그룹 등. 코드(20)보다 길어 최상위로 둔다.,\N,\N,0,dict-candidates,1790837375873,dict-candidates,apply_candidates,dict-candidates,1790837375873,dict-candidates,apply_candidates,0
256,필름 두께 소수,FLM_THK_DEC,\N,QTY,NUMBER,4,1,\N,\N,\N,value >= 0,"{""type"":""INFIX_OPERATOR"",""value"":"">="",""params"":[{""type"":""VARIABLE_OR_CONSTANT"",""value"":""value""},{""type"":""NUMBER_LITERAL"",""value"":""0""}]}",\N,\N,도막 두께 값·상한을 소수 1자리로 담는다. 컬럼에 단위가 적혀 있지 않아 unit_code 를 비운다(µm 추정). 필름 두께(정수 µm)보다 소수 자리가 넓어 최상위로 둔다.,\N,\N,0,dict-candidates,1790837375873,dict-candidates,apply_candidates,dict-candidates,1790837375873,dict-candidates,apply_candidates,0
257,긴 명,LONG_NM,\N,TEXT,STRING,120,\N,\N,\N,\N,\N,\N,\N,\N,100자를 넘는 120자 이내 이름(원재료 등급명·재질코드명·메이커 공장명·폭 코드명 등). 명(100)보다 길어 명의 자식이 될 수 없어 내용 아래에 둔다.,\N,\N,0,dict-candidates,1790837375873,dict-candidates,apply_candidates,41000132,1790869801361,domainMng,domainMng,1
258,숫자 코드,NUM_CD,\N,CODE,NUMBER,4,0,\N,\N,\N,\N,\N,\N,\N,"숫자형으로 저장하는 구분 코드(정수 4자리, 예: 롤 곡선 구분). 문자형 코드 도메인과 타입이 달라 최상위로 둔다.",\N,\N,0,dict-candidates,1790837375873,dict-candidates,apply_candidates,dict-candidates,1790837375873,dict-candidates,apply_candidates,0
259,pH 소수,PH_DEC,\N,QTY,NUMBER,4,2,pH,\N,\N,value >= 0 && value <= 14,"{""type"":""INFIX_OPERATOR"",""value"":""&&"",""params"":[{""type"":""INFIX_OPERATOR"",""value"":"">="",""params"":[{""type"":""VARIABLE_OR_CONSTANT"",""value"":""value""},{""type"":""NUMBER_LITERAL"",""value"":""0""}]},{""type"":""INFIX_OPERATOR"",""value"":""<="",""params"":[{""type"":""VARIABLE_OR_CONSTANT"",""value"":""value""},{""type"":""NUMBER_LITERAL"",""value"":""14""}]}]}",\N,\N,"용액 pH 를 소수 2자리로 담는다. 기존 pH(3,1)보다 소수 자리가 넓어 최상위로 둔다.",\N,\N,0,dict-candidates,1790837375873,dict-candidates,apply_candidates,dict-candidates,1790837375873,dict-candidates,apply_candidates,0
260,kg 시간당생산량,KG_TPH,\N,QTY,NUMBER,10,0,KG_H,\N,\N,value >= 0,"{""type"":""INFIX_OPERATOR"",""value"":"">="",""params"":[{""type"":""VARIABLE_OR_CONSTANT"",""value"":""value""},{""type"":""NUMBER_LITERAL"",""value"":""0""}]}",\N,\N,라인 시간당 생산량을 kg/h 정수로 담는다. 기존 시간당생산량은 ton/h 라 단위가 달라 따로 둔다.,\N,\N,0,dict-candidates,1790837375873,dict-candidates,apply_candidates,dict-candidates,1790837375873,dict-candidates,apply_candidates,0
261,점도 소수,VISCO_DEC,\N,QTY,NUMBER,5,1,\N,\N,\N,value >= 0,"{""type"":""INFIX_OPERATOR"",""value"":"">="",""params"":[{""type"":""VARIABLE_OR_CONSTANT"",""value"":""value""},{""type"":""NUMBER_LITERAL"",""value"":""0""}]}",\N,\N,"도료 원액 점도 값·상하한을 소수 1자리로 담는다. 기존 점도(3,0)보다 소수 자리가 넓어 최상위로 둔다.",\N,\N,0,dict-candidates,1790837375873,dict-candidates,apply_candidates,dict-candidates,1790837375873,dict-candidates,apply_candidates,0
262,공정 코드 (2),PROC_CD_2,156,CODE,STRING,2,\N,\N,\N,\N,\N,\N,\N,\N,2자리 코드. 대체공정코드(SUB_PROC_CD1~6)·원판공정·공정코드_ERP 외에 같은 값 정의인 유통경로(FLOW_CHL)·원자재메이커(RMTL_MAK)·수지구분(RSN_TP)·재질코드 등 2자리 코드를 받는다.,"[""CG"",""CC""]",\N,0,dict-candidates,1790837572365,dict-candidates,apply_candidates,dict-candidates,1790837572365,dict-candidates,apply_candidates,0
263,코일 아이디 (7),COIL_ID_7,168,ID,STRING,7,\N,\N,\N,\N,\N,\N,\N,\N,코일(모코일 포함)을 식별하는 7자리 문자형 ID. COIL_ID·PCOIL_ID·FH_COIL_ID 등.,"[""A123456"",""C123456""]","[{""value"":""A123456"",""expect"":true},{""value"":""A1234567"",""expect"":false}]",0,dict-candidates,1790837572365,dict-candidates,apply_candidates,dict-candidates,1790837572365,dict-candidates,apply_candidates,0
264,"수량 (13,3)",QTY_13,\N,QTY,NUMBER,13,3,\N,\N,\N,value >= 0,"{""type"":""INFIX_OPERATOR"",""value"":"">="",""params"":[{""type"":""VARIABLE_OR_CONSTANT"",""value"":""value""},{""type"":""NUMBER_LITERAL"",""value"":""0""}]}",\N,\N,부재료·소모품의 입고·소모·재고 수량(소수 3자리). 단위는 자재 단위(UOM) 컬럼이 따로 정한다.,"[""12.500"",""1250"",""1520.350"",""1250.500""]","[{""value"":""12.500"",""expect"":true},{""value"":""-1"",""expect"":false},{""value"":""1520.35"",""expect"":true},{""value"":""1250.5"",""expect"":true},{""value"":""0"",""expect"":true}]",0,dict-candidates,1790837572365,dict-candidates,apply_candidates,dict-candidates,1790837572365,dict-candidates,apply_candidates,0
265,중량 (15 kg),WGT_15,\N,QTY,NUMBER,15,0,kg,\N,\N,value >= 0,"{""type"":""INFIX_OPERATOR"",""value"":"">="",""params"":[{""type"":""VARIABLE_OR_CONSTANT"",""value"":""value""},{""type"":""NUMBER_LITERAL"",""value"":""0""}]}",\N,\N,주문량·MO 계획/완료량·출하 총중량 등 kg 정수 중량. 수량(QTY) 이름의 kg 생산량도 같은 값 정의.,"[""25000"",""1500000"",""12500""]","[{""value"":""25000"",""expect"":true},{""value"":""-1"",""expect"":false},{""value"":""12500"",""expect"":true},{""value"":""0"",""expect"":true},{""value"":""-5"",""expect"":false}]",0,dict-candidates,1790837572365,dict-candidates,apply_candidates,dict-candidates,1790837572365,dict-candidates,apply_candidates,0
266,코일 중량 (5 kg),COIL_WGT_5,265,QTY,NUMBER,5,0,kg,\N,\N,\N,\N,\N,\N,"코일·원재료 1개 단위의 중량(kg, 정수 5자리).","[""18500""]","[{""value"":""18500"",""expect"":true},{""value"":""-1"",""expect"":false}]",0,dict-candidates,1790837572365,dict-candidates,apply_candidates,dict-candidates,1790837572365,dict-candidates,apply_candidates,0
267,환산 계수,EXC_COEFF,\N,QTY,NUMBER,18,9,ratio,\N,\N,\N,\N,\N,\N,"기준 단위 대비 환산 계수(정확값, decimal). 예: ton = 1000(kg 기준). 같은 차원 안의 단위 환산에만 쓴다. 기존 계수 도메인(65, 3,2)은 소수 자리가 모자라 최상위로 둔다.",\N,\N,0,dict-self,1790866948305,dict-self,apply_mdm_self,dict-self,1790866948305,dict-self,apply_mdm_self,0
268,수치 여부,NUM_YN,\N,FLAG,NUMBER,1,0,\N,\N,\N,value == 0 || value == 1,"{""type"":""INFIX_OPERATOR"",""value"":""||"",""params"":[{""type"":""INFIX_OPERATOR"",""value"":""=="",""params"":[{""type"":""VARIABLE_OR_CONSTANT"",""value"":""value""},{""type"":""NUMBER_LITERAL"",""value"":""0""}]},{""type"":""INFIX_OPERATOR"",""value"":""=="",""params"":[{""type"":""VARIABLE_OR_CONSTANT"",""value"":""value""},{""type"":""NUMBER_LITERAL"",""value"":""1""}]}]}",\N,\N,예·아니오를 정수 1·0 으로 담는 값 정의(1=예). 여부(50)는 Y·N 문자라 유효 식이 상속되면 0/1 을 거부하므로 부모 없이 자기 검증식을 둔다.,\N,"[{""value"":""1"",""expect"":true},{""value"":""0"",""expect"":true},{""value"":""2"",""expect"":false}]",0,dict-self,1790866948305,dict-self,apply_mdm_self,dict-self,1790866948305,dict-self,apply_mdm_self,0
269,소수 버전,DEC_VER,\N,ID,NUMBER,7,3,\N,\N,\N,\N,\N,\N,\N,"마루 코드 버전 번호. DECIMAL(7,3), 정수부 major(1-9998), 소수부 minor(999까지). 기존 736 버전 컬럼의 도메인(190 값, TEXT 240)은 종류가 달라 쓰지 않고, 219 수치(QTY 15,4)는 값은 담지만 버전은 식별자 성격(PK·FK 구성요소)이라 QTY 종류가 맞지 않아 새로 둔다.",\N,\N,0,dict-self,1790866948305,dict-self,apply_mdm_self,dict-self,1790866948305,dict-self,apply_mdm_self,0
270,E2E 도메인 E2EX,DOME2EX,\N,TEXT,STRING,\N,\N,\N,\N,\N,\N,\N,\N,\N,E2E 표준관리자 여정 — 최상위 TEXT 도메인(수정),\N,\N,0,E2E_USR_STD,1791079053373,domainMng,domainMng,E2E_USR_STD,1791079054254,domainMng,domainMng,1
271,E2E 하위 도메인 E2EX,DOMCE2EX,270,TEXT,STRING,\N,\N,\N,\N,\N,\N,\N,\N,\N,\N,\N,\N,0,E2E_USR_STD,1791079057610,domainMng,domainMng,E2E_USR_STD,1791079057610,domainMng,domainMng,0
272,E2E 계량 도메인 E2EX,QTYE2EX,\N,QTY,NUMBER,\N,\N,E2E_USR_CUN,\N,\N,\N,\N,\N,\N,\N,\N,"[{""value"":""10"",""expect"":true,""memo"":""E2E 케이스""}]",0,E2E_USR_STD,1791079059543,domainMng,domainMng,E2E_USR_STD,1791079059543,domainMng,domainMng,0
273,E2E 컬럼용 도메인 E2EX,COLDOME2EX,\N,TEXT,STRING,\N,\N,\N,\N,\N,\N,\N,\N,\N,\N,\N,\N,0,E2E_USR_STD,1791079064277,domainMng,domainMng,E2E_USR_STD,1791079064277,domainMng,domainMng,0
274,E2E 삭제거부 도메인 E2EX,DELQTYE2EX,\N,QTY,NUMBER,\N,\N,E2E_USR_DU1,\N,\N,\N,\N,\N,\N,\N,\N,\N,0,E2E_USR_STD,1791079089928,domainMng,domainMng,E2E_USR_STD,1791079089928,domainMng,domainMng,0
275,E2E 읽기전용 도메인 E2EX,RODOME2EX,\N,TEXT,STRING,\N,\N,\N,\N,\N,\N,\N,\N,\N,\N,\N,\N,0,E2E_USR_STD,1791079108227,domainMng,domainMng,E2E_USR_STD,1791079108227,domainMng,domainMng,0
276,CHK_DOM1,CHK_DOM1,\N,TEXT,STRING,10,\N,\N,\N,\N,\N,\N,\N,\N,\N,\N,\N,0,CHK_STD,1791081988864,domainMng,domainMng,CHK_STD,1791081988864,domainMng,domainMng,0
