REV_SEQ,TARGET_TYPE,TARGET_KEY,CHANGE_KIND,C_USR_ID,C_AT,C_SVC_ID,C_PGM_ID,U_USR_ID,U_AT,U_SVC_ID,U_PGM_ID,VER
1,CODE,EQP_CD,RELOAD,41000132,2026-10-03 00:04:33,metaFeed,mdmCacheMng,41000132,2026-10-03 00:04:33,metaFeed,mdmCacheMng,0
2,CODE,EQP_CD,RELOAD,41000132,2026-10-03 00:04:41,metaFeed,mdmCacheMng,41000132,2026-10-03 00:04:41,metaFeed,mdmCacheMng,0
3,CODE,EQP_CD,RELOAD,41000132,2026-10-03 00:23:36,metaFeed,mdmCacheMng,41000132,2026-10-03 00:23:36,metaFeed,mdmCacheMng,0
4,CODE,LINE_CD,RELOAD,41000132,2026-10-03 00:23:36,metaFeed,mdmCacheMng,41000132,2026-10-03 00:23:36,metaFeed,mdmCacheMng,0
5,LAYOUT,305,SAVE,41000132,2026-10-03 01:55:55,layoutConfirm,layoutConfirm,41000132,2026-10-03 01:55:55,layoutConfirm,layoutConfirm,0
6,LAYOUT,305,SAVE,41000132,2026-10-03 01:56:26,layoutMng,layoutMng,41000132,2026-10-03 01:56:26,layoutMng,layoutMng,0
7,RULE_SET,LS_A3,SAVE,41000132,2026-10-03 01:59:31,ruleSetConfirm,ruleSetConfirm,41000132,2026-10-03 01:59:31,ruleSetConfirm,ruleSetConfirm,0
8,RULE_SET,LS_A3,SAVE,41000132,2026-10-03 01:59:48,ruleSetEdit,ruleSetEdit,41000132,2026-10-03 01:59:48,ruleSetEdit,ruleSetEdit,0
9,COLUMN,TITLE,SAVE,admin,2026-10-03 04:52:12,manualCheck,manualCheck,admin,2026-10-03 04:52:12,manualCheck,manualCheck,0
10,COLUMN,SUBJECT,SAVE,admin,2026-10-03 04:52:12,manualCheck,manualCheck,admin,2026-10-03 04:52:12,manualCheck,manualCheck,0
11,COLUMN,TITLE,SAVE,tooltip-check,2026-10-03 04:52:23,tooltip-check,tooltip-check,tooltip-check,2026-10-03 04:52:23,tooltip-check,tooltip-check,0
12,COLUMN,TITLE,SAVE,admin,2026-10-03 04:55:00,manualCheckRestore,manualCheckRestore,admin,2026-10-03 04:55:00,manualCheckRestore,manualCheckRestore,0
13,COLUMN,SUBJECT,SAVE,admin,2026-10-03 04:55:00,manualCheckRestore,manualCheckRestore,admin,2026-10-03 04:55:00,manualCheckRestore,manualCheckRestore,0
14,COLUMN,ACD_TITLE,SAVE,admin,2026-10-03 06:34:57,cacheScenario,cacheScenario,admin,2026-10-03 06:34:57,cacheScenario,cacheScenario,0
15,COLUMN,ACD_SBJ,SAVE,admin,2026-10-03 06:34:57,cacheScenario,cacheScenario,admin,2026-10-03 06:34:57,cacheScenario,cacheScenario,0
16,COLUMN,ACD_TITLE,SAVE,admin,2026-10-03 06:35:12,cacheScenarioRestore,cacheScenarioRestore,admin,2026-10-03 06:35:12,cacheScenarioRestore,cacheScenarioRestore,0
17,COLUMN,ACD_SBJ,SAVE,admin,2026-10-03 06:35:12,cacheScenarioRestore,cacheScenarioRestore,admin,2026-10-03 06:35:12,cacheScenarioRestore,cacheScenarioRestore,0
18,COLUMN,ACD_TITLE,EVICT,41000132,2026-10-03 15:36:20,metaFeed,mdmCacheMng,41000132,2026-10-03 15:36:20,metaFeed,mdmCacheMng,0
19,COLUMN,ACD_TITLE,RELOAD,41000132,2026-10-03 15:36:57,metaFeed,mdmCacheMng,41000132,2026-10-03 15:36:57,metaFeed,mdmCacheMng,0
20,COLUMN,EQP_CD,EVICT,41000132,2026-10-03 16:38:55,metaFeed,mdmCacheMng,41000132,2026-10-03 16:38:55,metaFeed,mdmCacheMng,0
21,CODE,E2E_CM_MUMC4TTP,RELOAD,admin,2026-10-03 18:00:41,metaFeed,mdmCacheMng,admin,2026-10-03 18:00:41,metaFeed,mdmCacheMng,0
22,CODE,EQP_CD,RELOAD,admin,2026-10-03 18:00:41,metaFeed,mdmCacheMng,admin,2026-10-03 18:00:41,metaFeed,mdmCacheMng,0
23,CODE,LINE_CD,RELOAD,admin,2026-10-03 18:00:41,metaFeed,mdmCacheMng,admin,2026-10-03 18:00:41,metaFeed,mdmCacheMng,0
24,CODE,PROC_CD,RELOAD,admin,2026-10-03 18:00:41,metaFeed,mdmCacheMng,admin,2026-10-03 18:00:41,metaFeed,mdmCacheMng,0
25,CODE,STEEL_STD,RELOAD,admin,2026-10-03 18:00:41,metaFeed,mdmCacheMng,admin,2026-10-03 18:00:41,metaFeed,mdmCacheMng,0
26,CODE,SURF_GRD,RELOAD,admin,2026-10-03 18:00:41,metaFeed,mdmCacheMng,admin,2026-10-03 18:00:41,metaFeed,mdmCacheMng,0
27,CODE,E2E_CM_MUMC4TTP,EVICT,admin,2026-10-03 19:48:03,metaFeed,mdmCacheMng,admin,2026-10-03 19:48:03,metaFeed,mdmCacheMng,0
28,CODE,E2E_PV_2216,SAVE,41000132,2026-10-03 22:17:14,codeConfirm,codeConfirm,41000132,2026-10-03 22:17:14,codeConfirm,codeConfirm,0
29,CODE,E2E_PV_2216,SAVE,41000132,2026-10-03 22:17:33,codeConfirm,codeConfirm,41000132,2026-10-03 22:17:33,codeConfirm,codeConfirm,0
30,CODE,E2E_PV_2216,SAVE,41000132,2026-10-03 22:18:04,codeConfirm,codeConfirm,41000132,2026-10-03 22:18:04,codeConfirm,codeConfirm,0
31,CODE,E2E_PV_2216,SAVE,41000132,2026-10-03 22:18:20,codeConfirm,codeConfirm,41000132,2026-10-03 22:18:20,codeConfirm,codeConfirm,0
32,CODE,E2E_PV_2216,RELOAD,41000132,2026-10-03 22:22:41,metaFeed,mdmCacheMng,41000132,2026-10-03 22:22:41,metaFeed,mdmCacheMng,0
33,CODE,E2E_PV_2216,EVICT,admin,2026-10-03 22:23:36,metaFeed,mdmCacheMng,admin,2026-10-03 22:23:36,metaFeed,mdmCacheMng,0
34,COLUMN,ACD_TITLE,RELOAD,41000132,2026-10-04 06:11:00,metaFeed,mdmCacheMng,41000132,2026-10-04 06:11:00,metaFeed,mdmCacheMng,0
35,DOMAIN,270,SAVE,E2E_USR_STD,2026-10-04 10:57:33,domainMng,domainMng,E2E_USR_STD,2026-10-04 10:57:33,domainMng,domainMng,0
36,DOMAIN,270,SAVE,E2E_USR_STD,2026-10-04 10:57:34,domainMng,domainMng,E2E_USR_STD,2026-10-04 10:57:34,domainMng,domainMng,0
37,DOMAIN,271,SAVE,E2E_USR_STD,2026-10-04 10:57:37,domainMng,domainMng,E2E_USR_STD,2026-10-04 10:57:37,domainMng,domainMng,0
38,DOMAIN,272,SAVE,E2E_USR_STD,2026-10-04 10:57:39,domainMng,domainMng,E2E_USR_STD,2026-10-04 10:57:39,domainMng,domainMng,0
39,DOMAIN,273,SAVE,E2E_USR_STD,2026-10-04 10:57:44,domainMng,domainMng,E2E_USR_STD,2026-10-04 10:57:44,domainMng,domainMng,0
40,DOMAIN,274,SAVE,E2E_USR_STD,2026-10-04 10:58:09,domainMng,domainMng,E2E_USR_STD,2026-10-04 10:58:09,domainMng,domainMng,0
41,DOMAIN,275,SAVE,E2E_USR_STD,2026-10-04 10:58:28,domainMng,domainMng,E2E_USR_STD,2026-10-04 10:58:28,domainMng,domainMng,0
42,LAYOUT,361,SAVE,E2E_USR_STW,2026-10-04 10:59:01,layoutConfirm,layoutConfirm,E2E_USR_STW,2026-10-04 10:59:01,layoutConfirm,layoutConfirm,0
43,LAYOUT,362,SAVE,E2E_USR_STW,2026-10-04 10:59:04,layoutConfirm,layoutConfirm,E2E_USR_STW,2026-10-04 10:59:04,layoutConfirm,layoutConfirm,0
44,LAYOUT,363,SAVE,E2E_USR_STW,2026-10-04 10:59:32,layoutConfirm,layoutConfirm,E2E_USR_STW,2026-10-04 10:59:32,layoutConfirm,layoutConfirm,0
45,CODE,E2E_USR_CD,SAVE,E2E_USR_STW,2026-10-04 11:00:14,codeEdit,codeEdit,E2E_USR_STW,2026-10-04 11:00:14,codeEdit,codeEdit,0
46,CODE,E2E_USR_CD,SAVE,E2E_USR_STW2,2026-10-04 11:00:28,codeEdit,codeEdit,E2E_USR_STW2,2026-10-04 11:00:28,codeEdit,codeEdit,0
47,CODE,E2E_USR_CD,SAVE,E2E_USR_STW,2026-10-04 11:00:29,codeEdit,codeEdit,E2E_USR_STW,2026-10-04 11:00:29,codeEdit,codeEdit,0
48,CODE,E2E_USR_CD,SAVE,E2E_USR_STW,2026-10-04 11:00:59,codeConfirm,codeConfirm,E2E_USR_STW,2026-10-04 11:00:59,codeConfirm,codeConfirm,0
49,CODE,E2E_USR_CD,SAVE,E2E_USR_STW,2026-10-04 11:01:11,codeItemEdit,codeItemEdit,E2E_USR_STW,2026-10-04 11:01:11,codeItemEdit,codeItemEdit,0
50,CODE,E2E_USR_CD,SAVE,E2E_USR_STW,2026-10-04 11:01:23,codeEdit,codeEdit,E2E_USR_STW,2026-10-04 11:01:23,codeEdit,codeEdit,0
51,CODE,E2E_USR_CD,SAVE,E2E_USR_STW,2026-10-04 11:01:23,codeEdit,codeEdit,E2E_USR_STW,2026-10-04 11:01:23,codeEdit,codeEdit,0
52,CODE,E2E_USR_DLC,SAVE,E2E_USR_STW,2026-10-04 11:01:57,codeEdit,codeEdit,E2E_USR_STW,2026-10-04 11:01:57,codeEdit,codeEdit,0
53,CODE,E2E_USR_DEL,SAVE,E2E_USR_STW,2026-10-04 11:02:16,codeConfirm,codeConfirm,E2E_USR_STW,2026-10-04 11:02:16,codeConfirm,codeConfirm,0
54,RULE,E2E_USR_DME,SAVE,E2E_USR_STW,2026-10-04 11:04:33,ruleMng,ruleMng,E2E_USR_STW,2026-10-04 11:04:33,ruleMng,ruleMng,0
55,RULE,E2E_USR_DME,SAVE,E2E_USR_STW,2026-10-04 11:05:21,ruleConfirm,ruleConfirm,E2E_USR_STW,2026-10-04 11:05:21,ruleConfirm,ruleConfirm,0
56,RULE,E2E_USR_DMEV,SAVE,E2E_USR_STW,2026-10-04 11:05:34,ruleConfirm,ruleConfirm,E2E_USR_STW,2026-10-04 11:05:34,ruleConfirm,ruleConfirm,0
57,RULE,E2E_USR_DMEV,SAVE,E2E_USR_STW,2026-10-04 11:05:49,ruleMng,ruleMng,E2E_USR_STW,2026-10-04 11:05:49,ruleMng,ruleMng,0
58,RULE,E2E_USR_DMESA,SAVE,E2E_USR_STW,2026-10-04 11:06:00,ruleConfirm,ruleConfirm,E2E_USR_STW,2026-10-04 11:06:00,ruleConfirm,ruleConfirm,0
59,RULE,E2E_USR_DMESB,SAVE,E2E_USR_STW,2026-10-04 11:06:08,ruleConfirm,ruleConfirm,E2E_USR_STW,2026-10-04 11:06:08,ruleConfirm,ruleConfirm,0
60,RULE_SET,E2E_USR_DMESET,SAVE,E2E_USR_STW,2026-10-04 11:06:17,ruleSetConfirm,ruleSetConfirm,E2E_USR_STW,2026-10-04 11:06:17,ruleSetConfirm,ruleSetConfirm,0
61,RULE_SET,E2E_USR_DMESET,SAVE,E2E_USR_STW,2026-10-04 11:06:18,ruleSetEdit,ruleSetEdit,E2E_USR_STW,2026-10-04 11:06:18,ruleSetEdit,ruleSetEdit,0
62,RULE_SET,E2E_USR_DMESET,SAVE,E2E_USR_STW,2026-10-04 11:06:19,ruleSetEdit,ruleSetEdit,E2E_USR_STW,2026-10-04 11:06:19,ruleSetEdit,ruleSetEdit,0
63,RULE,E2E_USR_DMESA,SAVE,E2E_USR_STW,2026-10-04 11:06:41,ruleMng,ruleMng,E2E_USR_STW,2026-10-04 11:06:41,ruleMng,ruleMng,0
64,RULE_SET,E2E_USR_DMESET,SAVE,E2E_USR_STW,2026-10-04 11:06:41,ruleSetEdit,ruleSetEdit,E2E_USR_STW,2026-10-04 11:06:41,ruleSetEdit,ruleSetEdit,0
65,DOMAIN,276,SAVE,CHK_STD,2026-10-04 11:46:28,domainMng,domainMng,CHK_STD,2026-10-04 11:46:28,domainMng,domainMng,0
66,CODE,CHK_CD1,SAVE,CHK_STW,2026-10-04 12:12:57,codeEdit,codeEdit,CHK_STW,2026-10-04 12:12:57,codeEdit,codeEdit,0
67,COLUMN,ACCESS_TP,SAVE,41000132,2026-10-05 13:04:04,columnMng,columnMng,41000132,2026-10-05 13:04:04,columnMng,columnMng,0
68,COLUMN,ACTION_BTN_AUT,SAVE,41000132,2026-10-05 13:04:04,columnMng,columnMng,41000132,2026-10-05 13:04:04,columnMng,columnMng,0
69,COLUMN,PERMISSION_ACTION,SAVE,41000132,2026-10-05 13:04:04,columnMng,columnMng,41000132,2026-10-05 13:04:04,columnMng,columnMng,0
70,COLUMN,ALL_SEQ,SAVE,41000132,2026-10-05 13:04:05,columnMng,columnMng,41000132,2026-10-05 13:04:05,columnMng,columnMng,0
71,COLUMN,FULL_SEQ,SAVE,41000132,2026-10-05 13:04:05,columnMng,columnMng,41000132,2026-10-05 13:04:05,columnMng,columnMng,0
72,COLUMN,AUT_DESC,SAVE,41000132,2026-10-05 13:04:05,columnMng,columnMng,41000132,2026-10-05 13:04:05,columnMng,columnMng,0
73,COLUMN,PERMISSION_DESC,SAVE,41000132,2026-10-05 13:04:05,columnMng,columnMng,41000132,2026-10-05 13:04:05,columnMng,columnMng,0
74,COLUMN,AUT_ID,SAVE,41000132,2026-10-05 13:04:05,columnMng,columnMng,41000132,2026-10-05 13:04:05,columnMng,columnMng,0
75,COLUMN,PERMISSION_ID,SAVE,41000132,2026-10-05 13:04:05,columnMng,columnMng,41000132,2026-10-05 13:04:05,columnMng,columnMng,0
76,COLUMN,AUT_NM,SAVE,41000132,2026-10-05 13:04:06,columnMng,columnMng,41000132,2026-10-05 13:04:06,columnMng,columnMng,0
77,COLUMN,PERMISSION_NM,SAVE,41000132,2026-10-05 13:04:06,columnMng,columnMng,41000132,2026-10-05 13:04:06,columnMng,columnMng,0
78,COLUMN,AUX_TITLE,SAVE,41000132,2026-10-05 13:04:06,columnMng,columnMng,41000132,2026-10-05 13:04:06,columnMng,columnMng,0
79,COLUMN,SUBTITLE,SAVE,41000132,2026-10-05 13:04:06,columnMng,columnMng,41000132,2026-10-05 13:04:06,columnMng,columnMng,0
80,COLUMN,BUSINESS_BAS_CHR_EMP_NO,SAVE,41000132,2026-10-05 13:04:07,columnMng,columnMng,41000132,2026-10-05 13:04:07,columnMng,columnMng,0
81,COLUMN,RULE_OWNER_EMP_NO,SAVE,41000132,2026-10-05 13:04:07,columnMng,columnMng,41000132,2026-10-05 13:04:07,columnMng,columnMng,0
82,COLUMN,BUSINESS_BAS_DESC,SAVE,41000132,2026-10-05 13:04:07,columnMng,columnMng,41000132,2026-10-05 13:04:07,columnMng,columnMng,0
83,COLUMN,RULE_DESC,SAVE,41000132,2026-10-05 13:04:07,columnMng,columnMng,41000132,2026-10-05 13:04:07,columnMng,columnMng,0
84,COLUMN,BUSINESS_BAS_ID,SAVE,41000132,2026-10-05 13:04:08,columnMng,columnMng,41000132,2026-10-05 13:04:08,columnMng,columnMng,0
85,COLUMN,RULE_ID,SAVE,41000132,2026-10-05 13:04:08,columnMng,columnMng,41000132,2026-10-05 13:04:08,columnMng,columnMng,0
86,COLUMN,BUSINESS_BAS_NM,SAVE,41000132,2026-10-05 13:04:08,columnMng,columnMng,41000132,2026-10-05 13:04:08,columnMng,columnMng,0
87,COLUMN,RULE_NM,SAVE,41000132,2026-10-05 13:04:08,columnMng,columnMng,41000132,2026-10-05 13:04:08,columnMng,columnMng,0
88,COLUMN,BUSINESS_BAS_VER,SAVE,41000132,2026-10-05 13:04:09,columnMng,columnMng,41000132,2026-10-05 13:04:09,columnMng,columnMng,0
89,COLUMN,RULE_VER,SAVE,41000132,2026-10-05 13:04:09,columnMng,columnMng,41000132,2026-10-05 13:04:09,columnMng,columnMng,0
90,COLUMN,CD_TP_NM,SAVE,41000132,2026-10-05 13:04:09,columnMng,columnMng,41000132,2026-10-05 13:04:09,columnMng,columnMng,0
91,COLUMN,CODE_NM,SAVE,41000132,2026-10-05 13:04:09,columnMng,columnMng,41000132,2026-10-05 13:04:09,columnMng,columnMng,0
92,COLUMN,CD_V_REF,SAVE,41000132,2026-10-05 13:04:10,columnMng,columnMng,41000132,2026-10-05 13:04:10,columnMng,columnMng,0
93,COLUMN,CODE_VAL_REF1,SAVE,41000132,2026-10-05 13:04:10,columnMng,columnMng,41000132,2026-10-05 13:04:10,columnMng,columnMng,0
94,COLUMN,CODE_VAL_REF2,SAVE,41000132,2026-10-05 13:04:10,columnMng,columnMng,41000132,2026-10-05 13:04:10,columnMng,columnMng,0
95,COLUMN,CODE_VAL_REF3,SAVE,41000132,2026-10-05 13:04:10,columnMng,columnMng,41000132,2026-10-05 13:04:10,columnMng,columnMng,0
96,COLUMN,CODE_VAL_REF4,SAVE,41000132,2026-10-05 13:04:10,columnMng,columnMng,41000132,2026-10-05 13:04:10,columnMng,columnMng,0
97,COLUMN,CODE_VAL_REF5,SAVE,41000132,2026-10-05 13:04:10,columnMng,columnMng,41000132,2026-10-05 13:04:10,columnMng,columnMng,0
98,COLUMN,CMN_BTN_AUT,SAVE,41000132,2026-10-05 13:04:11,columnMng,columnMng,41000132,2026-10-05 13:04:11,columnMng,columnMng,0
99,COLUMN,PERMISSION_COMMON,SAVE,41000132,2026-10-05 13:04:11,columnMng,columnMng,41000132,2026-10-05 13:04:11,columnMng,columnMng,0
100,COLUMN,COLUMN_DECIMAL_LTH,SAVE,41000132,2026-10-05 13:04:11,columnMng,columnMng,41000132,2026-10-05 13:04:11,columnMng,columnMng,0
101,COLUMN,COL_PREC_LEN,SAVE,41000132,2026-10-05 13:04:11,columnMng,columnMng,41000132,2026-10-05 13:04:11,columnMng,columnMng,0
102,COLUMN,COLUMN_KND,SAVE,41000132,2026-10-05 13:04:12,columnMng,columnMng,41000132,2026-10-05 13:04:12,columnMng,columnMng,0
103,COLUMN,COL_TYPE,SAVE,41000132,2026-10-05 13:04:12,columnMng,columnMng,41000132,2026-10-05 13:04:12,columnMng,columnMng,0
104,COLUMN,COLUMN_LTH,SAVE,41000132,2026-10-05 13:04:12,columnMng,columnMng,41000132,2026-10-05 13:04:12,columnMng,columnMng,0
105,COLUMN,COL_LEN,SAVE,41000132,2026-10-05 13:04:12,columnMng,columnMng,41000132,2026-10-05 13:04:12,columnMng,columnMng,0
106,COLUMN,CTT_FMT,SAVE,41000132,2026-10-05 13:04:12,columnMng,columnMng,41000132,2026-10-05 13:04:12,columnMng,columnMng,0
107,COLUMN,CONTENT_FORMAT,SAVE,41000132,2026-10-05 13:04:12,columnMng,columnMng,41000132,2026-10-05 13:04:12,columnMng,columnMng,0
108,COLUMN,DEPT_NM,SAVE,41000132,2026-10-05 13:04:13,columnMng,columnMng,41000132,2026-10-05 13:04:13,columnMng,columnMng,0
109,COLUMN,EXT_ACCESS_IP,SAVE,41000132,2026-10-05 13:04:13,columnMng,columnMng,41000132,2026-10-05 13:04:13,columnMng,columnMng,0
110,COLUMN,OUT_ACCESS_IP,SAVE,41000132,2026-10-05 13:04:13,columnMng,columnMng,41000132,2026-10-05 13:04:13,columnMng,columnMng,0
111,COLUMN,INPUT_OTPUT_TP,SAVE,41000132,2026-10-05 13:04:14,columnMng,columnMng,41000132,2026-10-05 13:04:14,columnMng,columnMng,0
112,COLUMN,IO_FLAG,SAVE,41000132,2026-10-05 13:04:14,columnMng,columnMng,41000132,2026-10-05 13:04:14,columnMng,columnMng,0
113,COLUMN,INQUIRY_CNT,SAVE,41000132,2026-10-05 13:04:14,columnMng,columnMng,41000132,2026-10-05 13:04:14,columnMng,columnMng,0
114,COLUMN,OPEN_CNT,SAVE,41000132,2026-10-05 13:04:14,columnMng,columnMng,41000132,2026-10-05 13:04:14,columnMng,columnMng,0
115,COLUMN,INTL_EXT_EMP_TP,SAVE,41000132,2026-10-05 13:04:15,columnMng,columnMng,41000132,2026-10-05 13:04:15,columnMng,columnMng,0
116,COLUMN,IN_OUT_EMP_TP,SAVE,41000132,2026-10-05 13:04:15,columnMng,columnMng,41000132,2026-10-05 13:04:15,columnMng,columnMng,0
117,COLUMN,LNK_PAGE_ID,SAVE,41000132,2026-10-05 13:04:15,columnMng,columnMng,41000132,2026-10-05 13:04:15,columnMng,columnMng,0
118,COLUMN,LINK_PAGE_ID,SAVE,41000132,2026-10-05 13:04:15,columnMng,columnMng,41000132,2026-10-05 13:04:15,columnMng,columnMng,0
119,COLUMN,MENU_DESC,SAVE,41000132,2026-10-05 13:04:15,columnMng,columnMng,41000132,2026-10-05 13:04:15,columnMng,columnMng,0
120,COLUMN,MENU_DISP_YN,SAVE,41000132,2026-10-05 13:04:16,columnMng,columnMng,41000132,2026-10-05 13:04:16,columnMng,columnMng,0
121,COLUMN,MENU_VIEW_YN,SAVE,41000132,2026-10-05 13:04:16,columnMng,columnMng,41000132,2026-10-05 13:04:16,columnMng,columnMng,0
122,COLUMN,MENU_PARAMETER,SAVE,41000132,2026-10-05 13:04:16,columnMng,columnMng,41000132,2026-10-05 13:04:16,columnMng,columnMng,0
123,COLUMN,MENU_PARAM1,SAVE,41000132,2026-10-05 13:04:16,columnMng,columnMng,41000132,2026-10-05 13:04:16,columnMng,columnMng,0
124,COLUMN,MENU_PARAM2,SAVE,41000132,2026-10-05 13:04:16,columnMng,columnMng,41000132,2026-10-05 13:04:16,columnMng,columnMng,0
125,COLUMN,MENU_PARAM3,SAVE,41000132,2026-10-05 13:04:16,columnMng,columnMng,41000132,2026-10-05 13:04:16,columnMng,columnMng,0
126,COLUMN,MENU_SEQ,SAVE,41000132,2026-10-05 13:04:17,columnMng,columnMng,41000132,2026-10-05 13:04:17,columnMng,columnMng,0
127,COLUMN,MLT_YN,SAVE,41000132,2026-10-05 13:04:17,columnMng,columnMng,41000132,2026-10-05 13:04:17,columnMng,columnMng,0
128,COLUMN,MULTIPLE_YN,SAVE,41000132,2026-10-05 13:04:17,columnMng,columnMng,41000132,2026-10-05 13:04:17,columnMng,columnMng,0
129,COLUMN,MST_CD_REF,SAVE,41000132,2026-10-05 13:04:18,columnMng,columnMng,41000132,2026-10-05 13:04:18,columnMng,columnMng,0
130,COLUMN,MASTER_CODE_REF1,SAVE,41000132,2026-10-05 13:04:18,columnMng,columnMng,41000132,2026-10-05 13:04:18,columnMng,columnMng,0
131,COLUMN,MASTER_CODE_REF2,SAVE,41000132,2026-10-05 13:04:18,columnMng,columnMng,41000132,2026-10-05 13:04:18,columnMng,columnMng,0
132,COLUMN,MASTER_CODE_REF3,SAVE,41000132,2026-10-05 13:04:18,columnMng,columnMng,41000132,2026-10-05 13:04:18,columnMng,columnMng,0
133,COLUMN,MASTER_CODE_REF4,SAVE,41000132,2026-10-05 13:04:18,columnMng,columnMng,41000132,2026-10-05 13:04:18,columnMng,columnMng,0
134,COLUMN,MASTER_CODE_REF5,SAVE,41000132,2026-10-05 13:04:18,columnMng,columnMng,41000132,2026-10-05 13:04:18,columnMng,columnMng,0
135,COLUMN,MST_CD_TP,SAVE,41000132,2026-10-05 13:04:19,columnMng,columnMng,41000132,2026-10-05 13:04:19,columnMng,columnMng,0
136,COLUMN,MASTER_CODE_DIV,SAVE,41000132,2026-10-05 13:04:19,columnMng,columnMng,41000132,2026-10-05 13:04:19,columnMng,columnMng,0
137,COLUMN,NTC_CLSF,SAVE,41000132,2026-10-05 13:04:19,columnMng,columnMng,41000132,2026-10-05 13:04:19,columnMng,columnMng,0
138,COLUMN,NOTICE_CATEGORY,SAVE,41000132,2026-10-05 13:04:19,columnMng,columnMng,41000132,2026-10-05 13:04:19,columnMng,columnMng,0
139,COLUMN,NTC_DEST_RNG,SAVE,41000132,2026-10-05 13:04:19,columnMng,columnMng,41000132,2026-10-05 13:04:19,columnMng,columnMng,0
140,COLUMN,TARGET_SCOPE,SAVE,41000132,2026-10-05 13:04:19,columnMng,columnMng,41000132,2026-10-05 13:04:19,columnMng,columnMng,0
141,COLUMN,NTC_END_DT,SAVE,41000132,2026-10-05 13:04:20,columnMng,columnMng,41000132,2026-10-05 13:04:20,columnMng,columnMng,0
142,COLUMN,POST_END_DT,SAVE,41000132,2026-10-05 13:04:20,columnMng,columnMng,41000132,2026-10-05 13:04:20,columnMng,columnMng,0
143,COLUMN,NTC_ID,SAVE,41000132,2026-10-05 13:04:20,columnMng,columnMng,41000132,2026-10-05 13:04:20,columnMng,columnMng,0
144,COLUMN,NOTICE_ID,SAVE,41000132,2026-10-05 13:04:20,columnMng,columnMng,41000132,2026-10-05 13:04:20,columnMng,columnMng,0
145,COLUMN,NTC_STR_DT,SAVE,41000132,2026-10-05 13:04:21,columnMng,columnMng,41000132,2026-10-05 13:04:21,columnMng,columnMng,0
146,COLUMN,POST_START_DT,SAVE,41000132,2026-10-05 13:04:21,columnMng,columnMng,41000132,2026-10-05 13:04:21,columnMng,columnMng,0
147,COLUMN,NTC_STS,SAVE,41000132,2026-10-05 13:04:21,columnMng,columnMng,41000132,2026-10-05 13:04:21,columnMng,columnMng,0
148,COLUMN,NOTICE_STATUS,SAVE,41000132,2026-10-05 13:04:21,columnMng,columnMng,41000132,2026-10-05 13:04:21,columnMng,columnMng,0
149,COLUMN,OBJECT_ID,SAVE,41000132,2026-10-05 13:04:22,columnMng,columnMng,41000132,2026-10-05 13:04:22,columnMng,columnMng,0
150,COLUMN,OBJECT_KND,SAVE,41000132,2026-10-05 13:04:22,columnMng,columnMng,41000132,2026-10-05 13:04:22,columnMng,columnMng,0
151,COLUMN,OBJECT_TYPE,SAVE,41000132,2026-10-05 13:04:22,columnMng,columnMng,41000132,2026-10-05 13:04:22,columnMng,columnMng,0
152,COLUMN,OBJECT_NM,SAVE,41000132,2026-10-05 13:04:22,columnMng,columnMng,41000132,2026-10-05 13:04:22,columnMng,columnMng,0
153,COLUMN,PEC_LTH,SAVE,41000132,2026-10-05 13:04:23,columnMng,columnMng,41000132,2026-10-05 13:04:23,columnMng,columnMng,0
154,COLUMN,OWN_LENGTH,SAVE,41000132,2026-10-05 13:04:23,columnMng,columnMng,41000132,2026-10-05 13:04:23,columnMng,columnMng,0
155,COLUMN,PGM_DESC,SAVE,41000132,2026-10-05 13:04:23,columnMng,columnMng,41000132,2026-10-05 13:04:23,columnMng,columnMng,0
156,COLUMN,PROGRAM_DESC,SAVE,41000132,2026-10-05 13:04:23,columnMng,columnMng,41000132,2026-10-05 13:04:23,columnMng,columnMng,0
157,COLUMN,PRN_MENU_ID,SAVE,41000132,2026-10-05 13:04:24,columnMng,columnMng,41000132,2026-10-05 13:04:24,columnMng,columnMng,0
158,COLUMN,PARENT_MENU_ID,SAVE,41000132,2026-10-05 13:04:24,columnMng,columnMng,41000132,2026-10-05 13:04:24,columnMng,columnMng,0
159,COLUMN,PRN_ROLE_ID,SAVE,41000132,2026-10-05 13:04:24,columnMng,columnMng,41000132,2026-10-05 13:04:24,columnMng,columnMng,0
160,COLUMN,PARENT_ROLE_ID,SAVE,41000132,2026-10-05 13:04:24,columnMng,columnMng,41000132,2026-10-05 13:04:24,columnMng,columnMng,0
161,COLUMN,PU_BTN_AUT,SAVE,41000132,2026-10-05 13:04:25,columnMng,columnMng,41000132,2026-10-05 13:04:25,columnMng,columnMng,0
162,COLUMN,POPUP_BTN,SAVE,41000132,2026-10-05 13:04:25,columnMng,columnMng,41000132,2026-10-05 13:04:25,columnMng,columnMng,0
163,COLUMN,RENEWAL_CYCLE_SS,SAVE,41000132,2026-10-05 13:04:25,columnMng,columnMng,41000132,2026-10-05 13:04:25,columnMng,columnMng,0
164,COLUMN,REFRESH_SEC,SAVE,41000132,2026-10-05 13:04:25,columnMng,columnMng,41000132,2026-10-05 13:04:25,columnMng,columnMng,0
165,COLUMN,ROLE_DESC,SAVE,41000132,2026-10-05 13:04:26,columnMng,columnMng,41000132,2026-10-05 13:04:26,columnMng,columnMng,0
166,COLUMN,ROLE_GRP_DESC,SAVE,41000132,2026-10-05 13:04:26,columnMng,columnMng,41000132,2026-10-05 13:04:26,columnMng,columnMng,0
167,COLUMN,ROLE_GROUP_DESC,SAVE,41000132,2026-10-05 13:04:26,columnMng,columnMng,41000132,2026-10-05 13:04:26,columnMng,columnMng,0
168,COLUMN,ROLE_GRP_ID,SAVE,41000132,2026-10-05 13:04:26,columnMng,columnMng,41000132,2026-10-05 13:04:26,columnMng,columnMng,0
169,COLUMN,ROLE_GROUP_ID,SAVE,41000132,2026-10-05 13:04:26,columnMng,columnMng,41000132,2026-10-05 13:04:26,columnMng,columnMng,0
170,COLUMN,ROLE_GRP_NM,SAVE,41000132,2026-10-05 13:04:27,columnMng,columnMng,41000132,2026-10-05 13:04:27,columnMng,columnMng,0
171,COLUMN,ROLE_GROUP_NM,SAVE,41000132,2026-10-05 13:04:27,columnMng,columnMng,41000132,2026-10-05 13:04:27,columnMng,columnMng,0
172,COLUMN,ROLE_NM,SAVE,41000132,2026-10-05 13:04:27,columnMng,columnMng,41000132,2026-10-05 13:04:27,columnMng,columnMng,0
173,COLUMN,SSO_ID,SAVE,41000132,2026-10-05 13:04:28,columnMng,columnMng,41000132,2026-10-05 13:04:28,columnMng,columnMng,0
174,COLUMN,STR_TP,SAVE,41000132,2026-10-05 13:04:28,columnMng,columnMng,41000132,2026-10-05 13:04:28,columnMng,columnMng,0
175,COLUMN,START_KIND,SAVE,41000132,2026-10-05 13:04:28,columnMng,columnMng,41000132,2026-10-05 13:04:28,columnMng,columnMng,0
176,COLUMN,UI_URL,SAVE,41000132,2026-10-05 13:04:29,columnMng,columnMng,41000132,2026-10-05 13:04:29,columnMng,columnMng,0
177,COLUMN,FORM_URL,SAVE,41000132,2026-10-05 13:04:29,columnMng,columnMng,41000132,2026-10-05 13:04:29,columnMng,columnMng,0
178,COLUMN,USER_CLSF_CD,SAVE,41000132,2026-10-05 13:04:29,columnMng,columnMng,41000132,2026-10-05 13:04:29,columnMng,columnMng,0
179,COLUMN,USER_CATEGORY_CD,SAVE,41000132,2026-10-05 13:04:29,columnMng,columnMng,41000132,2026-10-05 13:04:29,columnMng,columnMng,0
180,COLUMN,USER_DEFINE_BTN_AUT,SAVE,41000132,2026-10-05 13:04:29,columnMng,columnMng,41000132,2026-10-05 13:04:29,columnMng,columnMng,0
181,COLUMN,PERMISSION_CUSTOM,SAVE,41000132,2026-10-05 13:04:29,columnMng,columnMng,41000132,2026-10-05 13:04:29,columnMng,columnMng,0
182,COLUMN,USE_DT,SAVE,41000132,2026-10-05 13:04:30,columnMng,columnMng,41000132,2026-10-05 13:04:30,columnMng,columnMng,0
183,COLUMN,USAGE_DT,SAVE,41000132,2026-10-05 13:04:30,columnMng,columnMng,41000132,2026-10-05 13:04:30,columnMng,columnMng,0
184,COLUMN,USE_TIM,SAVE,41000132,2026-10-05 13:04:30,columnMng,columnMng,41000132,2026-10-05 13:04:30,columnMng,columnMng,0
185,COLUMN,DURATION_MS,SAVE,41000132,2026-10-05 13:04:30,columnMng,columnMng,41000132,2026-10-05 13:04:30,columnMng,columnMng,0
186,COLUMN,WIDGET_ID,SAVE,41000132,2026-10-05 13:04:31,columnMng,columnMng,41000132,2026-10-05 13:04:31,columnMng,columnMng,0
187,COLUMN,CD_TP_DESC,SAVE,41000132,2026-10-05 13:04:31,columnMng,columnMng,41000132,2026-10-05 13:04:31,columnMng,columnMng,0
188,COLUMN,CD_TP_EXPLAIN,SAVE,41000132,2026-10-05 13:04:31,columnMng,columnMng,41000132,2026-10-05 13:04:31,columnMng,columnMng,0
189,COLUMN,CODE_DESC,SAVE,41000132,2026-10-05 13:04:31,columnMng,columnMng,41000132,2026-10-05 13:04:31,columnMng,columnMng,0
190,COLUMN,CD_TP_ID,SAVE,41000132,2026-10-05 13:04:31,columnMng,columnMng,41000132,2026-10-05 13:04:31,columnMng,columnMng,0
191,COLUMN,CODE_ID,SAVE,41000132,2026-10-05 13:04:31,columnMng,columnMng,41000132,2026-10-05 13:04:31,columnMng,columnMng,0
192,COLUMN,CD_V_DESC,SAVE,41000132,2026-10-05 13:04:32,columnMng,columnMng,41000132,2026-10-05 13:04:32,columnMng,columnMng,0
193,COLUMN,CD_V_EXPLAIN,SAVE,41000132,2026-10-05 13:04:32,columnMng,columnMng,41000132,2026-10-05 13:04:32,columnMng,columnMng,0
194,COLUMN,CODE_VAL_DESC,SAVE,41000132,2026-10-05 13:04:32,columnMng,columnMng,41000132,2026-10-05 13:04:32,columnMng,columnMng,0
195,COLUMN,CD_V_MEANING,SAVE,41000132,2026-10-05 13:04:32,columnMng,columnMng,41000132,2026-10-05 13:04:32,columnMng,columnMng,0
196,COLUMN,CODE_VAL_MEAN,SAVE,41000132,2026-10-05 13:04:32,columnMng,columnMng,41000132,2026-10-05 13:04:32,columnMng,columnMng,0
197,COLUMN,COLUMN_NM,SAVE,41000132,2026-10-05 13:04:32,columnMng,columnMng,41000132,2026-10-05 13:04:32,columnMng,columnMng,0
198,COLUMN,FLD_NM,SAVE,41000132,2026-10-05 13:04:32,columnMng,columnMng,41000132,2026-10-05 13:04:32,columnMng,columnMng,0
199,COLUMN,COL_NM,SAVE,41000132,2026-10-05 13:04:32,columnMng,columnMng,41000132,2026-10-05 13:04:32,columnMng,columnMng,0
200,COLUMN,END_DH,SAVE,41000132,2026-10-05 13:04:33,columnMng,columnMng,41000132,2026-10-05 13:04:33,columnMng,columnMng,0
201,COLUMN,END_DT,SAVE,41000132,2026-10-05 13:04:33,columnMng,columnMng,41000132,2026-10-05 13:04:33,columnMng,columnMng,0
202,COLUMN,ENDED_AT,SAVE,41000132,2026-10-05 13:04:33,columnMng,columnMng,41000132,2026-10-05 13:04:33,columnMng,columnMng,0
203,COLUMN,FIX_YN,SAVE,41000132,2026-10-05 13:04:33,columnMng,columnMng,41000132,2026-10-05 13:04:33,columnMng,columnMng,0
204,COLUMN,PIN_YN,SAVE,41000132,2026-10-05 13:04:33,columnMng,columnMng,41000132,2026-10-05 13:04:33,columnMng,columnMng,0
205,COLUMN,MENU_KND,SAVE,41000132,2026-10-05 13:04:33,columnMng,columnMng,41000132,2026-10-05 13:04:33,columnMng,columnMng,0
206,COLUMN,MENU_TYPE,SAVE,41000132,2026-10-05 13:04:33,columnMng,columnMng,41000132,2026-10-05 13:04:33,columnMng,columnMng,0
207,COLUMN,MENU_TP,SAVE,41000132,2026-10-05 13:04:33,columnMng,columnMng,41000132,2026-10-05 13:04:33,columnMng,columnMng,0
208,COLUMN,MOBILE_TEL,SAVE,41000132,2026-10-05 13:04:34,columnMng,columnMng,41000132,2026-10-05 13:04:34,columnMng,columnMng,0
209,COLUMN,MOBILE_PHONE,SAVE,41000132,2026-10-05 13:04:34,columnMng,columnMng,41000132,2026-10-05 13:04:34,columnMng,columnMng,0
210,COLUMN,MOBILE_TEL_NO,SAVE,41000132,2026-10-05 13:04:34,columnMng,columnMng,41000132,2026-10-05 13:04:34,columnMng,columnMng,0
211,COLUMN,STR_DH,SAVE,41000132,2026-10-05 13:04:34,columnMng,columnMng,41000132,2026-10-05 13:04:34,columnMng,columnMng,0
212,COLUMN,STRT_DH,SAVE,41000132,2026-10-05 13:04:34,columnMng,columnMng,41000132,2026-10-05 13:04:34,columnMng,columnMng,0
213,COLUMN,STARTED_AT,SAVE,41000132,2026-10-05 13:04:34,columnMng,columnMng,41000132,2026-10-05 13:04:34,columnMng,columnMng,0
214,COLUMN,CATEGORY_ID,SAVE,html-desc-test,2026-10-05 21:27:25,htmlDescTest,htmlDescTest,html-desc-test,2026-10-05 21:27:25,htmlDescTest,htmlDescTest,0
215,COLUMN,CATE_ID,SAVE,html-desc-test,2026-10-05 21:27:25,htmlDescTest,htmlDescTest,html-desc-test,2026-10-05 21:27:25,htmlDescTest,htmlDescTest,0
216,COLUMN,WIDGET_TITLE,SAVE,41000132,2026-10-06 00:06:29,columnMng,columnMng,41000132,2026-10-06 00:06:29,columnMng,columnMng,0
217,COLUMN,WIDGET_AUX_TITLE,SAVE,41000132,2026-10-06 00:06:29,columnMng,columnMng,41000132,2026-10-06 00:06:29,columnMng,columnMng,0
218,COLUMN,WIDGET_SUBTITLE,SAVE,41000132,2026-10-06 00:06:29,columnMng,columnMng,41000132,2026-10-06 00:06:29,columnMng,columnMng,0
219,COLUMN,WIDGET_DESC,SAVE,41000132,2026-10-06 00:06:30,columnMng,columnMng,41000132,2026-10-06 00:06:30,columnMng,columnMng,0
220,COLUMN,WIDGET_DESCRIPTION,SAVE,41000132,2026-10-06 00:06:30,columnMng,columnMng,41000132,2026-10-06 00:06:30,columnMng,columnMng,0
221,COLUMN,WIDGET_PRIMARY_SZ,SAVE,41000132,2026-10-06 00:06:30,columnMng,columnMng,41000132,2026-10-06 00:06:30,columnMng,columnMng,0
222,COLUMN,WIDGET_DEFAULT_SIZE,SAVE,41000132,2026-10-06 00:06:30,columnMng,columnMng,41000132,2026-10-06 00:06:30,columnMng,columnMng,0
223,COLUMN,WIDGET_MIN_SZ,SAVE,41000132,2026-10-06 00:06:31,columnMng,columnMng,41000132,2026-10-06 00:06:31,columnMng,columnMng,0
224,COLUMN,WIDGET_MIN_SIZE,SAVE,41000132,2026-10-06 00:06:31,columnMng,columnMng,41000132,2026-10-06 00:06:31,columnMng,columnMng,0
225,COLUMN,WIDGET_MAX_SZ,SAVE,41000132,2026-10-06 00:06:31,columnMng,columnMng,41000132,2026-10-06 00:06:31,columnMng,columnMng,0
226,COLUMN,WIDGET_MAX_SIZE,SAVE,41000132,2026-10-06 00:06:31,columnMng,columnMng,41000132,2026-10-06 00:06:31,columnMng,columnMng,0
227,COLUMN,WIDGET_USE_YN,SAVE,41000132,2026-10-06 00:06:32,columnMng,columnMng,41000132,2026-10-06 00:06:32,columnMng,columnMng,0
228,COLUMN,WIDGET_TP,SAVE,41000132,2026-10-06 00:06:32,columnMng,columnMng,41000132,2026-10-06 00:06:32,columnMng,columnMng,0
229,COLUMN,WIDGET_KIND,SAVE,41000132,2026-10-06 00:06:32,columnMng,columnMng,41000132,2026-10-06 00:06:32,columnMng,columnMng,0
230,COLUMN,WIDGET_KND_NM,SAVE,41000132,2026-10-06 00:06:32,columnMng,columnMng,41000132,2026-10-06 00:06:32,columnMng,columnMng,0
231,COLUMN,WIDGET_TYPE_TITLE,SAVE,41000132,2026-10-06 00:06:32,columnMng,columnMng,41000132,2026-10-06 00:06:32,columnMng,columnMng,0
232,COLUMN,WIDGET_CLSF_CD,SAVE,41000132,2026-10-06 00:06:33,columnMng,columnMng,41000132,2026-10-06 00:06:33,columnMng,columnMng,0
233,COLUMN,CATEGORY_CD,SAVE,41000132,2026-10-06 00:06:33,columnMng,columnMng,41000132,2026-10-06 00:06:33,columnMng,columnMng,0
234,COLUMN,WIDGET_PRIVATE_YN,SAVE,41000132,2026-10-06 00:06:33,columnMng,columnMng,41000132,2026-10-06 00:06:33,columnMng,columnMng,0
235,COLUMN,WIDGET_RE_DEFINE_YN,SAVE,41000132,2026-10-06 00:06:34,columnMng,columnMng,41000132,2026-10-06 00:06:34,columnMng,columnMng,0
236,COLUMN,WIDGET_OVERRIDDEN,SAVE,41000132,2026-10-06 00:06:34,columnMng,columnMng,41000132,2026-10-06 00:06:34,columnMng,columnMng,0
237,COLUMN,WIDGET_USER_CNT,SAVE,41000132,2026-10-06 00:06:34,columnMng,columnMng,41000132,2026-10-06 00:06:34,columnMng,columnMng,0
238,COLUMN,WIDGET_USER_COUNT,SAVE,41000132,2026-10-06 00:06:34,columnMng,columnMng,41000132,2026-10-06 00:06:34,columnMng,columnMng,0
239,COLUMN,WIDGET_EXE_MODULE,SAVE,41000132,2026-10-06 00:06:35,columnMng,columnMng,41000132,2026-10-06 00:06:35,columnMng,columnMng,0
240,COLUMN,WIDGET_DATA_SRC,SAVE,41000132,2026-10-06 00:06:35,columnMng,columnMng,41000132,2026-10-06 00:06:35,columnMng,columnMng,0
241,COLUMN,WIDGET_KND_SET,SAVE,41000132,2026-10-06 00:06:35,columnMng,columnMng,41000132,2026-10-06 00:06:35,columnMng,columnMng,0
242,COLUMN,WIDGET_TYPE_CONFIG,SAVE,41000132,2026-10-06 00:06:35,columnMng,columnMng,41000132,2026-10-06 00:06:35,columnMng,columnMng,0
243,COLUMN,WIDGET_ID,SAVE,41000132,2026-10-06 00:06:35,columnMng,columnMng,41000132,2026-10-06 00:06:35,columnMng,columnMng,0
244,COLUMN,RENEWAL_CYCLE_SS,SAVE,41000132,2026-10-06 00:06:35,columnMng,columnMng,41000132,2026-10-06 00:06:35,columnMng,columnMng,0
245,COLUMN,REFRESH_SEC,SAVE,41000132,2026-10-06 00:06:35,columnMng,columnMng,41000132,2026-10-06 00:06:35,columnMng,columnMng,0
246,COLUMN,LNK_PAGE_ID,SAVE,41000132,2026-10-06 00:06:36,columnMng,columnMng,41000132,2026-10-06 00:06:36,columnMng,columnMng,0
247,COLUMN,LINK_PAGE_ID,SAVE,41000132,2026-10-06 00:06:36,columnMng,columnMng,41000132,2026-10-06 00:06:36,columnMng,columnMng,0
248,COLUMN,MLT_YN,SAVE,41000132,2026-10-06 00:06:36,columnMng,columnMng,41000132,2026-10-06 00:06:36,columnMng,columnMng,0
249,COLUMN,MULTIPLE_YN,SAVE,41000132,2026-10-06 00:06:36,columnMng,columnMng,41000132,2026-10-06 00:06:36,columnMng,columnMng,0
250,COLUMN,COIL_LTH,SAVE,41000132,2026-10-06 09:27:47,columnMng,columnMng,41000132,2026-10-06 09:27:47,columnMng,columnMng,0
251,COLUMN,COIL_WTH,SAVE,41000132,2026-10-06 09:27:47,columnMng,columnMng,41000132,2026-10-06 09:27:47,columnMng,columnMng,0
252,COLUMN,SHT_LTH,SAVE,41000132,2026-10-06 09:27:47,columnMng,columnMng,41000132,2026-10-06 09:27:47,columnMng,columnMng,0
253,RULE,M47C0005,SAVE,41000132,2026-10-06 09:30:47,ruleMng,ruleMng,41000132,2026-10-06 09:30:47,ruleMng,ruleMng,0
254,RULE,M47C0004,SAVE,41000132,2026-10-06 09:30:48,ruleMng,ruleMng,41000132,2026-10-06 09:30:48,ruleMng,ruleMng,0
255,RULE,M47C0005,SAVE,41000132,2026-10-06 09:48:42,ruleMng,ruleMng,41000132,2026-10-06 09:48:42,ruleMng,ruleMng,0
256,RULE,M47C0004,SAVE,41000132,2026-10-06 09:48:42,ruleMng,ruleMng,41000132,2026-10-06 09:48:42,ruleMng,ruleMng,0
257,COLUMN,COIL_IDIA,SAVE,41000132,2026-10-06 10:01:59,columnMng,columnMng,41000132,2026-10-06 10:01:59,columnMng,columnMng,0
258,COLUMN,COIL_ODIA,SAVE,41000132,2026-10-06 10:01:59,columnMng,columnMng,41000132,2026-10-06 10:01:59,columnMng,columnMng,0
259,COLUMN,GRA,SAVE,41000132,2026-10-06 10:01:59,columnMng,columnMng,41000132,2026-10-06 10:01:59,columnMng,columnMng,0
260,RULE,M47C0014,SAVE,41000132,2026-10-06 10:02:37,ruleMng,ruleMng,41000132,2026-10-06 10:02:37,ruleMng,ruleMng,0
261,RULE,M47C0013,SAVE,41000132,2026-10-06 10:02:38,ruleMng,ruleMng,41000132,2026-10-06 10:02:38,ruleMng,ruleMng,0
262,COLUMN,SPC_AVR,SAVE,41000132,2026-10-06 10:07:10,columnMng,columnMng,41000132,2026-10-06 10:07:10,columnMng,columnMng,0
263,COLUMN,ORD_USG_CD,SAVE,41000132,2026-10-06 10:07:27,columnMng,columnMng,41000132,2026-10-06 10:07:27,columnMng,columnMng,0
264,COLUMN,PRP_RMTL_CD,SAVE,41000132,2026-10-06 10:07:27,columnMng,columnMng,41000132,2026-10-06 10:07:27,columnMng,columnMng,0
265,COLUMN,RMTL_STL_KND_MSG,SAVE,41000132,2026-10-06 10:07:27,columnMng,columnMng,41000132,2026-10-06 10:07:27,columnMng,columnMng,0
266,COLUMN,RMTL_PS_CD_LIST,SAVE,41000132,2026-10-06 10:10:30,columnMng,columnMng,41000132,2026-10-06 10:10:30,columnMng,columnMng,0
267,RULE,RMTL_STL_KND_GRD,SAVE,41000132,2026-10-06 10:11:43,ruleMng,ruleMng,41000132,2026-10-06 10:11:43,ruleMng,ruleMng,0
268,COLUMN,GOT_ATT_AMT,SAVE,41000132,2026-10-06 11:03:43,columnMng,columnMng,41000132,2026-10-06 11:03:43,columnMng,columnMng,0
269,RULE,M47C0006,SAVE,41000132,2026-10-06 11:04:33,ruleMng,ruleMng,41000132,2026-10-06 11:04:33,ruleMng,ruleMng,0
270,COLUMN,PLTCM_SET_THK_TRV,SAVE,41000132,2026-10-06 15:21:48,columnMng,columnMng,41000132,2026-10-06 15:21:48,columnMng,columnMng,0
271,COLUMN,OP_GRD,SAVE,41000132,2026-10-06 15:21:49,columnMng,columnMng,41000132,2026-10-06 15:21:49,columnMng,columnMng,0
272,COLUMN,PASS_BOD_PAK_MTL_TP,SAVE,41000132,2026-10-06 15:21:50,columnMng,columnMng,41000132,2026-10-06 15:21:50,columnMng,columnMng,0
273,COLUMN,PNT_FLM_THK_FRN_TOT,SAVE,41000132,2026-10-06 15:21:51,columnMng,columnMng,41000132,2026-10-06 15:21:51,columnMng,columnMng,0
274,COLUMN,PNT_FLM_THK_BAK_TOT,SAVE,41000132,2026-10-06 15:21:52,columnMng,columnMng,41000132,2026-10-06 15:21:52,columnMng,columnMng,0
275,COLUMN,EMBO_VOID_RATE,SAVE,41000132,2026-10-06 15:24:40,columnMng,columnMng,41000132,2026-10-06 15:24:40,columnMng,columnMng,0
276,RULE,M47C0007,SAVE,41000132,2026-10-06 15:25:53,ruleMng,ruleMng,41000132,2026-10-06 15:25:53,ruleMng,ruleMng,0
277,RULE,M47C0001,SAVE,41000132,2026-10-06 15:25:53,ruleMng,ruleMng,41000132,2026-10-06 15:25:53,ruleMng,ruleMng,0
278,RULE,M47C0025,SAVE,41000132,2026-10-06 15:25:53,ruleMng,ruleMng,41000132,2026-10-06 15:25:53,ruleMng,ruleMng,0
279,DOMAIN,10,SAVE,41000132,2026-10-06 23:48:51,domainMng,domainMng,41000132,2026-10-06 23:48:51,domainMng,domainMng,0
280,COLUMN,COIL_THK,SAVE,41000132,2026-10-06 23:48:51,domainMng,domainMng,41000132,2026-10-06 23:48:51,domainMng,domainMng,0
281,DOMAIN,11,SAVE,41000132,2026-10-06 23:48:51,domainMng,domainMng,41000132,2026-10-06 23:48:51,domainMng,domainMng,0
282,COLUMN,RMTL_COIL_THK,SAVE,41000132,2026-10-06 23:48:51,domainMng,domainMng,41000132,2026-10-06 23:48:51,domainMng,domainMng,0
283,COLUMN,THICKNESS,SAVE,41000132,2026-10-06 23:48:51,domainMng,domainMng,41000132,2026-10-06 23:48:51,domainMng,domainMng,0
284,LAYOUT,363,SAVE,41000132,2026-10-06 23:48:51,domainMng,domainMng,41000132,2026-10-06 23:48:51,domainMng,domainMng,0
285,LAYOUT,201,SAVE,41000132,2026-10-06 23:48:51,domainMng,domainMng,41000132,2026-10-06 23:48:51,domainMng,domainMng,0
