LAYOUT_ID,LAYOUT_KIND,LAYOUT_NAME,SND_SYSTEM,RCV_SYSTEM,STATUS,C_USR_ID,C_AT,C_SVC_ID,C_PGM_ID,U_USR_ID,U_AT,U_SVC_ID,U_PGM_ID,VER
100,HEADER,MES공통 헤더,\N,\N,INUSE,kim,1789049100000,\N,mdm-local-sample,admin,1790418792647,headerMng,headerMng,1
110,HEADER,L2 구간 헤더,\N,\N,INUSE,kim,2026-09-10 14:05:00,\N,mdm-local-sample,kim,2026-09-10 14:05:00,\N,mdm-local-sample,0
200,HEADER,SAP PI 공통 헤더,\N,\N,INUSE,kim,2026-09-10 14:05:00,\N,mdm-local-sample,kim,2026-09-10 14:05:00,\N,mdm-local-sample,0
201,MESSAGE,출측검사 실적 수신,L2,MES,INUSE,kim,1789049100000,\N,mdm-local-sample,admin,1790418792704,headerMng,headerMng,1
305,MESSAGE,코일 중량 실적 송신,MES,ERP,INUSE,kim,2026-09-12 11:00:00,\N,mdm-local-sample,kim,2026-09-12 11:00:00,\N,mdm-local-sample,0
361,HEADER,E2E 헤더1 E2EX,\N,\N,INUSE,E2E_USR_STD,1791079130034,headerMng,headerMng,E2E_USR_STW,2026-10-04 10:59:01,layoutConfirm,layoutConfirm,1
362,HEADER,E2E 헤더2 E2EX,\N,\N,INUSE,E2E_USR_STD,1791079135705,headerMng,headerMng,E2E_USR_STW,2026-10-04 10:59:04,layoutConfirm,layoutConfirm,1
363,MESSAGE,E2E 전문 E2EX,MES,ERP,INUSE,E2E_USR_STD,1791079156177,layoutMng,layoutMng,E2E_USR_STW,2026-10-04 10:59:32,layoutConfirm,layoutConfirm,1
364,HEADER,E2E_USR_CAT,\N,\N,CREATED,E2E_USR_STD,1791079182961,headerMng,headerMng,E2E_USR_STD,1791079182961,headerMng,headerMng,0
365,HEADER,E2E_USR_CFL A탭,\N,\N,CREATED,E2E_USR_STD,1791079187966,headerMng,headerMng,E2E_USR_STD,1791079193632,headerMng,headerMng,1
366,HEADER,E2E_USR_ROH,\N,\N,CREATED,E2E_USR_STD,1791079199395,headerMng,headerMng,E2E_USR_STD,1791079199395,headerMng,headerMng,0
367,HEADER,CHK_HDR1,\N,\N,CREATED,CHK_STD,1791082531879,headerMng,headerMng,CHK_STD,1791082531879,headerMng,headerMng,0
368,MESSAGE,CHK_LAY1,MES,ERP,CREATED,CHK_STD,1791082722957,layoutMng,layoutMng,CHK_STD,1791082722957,layoutMng,layoutMng,0
