MARU_RULE_ID,VER,VAR_ID,VAR_KIND,DISP_TYPE,VAR_NAME,VAR_AST,DOMAIN_ID,DATA_TYPE,COLLECT_AGG,PRIO_LIST,RES_GRP,GRP_COND,GRP_COND_AST,SEQ,LABEL,DESCRIPTION,C_USR_ID,C_AT,C_SVC_ID,C_PGM_ID,U_USR_ID,U_AT,U_SVC_ID,U_PGM_ID,AUD_VER
BASE_SPD_LKP,1,1,COND,2,COIL_THK,\N,\N,\N,\N,\N,\N,\N,\N,1,두께,\N,kim,2026-08-20 10:00:00,\N,mdm-local-sample,kim,2026-08-20 10:00:00,\N,mdm-local-sample,0
BASE_SPD_LKP,1,2,RESULT,Value,TEXTURE,\N,69,\N,\N,\N,BASE_SPD,"STR_STARTS_WITH(TOP_RESIN_CD, ""2"")","{""type"":""FUNCTION"",""value"":""STR_STARTS_WITH"",""params"":[{""type"":""VARIABLE_OR_CONSTANT"",""value"":""TOP_RESIN_CD""},{""type"":""STRING_LITERAL"",""value"":""2""}]}",1,질감,\N,kim,2026-08-20 10:00:00,\N,mdm-local-sample,kim,2026-08-20 10:00:00,\N,mdm-local-sample,0
BASE_SPD_LKP,1,3,RESULT,Value,AKZO,\N,69,\N,\N,\N,BASE_SPD,"STR_STARTS_WITH(TOP_RESIN_CD, ""6"")","{""type"":""FUNCTION"",""value"":""STR_STARTS_WITH"",""params"":[{""type"":""VARIABLE_OR_CONSTANT"",""value"":""TOP_RESIN_CD""},{""type"":""STRING_LITERAL"",""value"":""6""}]}",2,AKZO 도료,\N,kim,2026-08-20 10:00:00,\N,mdm-local-sample,kim,2026-08-20 10:00:00,\N,mdm-local-sample,0
BASE_SPD_LKP,1,4,RESULT,Value,FLUORO,\N,69,\N,\N,\N,BASE_SPD,"TOP_RESIN_CD == ""F""","{""type"":""INFIX_OPERATOR"",""value"":""=="",""params"":[{""type"":""VARIABLE_OR_CONSTANT"",""value"":""TOP_RESIN_CD""},{""type"":""STRING_LITERAL"",""value"":""F""}]}",3,불소,\N,kim,2026-08-20 10:00:00,\N,mdm-local-sample,kim,2026-08-20 10:00:00,\N,mdm-local-sample,0
BASE_SPD_LKP,1,5,RESULT,Value,WXL1,\N,69,\N,\N,\N,BASE_SPD,"STR_STARTS_WITH(TOP_RESIN_CD, ""W"") && COAT_SIDE == ""1""","{""type"":""INFIX_OPERATOR"",""value"":""&&"",""params"":[{""type"":""FUNCTION"",""value"":""STR_STARTS_WITH"",""params"":[{""type"":""VARIABLE_OR_CONSTANT"",""value"":""TOP_RESIN_CD""},{""type"":""STRING_LITERAL"",""value"":""W""}]},{""type"":""INFIX_OPERATOR"",""value"":""=="",""params"":[{""type"":""VARIABLE_OR_CONSTANT"",""value"":""COAT_SIDE""},{""type"":""STRING_LITERAL"",""value"":""1""}]}]}",4,WEATHER XL 단면,\N,kim,2026-08-20 10:00:00,\N,mdm-local-sample,kim,2026-08-20 10:00:00,\N,mdm-local-sample,0
BASE_SPD_LKP,1,6,RESULT,Value,WXL2,\N,69,\N,\N,\N,BASE_SPD,"STR_STARTS_WITH(TOP_RESIN_CD, ""W"") && COAT_SIDE == ""2""","{""type"":""INFIX_OPERATOR"",""value"":""&&"",""params"":[{""type"":""FUNCTION"",""value"":""STR_STARTS_WITH"",""params"":[{""type"":""VARIABLE_OR_CONSTANT"",""value"":""TOP_RESIN_CD""},{""type"":""STRING_LITERAL"",""value"":""W""}]},{""type"":""INFIX_OPERATOR"",""value"":""=="",""params"":[{""type"":""VARIABLE_OR_CONSTANT"",""value"":""COAT_SIDE""},{""type"":""STRING_LITERAL"",""value"":""2""}]}]}",5,WEATHER XL 양면,\N,kim,2026-08-20 10:00:00,\N,mdm-local-sample,kim,2026-08-20 10:00:00,\N,mdm-local-sample,0
BASE_SPD_LKP,1,7,RESULT,Value,BACK1,\N,69,\N,\N,\N,BASE_SPD,"STR_STARTS_WITH(TOP_RESIN_CD, ""B"") && COAT_SIDE == ""1""","{""type"":""INFIX_OPERATOR"",""value"":""&&"",""params"":[{""type"":""FUNCTION"",""value"":""STR_STARTS_WITH"",""params"":[{""type"":""VARIABLE_OR_CONSTANT"",""value"":""TOP_RESIN_CD""},{""type"":""STRING_LITERAL"",""value"":""B""}]},{""type"":""INFIX_OPERATOR"",""value"":""=="",""params"":[{""type"":""VARIABLE_OR_CONSTANT"",""value"":""COAT_SIDE""},{""type"":""STRING_LITERAL"",""value"":""1""}]}]}",6,Back 도료 단면,\N,kim,2026-08-20 10:00:00,\N,mdm-local-sample,kim,2026-08-20 10:00:00,\N,mdm-local-sample,0
BASE_SPD_LKP,1,8,RESULT,Value,BACK2,\N,69,\N,\N,\N,BASE_SPD,"STR_STARTS_WITH(TOP_RESIN_CD, ""B"") && COAT_SIDE == ""2""","{""type"":""INFIX_OPERATOR"",""value"":""&&"",""params"":[{""type"":""FUNCTION"",""value"":""STR_STARTS_WITH"",""params"":[{""type"":""VARIABLE_OR_CONSTANT"",""value"":""TOP_RESIN_CD""},{""type"":""STRING_LITERAL"",""value"":""B""}]},{""type"":""INFIX_OPERATOR"",""value"":""=="",""params"":[{""type"":""VARIABLE_OR_CONSTANT"",""value"":""COAT_SIDE""},{""type"":""STRING_LITERAL"",""value"":""2""}]}]}",7,Back 도료 양면,\N,kim,2026-08-20 10:00:00,\N,mdm-local-sample,kim,2026-08-20 10:00:00,\N,mdm-local-sample,0
BASE_SPD_LKP,1,9,RESULT,Value,GENERAL,\N,69,\N,\N,\N,BASE_SPD,\N,\N,8,일반,\N,kim,2026-08-20 10:00:00,\N,mdm-local-sample,kim,2026-08-20 10:00:00,\N,mdm-local-sample,0
BASE_SPD_LKP,2,1,COND,2,COIL_THK,\N,10,\N,\N,\N,\N,\N,\N,1,두께,코일 한 개의 두께(mm),41000132,1790729060810,ruleEdit,ruleEdit,41000132,1790729060810,ruleEdit,ruleEdit,0
BASE_SPD_LKP,2,2,RESULT,Value,TEXTURE,\N,104,\N,\N,\N,BASE_SPD,"STR_STARTS_WITH(TOP_RESIN_CD, ""2"")","{""type"":""FUNCTION"",""value"":""STR_STARTS_WITH"",""params"":[{""type"":""VARIABLE_OR_CONSTANT"",""value"":""TOP_RESIN_CD""},{""type"":""STRING_LITERAL"",""value"":""2""}]}",1,질감,\N,41000132,1790729060811,ruleEdit,ruleEdit,41000132,1790729060811,ruleEdit,ruleEdit,0
BASE_SPD_LKP,2,3,RESULT,Value,AKZO,\N,104,\N,\N,\N,BASE_SPD,"STR_STARTS_WITH(TOP_RESIN_CD, ""6"")","{""type"":""FUNCTION"",""value"":""STR_STARTS_WITH"",""params"":[{""type"":""VARIABLE_OR_CONSTANT"",""value"":""TOP_RESIN_CD""},{""type"":""STRING_LITERAL"",""value"":""6""}]}",2,AKZO 도료,\N,41000132,1790729060811,ruleEdit,ruleEdit,41000132,1790729060811,ruleEdit,ruleEdit,0
BASE_SPD_LKP,2,4,RESULT,Value,FLUORO,\N,104,\N,\N,\N,BASE_SPD,"TOP_RESIN_CD == ""F""","{""type"":""INFIX_OPERATOR"",""value"":""=="",""params"":[{""type"":""VARIABLE_OR_CONSTANT"",""value"":""TOP_RESIN_CD""},{""type"":""STRING_LITERAL"",""value"":""F""}]}",3,불소,\N,41000132,1790729060811,ruleEdit,ruleEdit,41000132,1790729060811,ruleEdit,ruleEdit,0
BASE_SPD_LKP,2,5,RESULT,Value,WXL1,\N,104,\N,\N,\N,BASE_SPD,"STR_STARTS_WITH(TOP_RESIN_CD, ""W"") && COAT_SIDE == ""1""","{""type"":""INFIX_OPERATOR"",""value"":""&&"",""params"":[{""type"":""FUNCTION"",""value"":""STR_STARTS_WITH"",""params"":[{""type"":""VARIABLE_OR_CONSTANT"",""value"":""TOP_RESIN_CD""},{""type"":""STRING_LITERAL"",""value"":""W""}]},{""type"":""INFIX_OPERATOR"",""value"":""=="",""params"":[{""type"":""VARIABLE_OR_CONSTANT"",""value"":""COAT_SIDE""},{""type"":""STRING_LITERAL"",""value"":""1""}]}]}",4,WEATHER XL 단면,\N,41000132,1790729060811,ruleEdit,ruleEdit,41000132,1790729060811,ruleEdit,ruleEdit,0
BASE_SPD_LKP,2,6,RESULT,Value,WXL2,\N,104,\N,\N,\N,BASE_SPD,"STR_STARTS_WITH(TOP_RESIN_CD, ""W"") && COAT_SIDE == ""2""","{""type"":""INFIX_OPERATOR"",""value"":""&&"",""params"":[{""type"":""FUNCTION"",""value"":""STR_STARTS_WITH"",""params"":[{""type"":""VARIABLE_OR_CONSTANT"",""value"":""TOP_RESIN_CD""},{""type"":""STRING_LITERAL"",""value"":""W""}]},{""type"":""INFIX_OPERATOR"",""value"":""=="",""params"":[{""type"":""VARIABLE_OR_CONSTANT"",""value"":""COAT_SIDE""},{""type"":""STRING_LITERAL"",""value"":""2""}]}]}",5,WEATHER XL 양면,\N,41000132,1790729060811,ruleEdit,ruleEdit,41000132,1790729060811,ruleEdit,ruleEdit,0
BASE_SPD_LKP,2,7,RESULT,Value,BACK1,\N,104,\N,\N,\N,BASE_SPD,"STR_STARTS_WITH(TOP_RESIN_CD, ""B"") && COAT_SIDE == ""1""","{""type"":""INFIX_OPERATOR"",""value"":""&&"",""params"":[{""type"":""FUNCTION"",""value"":""STR_STARTS_WITH"",""params"":[{""type"":""VARIABLE_OR_CONSTANT"",""value"":""TOP_RESIN_CD""},{""type"":""STRING_LITERAL"",""value"":""B""}]},{""type"":""INFIX_OPERATOR"",""value"":""=="",""params"":[{""type"":""VARIABLE_OR_CONSTANT"",""value"":""COAT_SIDE""},{""type"":""STRING_LITERAL"",""value"":""1""}]}]}",6,Back 도료 단면,\N,41000132,1790729060811,ruleEdit,ruleEdit,41000132,1790729060811,ruleEdit,ruleEdit,0
BASE_SPD_LKP,2,8,RESULT,Value,BACK2,\N,104,\N,\N,\N,BASE_SPD,"STR_STARTS_WITH(TOP_RESIN_CD, ""B"") && COAT_SIDE == ""2""","{""type"":""INFIX_OPERATOR"",""value"":""&&"",""params"":[{""type"":""FUNCTION"",""value"":""STR_STARTS_WITH"",""params"":[{""type"":""VARIABLE_OR_CONSTANT"",""value"":""TOP_RESIN_CD""},{""type"":""STRING_LITERAL"",""value"":""B""}]},{""type"":""INFIX_OPERATOR"",""value"":""=="",""params"":[{""type"":""VARIABLE_OR_CONSTANT"",""value"":""COAT_SIDE""},{""type"":""STRING_LITERAL"",""value"":""2""}]}]}",7,Back 도료 양면,\N,41000132,1790729060812,ruleEdit,ruleEdit,41000132,1790729060812,ruleEdit,ruleEdit,0
BASE_SPD_LKP,2,9,RESULT,Value,GENERAL,\N,104,\N,\N,\N,BASE_SPD,\N,\N,8,일반,\N,41000132,1790729060812,ruleEdit,ruleEdit,41000132,1790729060812,ruleEdit,ruleEdit,0
BASE_SPD_LKP,2,11,RESULT,Expression,COL,\N,\N,NUMBER,\N,\N,\N,\N,\N,9,테스트열,\N,41000132,1790729060812,ruleEdit,ruleEdit,41000132,1790729060812,ruleEdit,ruleEdit,0
C10B1040,1,1,COND,1,ITEM_NAME_CD,\N,\N,STRING,\N,\N,\N,\N,\N,1,품명코드,\N,41000132,1790661735207,ruleEdit,ruleEdit,41000132,1790661735207,ruleEdit,ruleEdit,0
C10B1040,1,2,COND,1,PROD_SHAPE,\N,\N,STRING,\N,\N,\N,\N,\N,2,제품형태,\N,41000132,1790661735207,ruleEdit,ruleEdit,41000132,1790661735207,ruleEdit,ruleEdit,0
C10B1040,1,3,COND,1,SPEC_ABBR,\N,\N,STRING,\N,\N,\N,\N,\N,3,규격약호,\N,41000132,1790661735208,ruleEdit,ruleEdit,41000132,1790661735208,ruleEdit,ruleEdit,0
C10B1040,1,4,COND,1,ORD_USE_CD,\N,\N,STRING,\N,\N,\N,\N,\N,4,주문용도코드,\N,41000132,1790661735208,ruleEdit,ruleEdit,41000132,1790661735208,ruleEdit,ruleEdit,0
C10B1040,1,5,COND,1,CUST_CD,\N,\N,STRING,\N,\N,\N,\N,\N,5,고객사코드,\N,41000132,1790661735208,ruleEdit,ruleEdit,41000132,1790661735208,ruleEdit,ruleEdit,0
C10B1040,1,6,COND,1,CUST_SPEC_NO,\N,\N,STRING,\N,\N,\N,\N,\N,6,고객사양서번호,\N,41000132,1790661735209,ruleEdit,ruleEdit,41000132,1790661735209,ruleEdit,ruleEdit,0
C10B1040,1,7,COND,1,EMBOSS_PTN,\N,\N,STRING,\N,\N,\N,\N,\N,7,엠보스무늬,\N,41000132,1790661735209,ruleEdit,ruleEdit,41000132,1790661735209,ruleEdit,ruleEdit,0
C10B1040,1,8,COND,1,SPANGLE_TP,\N,\N,STRING,\N,\N,\N,\N,\N,8,Spangle구분,\N,41000132,1790661735209,ruleEdit,ruleEdit,41000132,1790661735209,ruleEdit,ruleEdit,0
C10B1040,1,9,COND,1,COAT_WGT_CD,\N,\N,STRING,\N,\N,\N,\N,\N,9,도금량코드,\N,41000132,1790661735210,ruleEdit,ruleEdit,41000132,1790661735210,ruleEdit,ruleEdit,0
C10B1040,1,10,COND,1,SURF_TRT_CD,\N,\N,STRING,\N,\N,\N,\N,\N,10,표면처리코드,\N,41000132,1790661735210,ruleEdit,ruleEdit,41000132,1790661735210,ruleEdit,ruleEdit,0
C10B1040,1,11,COND,1,COLOR_CD,\N,\N,STRING,\N,\N,\N,\N,\N,11,색상코드,\N,41000132,1790661735210,ruleEdit,ruleEdit,41000132,1790661735210,ruleEdit,ruleEdit,0
C10B1040,1,12,COND,2,THK,\N,\N,NUMBER,\N,\N,\N,\N,\N,12,두께범위,\N,41000132,1790661735211,ruleEdit,ruleEdit,41000132,1790661735211,ruleEdit,ruleEdit,0
C10B1040,1,13,COND,2,WID,\N,\N,NUMBER,\N,\N,\N,\N,\N,13,폭범위,\N,41000132,1790661735211,ruleEdit,ruleEdit,41000132,1790661735211,ruleEdit,ruleEdit,0
C10B1040,1,14,RESULT,Value,MATL_CD,\N,\N,STRING,\N,\N,\N,\N,\N,1,재질코드,\N,41000132,1790661735211,ruleEdit,ruleEdit,41000132,1790661735211,ruleEdit,ruleEdit,0
C10B1040,1,15,RESULT,Value,RAW_MATL_CD1,\N,\N,STRING,\N,\N,\N,\N,\N,2,원자재코드1,\N,41000132,1790661735211,ruleEdit,ruleEdit,41000132,1790661735211,ruleEdit,ruleEdit,0
C10B1040,1,16,RESULT,Value,RAW_MATL_CD2,\N,\N,STRING,\N,\N,\N,\N,\N,3,원자재코드2,\N,41000132,1790661735211,ruleEdit,ruleEdit,41000132,1790661735211,ruleEdit,ruleEdit,0
C10B1040,1,17,RESULT,Value,RAW_MATL_CD3,\N,\N,STRING,\N,\N,\N,\N,\N,4,원자재코드3,\N,41000132,1790661735212,ruleEdit,ruleEdit,41000132,1790661735212,ruleEdit,ruleEdit,0
C10B1040,1,18,RESULT,Value,MFG_STD_NO1,\N,\N,STRING,\N,\N,\N,\N,\N,5,제조표준번호1,\N,41000132,1790661735212,ruleEdit,ruleEdit,41000132,1790661735212,ruleEdit,ruleEdit,0
C10B1040,1,19,RESULT,Value,MFG_STD_NO2,\N,\N,STRING,\N,\N,\N,\N,\N,6,제조표준번호2,\N,41000132,1790661735212,ruleEdit,ruleEdit,41000132,1790661735212,ruleEdit,ruleEdit,0
C10B1040,1,20,RESULT,Value,MFG_STD_NO3,\N,\N,STRING,\N,\N,\N,\N,\N,7,제조표준번호3,\N,41000132,1790661735212,ruleEdit,ruleEdit,41000132,1790661735212,ruleEdit,ruleEdit,0
C10B1040,1,21,RESULT,Value,PASS_PROC_NO,\N,\N,STRING,\N,\N,\N,\N,\N,8,통과공정번호,\N,41000132,1790661735212,ruleEdit,ruleEdit,41000132,1790661735212,ruleEdit,ruleEdit,0
C10B1040,1,22,RESULT,Value,QLTY_DSGN_CFM_TP,\N,\N,STRING,\N,\N,\N,\N,\N,9,품질설계확정구분,\N,41000132,1790661735213,ruleEdit,ruleEdit,41000132,1790661735213,ruleEdit,ruleEdit,0
C10B1040,1,23,RESULT,Value,QLTY_MSG1,\N,\N,STRING,\N,\N,\N,\N,\N,10,품질Message1,\N,41000132,1790661735213,ruleEdit,ruleEdit,41000132,1790661735213,ruleEdit,ruleEdit,0
C10B1040,1,24,RESULT,Value,QLTY_MSG2,\N,\N,STRING,\N,\N,\N,\N,\N,11,품질Message2,\N,41000132,1790661735214,ruleEdit,ruleEdit,41000132,1790661735214,ruleEdit,ruleEdit,0
C10B1040,1,25,RESULT,Value,QLTY_MSG3,\N,\N,STRING,\N,\N,\N,\N,\N,12,품질Message3,\N,41000132,1790661735214,ruleEdit,ruleEdit,41000132,1790661735214,ruleEdit,ruleEdit,0
C10B1040,1,26,RESULT,Value,QLTY_OUTAGE_MSG,\N,\N,STRING,\N,\N,\N,\N,\N,13,품질정전Message,\N,41000132,1790661735214,ruleEdit,ruleEdit,41000132,1790661735214,ruleEdit,ruleEdit,0
C10B1040,1,27,RESULT,Value,APPEAR_INSP_STD,\N,\N,STRING,\N,\N,\N,\N,\N,14,외관검사기준,\N,41000132,1790661735214,ruleEdit,ruleEdit,41000132,1790661735214,ruleEdit,ruleEdit,0
C10B1071,1,1,COND,1,RAW_MATL_CD,\N,\N,STRING,\N,\N,\N,\N,\N,1,원자재코드,\N,41000132,1790661708363,ruleEdit,ruleEdit,41000132,1790661708363,ruleEdit,ruleEdit,0
C10B1071,1,2,COND,2,THK,\N,\N,NUMBER,\N,\N,\N,\N,\N,2,두께범위,\N,41000132,1790661708363,ruleEdit,ruleEdit,41000132,1790661708363,ruleEdit,ruleEdit,0
C10B1071,1,3,COND,2,WID,\N,\N,NUMBER,\N,\N,\N,\N,\N,3,폭범위,\N,41000132,1790661708363,ruleEdit,ruleEdit,41000132,1790661708363,ruleEdit,ruleEdit,0
C10B1071,1,4,RESULT,Value,RAW_MATL_TGT_THK,\N,\N,STRING,\N,\N,\N,\N,\N,1,원자재목표두께,\N,41000132,1790661708363,ruleEdit,ruleEdit,41000132,1790661708363,ruleEdit,ruleEdit,0
C10B1071,1,5,RESULT,Value,RAW_MATL_TGT_THK1,\N,\N,STRING,\N,\N,\N,\N,\N,2,원자재목표두께1,\N,41000132,1790661708364,ruleEdit,ruleEdit,41000132,1790661708364,ruleEdit,ruleEdit,0
C10B1071,1,6,RESULT,Value,RAW_MATL_TGT_THK2,\N,\N,STRING,\N,\N,\N,\N,\N,3,원자재목표두께2,\N,41000132,1790661708364,ruleEdit,ruleEdit,41000132,1790661708364,ruleEdit,ruleEdit,0
C10B1071,1,7,RESULT,Value,RAW_MATL_TGT_THK3,\N,\N,STRING,\N,\N,\N,\N,\N,4,원자재목표두께3,\N,41000132,1790661708364,ruleEdit,ruleEdit,41000132,1790661708364,ruleEdit,ruleEdit,0
C10B1071,1,8,RESULT,Value,RAW_MATL_TGT_THK4,\N,\N,STRING,\N,\N,\N,\N,\N,5,원자재목표두께4,\N,41000132,1790661708364,ruleEdit,ruleEdit,41000132,1790661708364,ruleEdit,ruleEdit,0
C10B1071,1,9,RESULT,Value,RAW_MATL_TGT_THK5,\N,\N,STRING,\N,\N,\N,\N,\N,6,원자재목표두께5,\N,41000132,1790661708364,ruleEdit,ruleEdit,41000132,1790661708364,ruleEdit,ruleEdit,0
CHK_RULE1,1,1,COND,Equal,CHK_COND,\N,\N,STRING,\N,\N,\N,\N,\N,1,조건값,\N,CHK_STW,1791086417894,ruleEdit,ruleEdit,CHK_STW,1791086417894,ruleEdit,ruleEdit,0
CHK_RULE1,1,2,RESULT,Value,CHK_RES,\N,\N,STRING,\N,\N,\N,\N,\N,1,결과값,\N,CHK_STW,1791086417894,ruleEdit,ruleEdit,CHK_STW,1791086417894,ruleEdit,ruleEdit,0
COIL_WGT_CALC,1,1,RESULT,Expression,COIL_WGT,\N,64,\N,\N,\N,\N,\N,\N,1,코일 중량,\N,kim,2026-09-10 10:00:00,\N,mdm-local-sample,kim,2026-09-10 10:00:00,\N,mdm-local-sample,0
COIL_WGT_CALC,2,1,RESULT,Expression,COIL_WGT,\N,64,\N,\N,\N,\N,\N,\N,1,코일 중량,\N,41000132,1790728997371,ruleEdit,ruleEdit,41000132,1790728997371,ruleEdit,ruleEdit,0
EQP_CHK_JDG,2,1,COND,Equal,EQP_TYPE,\N,\N,\N,\N,\N,\N,\N,\N,1,설비유형,\N,kim,2026-09-04 16:00:01,\N,mdm-local-sample,kim,2026-09-04 16:00:01,\N,mdm-local-sample,0
EQP_CHK_JDG,2,2,COND,2,RUN_HR,\N,\N,\N,\N,\N,\N,\N,\N,2,가동시간,\N,kim,2026-09-04 16:00:01,\N,mdm-local-sample,kim,2026-09-04 16:00:01,\N,mdm-local-sample,0
EQP_CHK_JDG,2,3,RESULT,Value,CHK_YN,\N,\N,STRING,\N,\N,\N,\N,\N,1,점검 필요,\N,kim,2026-09-04 16:00:01,\N,mdm-local-sample,kim,2026-09-04 16:00:01,\N,mdm-local-sample,0
EQP_CHK_JDG,3,1,COND,Equal,EQP_TYPE,\N,\N,\N,\N,\N,\N,\N,\N,1,설비유형,\N,kim,2026-09-09 08:00:01,\N,mdm-local-sample,kim,2026-09-09 08:00:01,\N,mdm-local-sample,0
EQP_CHK_JDG,3,2,COND,2,RUN_HR,\N,\N,\N,\N,\N,\N,\N,\N,2,가동시간,\N,kim,2026-09-09 08:00:01,\N,mdm-local-sample,kim,2026-09-09 08:00:01,\N,mdm-local-sample,0
EQP_CHK_JDG,3,3,RESULT,Value,CHK_YN,\N,\N,STRING,\N,\N,\N,\N,\N,1,점검 필요,\N,kim,2026-09-09 08:00:01,\N,mdm-local-sample,kim,2026-09-09 08:00:01,\N,mdm-local-sample,0
M47C0001,1,1,COND,Expression,\N,\N,\N,\N,\N,\N,\N,\N,\N,1,공정코드 조건 1,"공정코드 비교 칸. 구간 행에서는 하한(>= '74' / >= '61'), 7O 행에서는 일치(== ""7O"")를 쓴다. 레거시 '74'<=C1 AND C1<='77' 를 두 칸으로 나눈 것 중 한 칸이다.",41000132,1791267812725,ruleEdit,ruleEdit,41000132,1791267812725,ruleEdit,ruleEdit,0
M47C0001,1,2,COND,Expression,\N,\N,\N,\N,\N,\N,\N,\N,\N,2,공정코드 조건 2,공정코드 상한 칸(<= '77' / <= '6Z'). 조건 1 칸과 AND 로 묶인다.,41000132,1791267812726,ruleEdit,ruleEdit,41000132,1791267812726,ruleEdit,ruleEdit,0
M47C0001,1,3,COND,Expression,\N,\N,\N,\N,\N,\N,\N,\N,\N,3,OP 등급 조건,레거시 C2='S' (OP_GRD).,41000132,1791267812727,ruleEdit,ruleEdit,41000132,1791267812727,ruleEdit,ruleEdit,0
M47C0001,1,4,COND,Expression,\N,\N,\N,\N,\N,\N,\N,\N,\N,4,통판 포장재 구분 조건,레거시 C3='P' (PASS_BOD_PAK_MTL_TP).,41000132,1791267812728,ruleEdit,ruleEdit,41000132,1791267812728,ruleEdit,ruleEdit,0
M47C0001,1,5,RESULT,Expression,COIL_ORN_PLT_WGT,\N,266,\N,\N,\N,\N,\N,\N,1,코일 원 원판 중량,\N,41000132,1791267812728,ruleEdit,ruleEdit,41000132,1791267812728,ruleEdit,ruleEdit,0
M47C0004,1,1,COND,Expression,\N,\N,\N,\N,\N,\N,\N,\N,\N,1,공정코드 하한(>= '61'),레거시 조건 '61'<=C1 AND C1<='6Z' 를 두 칸으로 나눈 것 중 하한 칸이다. 상한 칸과 AND 로 묶인다.,41000132,1791247687948,ruleEdit,ruleEdit,41000132,1791247687948,ruleEdit,ruleEdit,0
M47C0004,1,2,COND,Expression,\N,\N,\N,\N,\N,\N,\N,\N,\N,2,공정코드 상한(<= '6Z'),레거시 조건 '61'<=C1 AND C1<='6Z' 를 두 칸으로 나눈 것 중 상한 칸이다. 하한 칸과 AND 로 묶인다.,41000132,1791247687949,ruleEdit,ruleEdit,41000132,1791247687949,ruleEdit,ruleEdit,0
M47C0004,1,3,RESULT,Expression,COIL_THY_WGT,\N,266,\N,\N,\N,\N,\N,\N,1,코일 이론 중량,\N,41000132,1791247687949,ruleEdit,ruleEdit,41000132,1791247687949,ruleEdit,ruleEdit,0
M47C0005,1,1,COND,Expression,\N,\N,\N,\N,\N,\N,\N,\N,\N,1,공정코드 하한(>= '61'),레거시 조건 '61'<=C1 AND C1<='6Z' 를 두 칸으로 나눈 것 중 하한 칸이다. 상한 칸과 AND 로 묶인다.,41000132,1791247684186,ruleEdit,ruleEdit,41000132,1791247684186,ruleEdit,ruleEdit,0
M47C0005,1,2,COND,Expression,\N,\N,\N,\N,\N,\N,\N,\N,\N,2,공정코드 상한(<= '6Z'),레거시 조건 '61'<=C1 AND C1<='6Z' 를 두 칸으로 나눈 것 중 상한 칸이다. 하한 칸과 AND 로 묶인다.,41000132,1791247684186,ruleEdit,ruleEdit,41000132,1791247684186,ruleEdit,ruleEdit,0
M47C0005,1,3,RESULT,Expression,COIL_GAL_WGT,\N,266,\N,\N,\N,\N,\N,\N,1,코일 도금 중량,\N,41000132,1791247684187,ruleEdit,ruleEdit,41000132,1791247684187,ruleEdit,ruleEdit,0
M47C0006,1,1,COND,Expression,\N,\N,\N,\N,\N,\N,\N,\N,\N,1,공정코드 하한(>= '61'),레거시 조건 '61'<=C1 AND C1<='6Z' 를 두 칸으로 나눈 것 중 하한 칸이다. 상한 칸과 AND 로 묶인다.,41000132,1791252240641,ruleEdit,ruleEdit,41000132,1791252240641,ruleEdit,ruleEdit,0
M47C0006,1,2,COND,Expression,\N,\N,\N,\N,\N,\N,\N,\N,\N,2,공정코드 상한(<= '6Z'),레거시 조건 '61'<=C1 AND C1<='6Z' 를 두 칸으로 나눈 것 중 상한 칸이다. 하한 칸과 AND 로 묶인다.,41000132,1791252240642,ruleEdit,ruleEdit,41000132,1791252240642,ruleEdit,ruleEdit,0
M47C0006,1,3,RESULT,Expression,COIL_COT_WGT,\N,266,\N,\N,\N,\N,\N,\N,1,코일 코팅 중량,\N,41000132,1791252240642,ruleEdit,ruleEdit,41000132,1791252240642,ruleEdit,ruleEdit,0
M47C0007,1,1,COND,Expression,\N,\N,\N,\N,\N,\N,\N,\N,\N,1,주문용도코드 조건,레거시 조건 C1='L0801N'·'L0802N'·'L09000'·'L10000' (주문용도코드 일치). 행마다 비교하는 값이 다르다.,41000132,1791267782800,ruleEdit,ruleEdit,41000132,1791267782800,ruleEdit,ruleEdit,0
M47C0007,1,2,RESULT,Expression,GOT_ATT_AMT,\N,236,\N,\N,\N,\N,\N,\N,1,도장 부착 량,\N,41000132,1791267782801,ruleEdit,ruleEdit,41000132,1791267782801,ruleEdit,ruleEdit,0
M47C0014,1,1,RESULT,Expression,COIL_LTH,\N,201,\N,\N,\N,\N,\N,\N,1,코일 길이,\N,41000132,1791248540757,ruleEdit,ruleEdit,41000132,1791248540757,ruleEdit,ruleEdit,0
M47C0025,1,1,RESULT,Expression,COIL_ODIA,\N,61,\N,\N,\N,\N,\N,\N,1,코일 외경 항목,\N,41000132,1791267912343,ruleEdit,ruleEdit,41000132,1791267912343,ruleEdit,ruleEdit,0
PACK_TYPE_LKP,1,1,COND,2,UNIT_WID_WGT,\N,\N,NUMBER,\N,\N,\N,\N,\N,1,단위폭중량(kg/mm),앞 산출 룰 UNIT_WID_WGT_CALC 의 결과,kim,2026-09-28 10:00:00,\N,mdm-local-sample,kim,2026-09-28 10:00:00,\N,mdm-local-sample,0
PACK_TYPE_LKP,1,2,RESULT,Value,PACK_TYPE,\N,\N,STRING,\N,\N,\N,\N,\N,1,포장 방식,A 경포장 · B 표준 포장 · C 중포장,kim,2026-09-28 10:00:00,\N,mdm-local-sample,kim,2026-09-28 10:00:00,\N,mdm-local-sample,0
PACK_TYPE_LKP,2,1,COND,2,UNIT_WID_WGT,\N,\N,NUMBER,\N,\N,\N,\N,\N,1,단위폭중량(kg/mm),앞 산출 룰 UNIT_WID_WGT_CALC 의 결과,41000132,1790579166600,ruleEdit,ruleEdit,41000132,1790579166600,ruleEdit,ruleEdit,0
PACK_TYPE_LKP,2,2,RESULT,Value,PACK_TYPE,\N,\N,STRING,\N,\N,\N,\N,\N,1,포장 방식,A 경포장 · B 표준 포장 · C 중포장,41000132,1790579166600,ruleEdit,ruleEdit,41000132,1790579166600,ruleEdit,ruleEdit,0
PACK_WGT_CALC,1,1,RESULT,Expression,PACK_WGT,\N,64,\N,\N,\N,\N,\N,\N,1,포장재 중량,1단계. 입력만 읽는다,kim,2026-09-27 10:00:00,\N,mdm-local-sample,kim,2026-09-27 10:00:00,\N,mdm-local-sample,0
PACK_WGT_CALC,1,2,RESULT,Expression,GROSS_WGT,\N,64,\N,\N,\N,\N,\N,\N,2,출하 총중량,2단계. 1단계 결과 PACK_WGT 를 읽는다,kim,2026-09-27 10:00:00,\N,mdm-local-sample,kim,2026-09-27 10:00:00,\N,mdm-local-sample,0
PACK_WGT_CALC,1,3,RESULT,Expression,LOAD_CNT,\N,68,\N,\N,\N,\N,\N,\N,3,필요 차량 대수,3단계. 2단계 결과 GROSS_WGT 를 읽는다,kim,2026-09-27 10:00:00,\N,mdm-local-sample,kim,2026-09-27 10:00:00,\N,mdm-local-sample,0
PACK_WGT_CALC,2,1,RESULT,Expression,PACK_WGT,\N,64,\N,\N,\N,\N,\N,\N,1,포장재 중량,1단계. 입력만 읽는다,41000132,1790577104472,ruleEdit,ruleEdit,41000132,1790577104472,ruleEdit,ruleEdit,0
PACK_WGT_CALC,2,2,RESULT,Expression,GROSS_WGT,\N,64,\N,\N,\N,\N,\N,\N,2,출하 총중량,2단계. 1단계 결과 PACK_WGT 를 읽는다,41000132,1790577104472,ruleEdit,ruleEdit,41000132,1790577104472,ruleEdit,ruleEdit,0
PACK_WGT_CALC,2,3,RESULT,Expression,LOAD_CNT,\N,68,\N,\N,\N,\N,\N,\N,3,필요 차량 대수,3단계. 2단계 결과 GROSS_WGT 를 읽는다,41000132,1790577104472,ruleEdit,ruleEdit,41000132,1790577104472,ruleEdit,ruleEdit,0
PROD_WGT_CALC,1,1,COND,Equal,PROD_TYPE,\N,\N,\N,\N,\N,\N,\N,\N,1,제품 형태,\N,kim,2026-09-16 10:00:00,\N,mdm-local-sample,kim,2026-09-16 10:00:00,\N,mdm-local-sample,0
PROD_WGT_CALC,1,2,RESULT,Expression,PROD_WGT,\N,64,\N,\N,\N,\N,\N,\N,1,제품 중량,이론 중량이다. 실측 중량과 다를 수 있다,kim,2026-09-16 10:00:00,\N,mdm-local-sample,kim,2026-09-16 10:00:00,\N,mdm-local-sample,0
PROD_WGT_CALC,1,3,COND,Equal,CALC_BASIS,\N,\N,\N,\N,\N,\N,\N,\N,2,산출 기준,코일만 본다. 시트는 무관,kim,2026-09-16 10:00:00,\N,mdm-local-sample,kim,2026-09-16 10:00:00,\N,mdm-local-sample,0
PROD_WGT_CALC,2,1,COND,Equal,PROD_TYPE,\N,\N,\N,\N,\N,\N,\N,\N,1,제품 형태,\N,kim,2026-09-21 11:00:00,\N,mdm-local-sample,kim,2026-09-21 11:00:00,\N,mdm-local-sample,0
PROD_WGT_CALC,2,2,RESULT,Expression,PROD_WGT,\N,64,\N,\N,\N,\N,\N,\N,1,제품 중량,이론 중량이다. 실측 중량과 다를 수 있다,kim,2026-09-21 11:00:00,\N,mdm-local-sample,kim,2026-09-21 11:00:00,\N,mdm-local-sample,0
PROD_WGT_CALC,2,3,COND,Equal,CALC_BASIS,\N,\N,\N,\N,\N,\N,\N,\N,2,산출 기준,코일만 본다. 시트는 무관,kim,2026-09-21 11:00:00,\N,mdm-local-sample,kim,2026-09-21 11:00:00,\N,mdm-local-sample,0
QLTY_GRD_JDG,1,1,COND,2,COIL_THK,\N,\N,\N,\N,\N,\N,\N,\N,1,두께,"구간은 하한 포함, 상한 제외로 적는다",kim,2026-08-20 10:00:00,\N,mdm-local-sample,kim,2026-08-20 10:00:00,\N,mdm-local-sample,0
QLTY_GRD_JDG,1,2,COND,1,COIL_WID,\N,\N,\N,\N,\N,\N,\N,\N,2,폭,\N,kim,2026-08-20 10:00:00,\N,mdm-local-sample,kim,2026-08-20 10:00:00,\N,mdm-local-sample,0
QLTY_GRD_JDG,1,3,COND,1,SURF_GRD,\N,\N,\N,\N,\N,\N,\N,\N,3,표면등급,\N,kim,2026-08-20 10:00:00,\N,mdm-local-sample,kim,2026-08-20 10:00:00,\N,mdm-local-sample,0
QLTY_GRD_JDG,1,4,RESULT,Value,QLTY_GRD,\N,51,\N,\N,\N,\N,\N,\N,1,판정등급,\N,kim,2026-08-20 10:00:00,\N,mdm-local-sample,kim,2026-08-20 10:00:00,\N,mdm-local-sample,0
QLTY_GRD_JDG,1,5,RESULT,Expression,PRC_FCT,\N,65,\N,\N,\N,\N,\N,\N,2,단가계수,\N,kim,2026-08-20 10:00:00,\N,mdm-local-sample,kim,2026-08-20 10:00:00,\N,mdm-local-sample,0
QLTY_GRD_JDG,2,1,COND,2,COIL_THK,\N,\N,\N,\N,\N,\N,\N,\N,1,두께,"구간은 하한 포함, 상한 제외로 적는다",kim,2026-09-21 10:00:00,\N,mdm-local-sample,kim,2026-09-21 10:00:00,\N,mdm-local-sample,0
QLTY_GRD_JDG,2,2,COND,1,COIL_WID,\N,\N,\N,\N,\N,\N,\N,\N,2,폭,\N,kim,2026-09-21 10:00:00,\N,mdm-local-sample,kim,2026-09-21 10:00:00,\N,mdm-local-sample,0
QLTY_GRD_JDG,2,3,COND,1,SURF_GRD,\N,\N,\N,\N,\N,\N,\N,\N,3,표면등급,\N,kim,2026-09-21 10:00:00,\N,mdm-local-sample,kim,2026-09-21 10:00:00,\N,mdm-local-sample,0
QLTY_GRD_JDG,2,4,RESULT,Value,QLTY_GRD,\N,51,\N,\N,\N,\N,\N,\N,1,판정등급,\N,kim,2026-09-21 10:00:00,\N,mdm-local-sample,kim,2026-09-21 10:00:00,\N,mdm-local-sample,0
QLTY_GRD_JDG,2,5,RESULT,Expression,PRC_FCT,\N,65,\N,\N,\N,\N,\N,\N,2,단가계수,\N,kim,2026-09-21 10:00:00,\N,mdm-local-sample,kim,2026-09-21 10:00:00,\N,mdm-local-sample,0
QLTY_SURCHG,1,1,COND,1,QLTY_GRD,\N,\N,\N,\N,\N,\N,\N,\N,1,판정등급,\N,kim,2026-07-25 10:00:00,\N,mdm-local-sample,kim,2026-07-25 10:00:00,\N,mdm-local-sample,0
QLTY_SURCHG,1,2,COND,2,COIL_THK,\N,\N,\N,\N,\N,\N,\N,\N,2,두께,\N,kim,2026-07-25 10:00:00,\N,mdm-local-sample,kim,2026-07-25 10:00:00,\N,mdm-local-sample,0
QLTY_SURCHG,1,3,RESULT,Value,SURCHG_RT,\N,66,\N,\N,\N,\N,\N,\N,1,할증률,\N,kim,2026-07-25 10:00:00,\N,mdm-local-sample,kim,2026-07-25 10:00:00,\N,mdm-local-sample,0
RMTL_STL_KND_GRD,1,1,COND,Equal,PRD_NM_CD,\N,\N,\N,\N,\N,\N,\N,\N,1,품명코드,\N,41000132,1791249084492,ruleEdit,ruleEdit,41000132,1791249084492,ruleEdit,ruleEdit,0
RMTL_STL_KND_GRD,1,2,COND,Equal,SPC_AVR,\N,\N,\N,\N,\N,\N,\N,\N,2,규격약호,\N,41000132,1791249084492,ruleEdit,ruleEdit,41000132,1791249084492,ruleEdit,ruleEdit,0
RMTL_STL_KND_GRD,1,3,COND,Equal,ORD_USG_CD,\N,\N,\N,\N,\N,\N,\N,\N,3,주문용도코드,\N,41000132,1791249084492,ruleEdit,ruleEdit,41000132,1791249084492,ruleEdit,ruleEdit,0
RMTL_STL_KND_GRD,1,4,COND,2,ORD_THK,\N,\N,\N,\N,\N,\N,\N,\N,4,두께범위,\N,41000132,1791249084492,ruleEdit,ruleEdit,41000132,1791249084492,ruleEdit,ruleEdit,0
RMTL_STL_KND_GRD,1,5,RESULT,Value,MQL_CD,\N,156,\N,\N,\N,\N,\N,\N,1,재질코드,\N,41000132,1791249084492,ruleEdit,ruleEdit,41000132,1791249084492,ruleEdit,ruleEdit,0
RMTL_STL_KND_GRD,1,6,RESULT,Value,PRP_RMTL_CD,\N,156,\N,\N,\N,\N,\N,\N,2,적정원료,\N,41000132,1791249084493,ruleEdit,ruleEdit,41000132,1791249084493,ruleEdit,ruleEdit,0
RMTL_STL_KND_GRD,1,7,RESULT,Value,RMTL_PS_CD_LIST,\N,190,\N,\N,\N,\N,\N,\N,3,차선원료,\N,41000132,1791249084493,ruleEdit,ruleEdit,41000132,1791249084493,ruleEdit,ruleEdit,0
RMTL_STL_KND_GRD,1,8,RESULT,Value,RMTL_STL_KND_MSG,\N,191,\N,\N,\N,\N,\N,\N,4,원자재강종 메시지,\N,41000132,1791249084493,ruleEdit,ruleEdit,41000132,1791249084493,ruleEdit,ruleEdit,0
SPD_EXC,1,1,COND,1,BASE_SPD,\N,\N,\N,\N,\N,\N,\N,\N,1,기본 L/S,\N,kim,2026-07-25 10:00:00,\N,mdm-local-sample,kim,2026-07-25 10:00:00,\N,mdm-local-sample,0
SPD_EXC,1,2,COND,1,COIL_WID,\N,\N,\N,\N,\N,\N,\N,\N,2,폭,\N,kim,2026-07-25 10:00:00,\N,mdm-local-sample,kim,2026-07-25 10:00:00,\N,mdm-local-sample,0
SPD_EXC,1,3,RESULT,Value,EXC_SPD,\N,69,\N,MIN,\N,\N,\N,\N,1,예외 L/S,\N,kim,2026-07-25 10:00:00,\N,mdm-local-sample,kim,2026-07-25 10:00:00,\N,mdm-local-sample,0
SPD_EXC,2,1,COND,1,BASE_SPD,\N,\N,\N,\N,\N,\N,\N,\N,1,기본 L/S,\N,41000132,1790652692401,ruleEdit,ruleEdit,41000132,1790652692401,ruleEdit,ruleEdit,0
SPD_EXC,2,2,COND,1,COIL_WID,\N,\N,\N,\N,\N,\N,\N,\N,2,폭,\N,41000132,1790652692402,ruleEdit,ruleEdit,41000132,1790652692402,ruleEdit,ruleEdit,0
SPD_EXC,2,3,RESULT,Value,EXC_SPD,\N,69,\N,MIN,\N,\N,\N,\N,1,예외 L/S,\N,41000132,1790652692406,ruleEdit,ruleEdit,41000132,1790652692406,ruleEdit,ruleEdit,0
SPD_JOIN,1,1,RESULT,Expression,LINE_SPD,\N,69,\N,\N,\N,\N,\N,\N,1,라인 L/S,\N,kim,2026-07-25 10:00:00,\N,mdm-local-sample,kim,2026-07-25 10:00:00,\N,mdm-local-sample,0
UNIT_WID_WGT_CALC,1,1,RESULT,Expression,UNIT_WID_WGT,\N,\N,NUMBER,\N,\N,\N,\N,\N,1,단위폭중량(kg/mm),사전에 없는 계산 값이라 값 타입을 선언한다,kim,2026-09-28 10:00:00,\N,mdm-local-sample,kim,2026-09-28 10:00:00,\N,mdm-local-sample,0
WID_CHK,1,1,COND,1,COIL_WID,\N,\N,\N,\N,\N,\N,\N,\N,1,폭,\N,kim,2026-07-25 10:00:00,\N,mdm-local-sample,kim,2026-07-25 10:00:00,\N,mdm-local-sample,0
WID_CHK,1,2,RESULT,Value,IS_WIDE,\N,\N,BOOLEAN,\N,\N,\N,\N,\N,1,광폭,\N,kim,2026-07-25 10:00:00,\N,mdm-local-sample,kim,2026-07-25 10:00:00,\N,mdm-local-sample,0
