MARU_CODE_ID,CATE_ID,CODE,FROM_VER,TO_VER,C_USR_ID,C_AT,C_SVC_ID,C_PGM_ID,U_USR_ID,U_AT,U_SVC_ID,U_PGM_ID,VER
CHK_CD1,CHK_CATE_C,CHK02,1,9999,CHK_STW,1791083359294,codeItemEdit,codeItemEdit,CHK_STW,1791083359294,codeItemEdit,codeItemEdit,0
CHK_CD1,CHK_CATE_C,CHK05,1,9999,CHK_STW,1791083359294,codeItemEdit,codeItemEdit,CHK_STW,1791083359294,codeItemEdit,codeItemEdit,0
E2E_USR_CD,TBL_HR,HR01,1,9999,E2E_USR_STW,1791079248109,codeItemEdit,codeItemEdit,E2E_USR_STW,1791079248109,codeItemEdit,codeItemEdit,0
E2E_USR_CD,TBL_HR,HR02,1,9999,E2E_USR_STW,1791079248109,codeItemEdit,codeItemEdit,E2E_USR_STW,2026-10-04 11:01:19,codeEdit,codeEdit,2
PROC_CD,COLD_MILL,1P,1,9999,park,2023-12-15 10:00:00,\N,mdm-local-sample,park,2023-12-15 10:00:00,\N,mdm-local-sample,0
PROC_CD,COLD_MILL,2P,1.001,2.001,park,1781517600000,\N,mdm-local-sample,41000132,1790599714729,codeItemEdit,codeItemEdit,1
PROC_CD,MAJOR,1P,1,9999,park,2023-12-15 10:00:00,\N,mdm-local-sample,park,2023-12-15 10:00:00,\N,mdm-local-sample,0
PROC_CD,MAJOR,2P,1.001,2.001,park,1781517600000,\N,mdm-local-sample,41000132,1790599714730,codeItemEdit,codeItemEdit,1
PROC_CD,MAJOR,82,1,9999,park,2023-12-15 10:00:00,\N,mdm-local-sample,park,2023-12-15 10:00:00,\N,mdm-local-sample,0
PROC_CD,MAJOR,84,2,9999,41000132,1790599543531,codeItemEdit,codeItemEdit,41000132,1790599543531,codeItemEdit,codeItemEdit,0
PROC_CD,MAJOR,A3,2,9999,41000132,1790599543531,codeItemEdit,codeItemEdit,41000132,1790599543531,codeItemEdit,codeItemEdit,0
PROC_CD,MAJOR,A4,2,9999,41000132,1790599543532,codeItemEdit,codeItemEdit,41000132,1790599543532,codeItemEdit,codeItemEdit,0
PROC_CD,MAJOR,A5,2,9999,41000132,1790599543532,codeItemEdit,codeItemEdit,41000132,1790599543532,codeItemEdit,codeItemEdit,0
PROC_CD,MAJOR,A6,2,9999,41000132,1790599543532,codeItemEdit,codeItemEdit,41000132,1790599543532,codeItemEdit,codeItemEdit,0
STEEL_STD,CGCH,KS-3-CGCH,1,9999,park,2025-12-10 10:00:00,\N,mdm-local-sample,park,2025-12-10 10:00:00,\N,mdm-local-sample,0
STEEL_STD,CGCH,KS-3-CGCH-Z12,1,9999,park,2025-12-10 10:00:00,\N,mdm-local-sample,park,2025-12-10 10:00:00,\N,mdm-local-sample,0
STEEL_STD,CGCH,KS-3-CGCH-Z27,1,9999,park,2025-12-10 10:00:00,\N,mdm-local-sample,park,2025-12-10 10:00:00,\N,mdm-local-sample,0
SURF_GRD,GOOD,A,1,9999,park,2026-08-01 10:00:00,\N,mdm-local-sample,park,2026-08-01 10:00:00,\N,mdm-local-sample,0
SURF_GRD,GOOD,B,1,9999,park,2026-08-01 10:00:00,\N,mdm-local-sample,park,2026-08-01 10:00:00,\N,mdm-local-sample,0
SURF_GRD,일반,A,1.001,9999,41000132,1790592926245,codeItemEdit,codeItemEdit,41000132,1790592926245,codeItemEdit,codeItemEdit,0
SURF_GRD,일반,B,1.001,9999,41000132,1790592926245,codeItemEdit,codeItemEdit,41000132,1790592926245,codeItemEdit,codeItemEdit,0
SURF_GRD,일반,C,1.001,9999,41000132,1790592926245,codeItemEdit,codeItemEdit,41000132,1790592926245,codeItemEdit,codeItemEdit,0
