MARU_DATA_ID,CATE_ID,CODE,VALID_FROM,VALID_TO,CHG_SEQ,C_USR_ID,C_AT,C_SVC_ID,C_PGM_ID,U_USR_ID,U_AT,U_SVC_ID,U_PGM_ID,VER
CHK_DT1,CHK_CATE1,CHK_K1,2026-10-04 12:29:24,9999-12-31 00:00:00,0,CHK_STW,2026-10-04 12:29:24,dataCateEdit,dataCateEdit,CHK_STW,2026-10-04 12:29:24,dataCateEdit,dataCateEdit,0
CHK_DT1,CHK_CATE1,CHK_K2,2026-10-04 12:29:24,9999-12-31 00:00:00,0,CHK_STW,2026-10-04 12:29:24,dataCateEdit,dataCateEdit,CHK_STW,2026-10-04 12:29:24,dataCateEdit,dataCateEdit,0
CUS_CD,APPAK0,320101,2026-09-30 08:48:43,9999-12-31 00:00:00,0,admin,2026-09-30 08:48:43,dataCateEdit,dataCateEdit,admin,2026-09-30 08:48:43,dataCateEdit,dataCateEdit,0
CUS_CD,APPAS0,320102,2026-09-30 08:48:43,9999-12-31 00:00:00,0,admin,2026-09-30 08:48:43,dataCateEdit,dataCateEdit,admin,2026-09-30 08:48:43,dataCateEdit,dataCateEdit,0
CUS_CD,SZ6001,100604,2026-09-30 08:48:43,9999-12-31 00:00:00,0,admin,2026-09-30 08:48:43,dataCateEdit,dataCateEdit,admin,2026-09-30 08:48:43,dataCateEdit,dataCateEdit,0
CUS_CD,SZ6001,110012,2026-09-30 08:48:43,9999-12-31 00:00:00,0,admin,2026-09-30 08:48:43,dataCateEdit,dataCateEdit,admin,2026-09-30 08:48:43,dataCateEdit,dataCateEdit,0
CUS_CD,SZ6001,110017,2026-09-30 08:48:43,9999-12-31 00:00:00,0,admin,2026-09-30 08:48:43,dataCateEdit,dataCateEdit,admin,2026-09-30 08:48:43,dataCateEdit,dataCateEdit,0
CUS_CD,SZ6001,110147,2026-09-30 08:48:43,9999-12-31 00:00:00,0,admin,2026-09-30 08:48:43,dataCateEdit,dataCateEdit,admin,2026-09-30 08:48:43,dataCateEdit,dataCateEdit,0
CUS_CD,SZ6001,110617,2026-09-30 08:48:43,9999-12-31 00:00:00,0,admin,2026-09-30 08:48:43,dataCateEdit,dataCateEdit,admin,2026-09-30 08:48:43,dataCateEdit,dataCateEdit,0
E2E_DC_PORT,DC_GROUP,DCKRPUS,2026-08-20 09:00:00,9999-12-31 00:00:00,0,e2e-fixture,\N,\N,mdm-dataMng.sql,\N,\N,\N,\N,0
E2E_DI_PORT,MAJOR,KRPUS,2026-08-20 09:00:00,9999-12-31 00:00:00,0,e2e-fixture,\N,\N,mdm-dataItem.sql,\N,\N,\N,\N,0
E2E_DM_PORT,MAJOR,KRPUS,2026-08-20 09:00:00,9999-12-31 00:00:00,0,e2e-fixture,\N,\N,mdm-dataMng.sql,\N,\N,\N,\N,0
E2E_USR_DMC_MUT6ES4Y,MAJOR,CNSHA,2026-10-04 11:04:01,2026-10-04 11:04:02,0,E2E_USR_STW,2026-10-04 11:04:01,dataCateEdit,dataCateEdit,E2E_USR_STW,2026-10-04 11:04:02,dataCateEdit,dataCateEdit,1
E2E_USR_DMC_MUT6ES4Y,MAJOR,KRPUS,2026-10-04 11:04:01,9999-12-31 00:00:00,0,E2E_USR_STW,2026-10-04 11:04:01,dataCateEdit,dataCateEdit,E2E_USR_STW,2026-10-04 11:04:01,dataCateEdit,dataCateEdit,0
PORT,MAJOR,CNSHA,2026-09-02 09:10:00,9999-12-31 00:00:00,8,kim,2026-09-02 09:10:00,\N,mdm-local-sample,kim,2026-09-02 09:10:00,\N,mdm-local-sample,0
PORT,MAJOR,KRPUS,2026-09-02 09:10:00,9999-12-31 00:00:00,8,kim,2026-09-02 09:10:00,\N,mdm-local-sample,kim,2026-09-02 09:10:00,\N,mdm-local-sample,0
