MARU_CODE_ID,MARU_CODE_NAME,STATUS,SOURCE_KIND,SOURCE_SYSTEM,DESCRIPTION,ATTR01_NAME,ATTR02_NAME,ATTR03_NAME,ATTR04_NAME,ATTR05_NAME,ATTR06_NAME,ATTR07_NAME,ATTR08_NAME,ATTR09_NAME,ATTR10_NAME,LVL_CNT,LAST_CHG_SEQ,C_USR_ID,C_AT,C_SVC_ID,C_PGM_ID,U_USR_ID,U_AT,U_SVC_ID,U_PGM_ID,VER
CHK_CD1,CHK_코드1A,CREATED,MDM,\N,CHK_ 통합 확인용 코드,\N,\N,\N,\N,\N,\N,\N,\N,\N,\N,2,0,CHK_STW,1791082989324,codeMng,codeMng,CHK_STW,1791083577703,codeEdit,codeEdit,1
E2E_USR_CD,E2E 강종 코드 E2EX,DEPRECATED,MDM,\N,폐기된 코드(E2E),규격,강종,\N,\N,\N,\N,\N,\N,\N,\N,2,0,E2E_USR_STW,1791079209241,codeMng,codeMng,E2E_USR_STW,1791079283672,codeEdit,codeEdit,6
E2E_USR_DEL,E2E 삭제표시 E2EX,INUSE,MDM,\N,\N,\N,\N,\N,\N,\N,\N,\N,\N,\N,\N,0,0,E2E_USR_STW,1791079333087,codeMng,codeMng,E2E_USR_STW,2026-10-04 11:02:16,codeConfirm,codeConfirm,1
E2E_USR_HND,E2E 넘기기 E2EX,CREATED,MDM,\N,\N,\N,\N,\N,\N,\N,\N,\N,\N,\N,\N,0,0,E2E_USR_STW,1791079304295,codeMng,codeMng,E2E_USR_STW,1791079304295,codeMng,codeMng,0
E2E_USR_ISS,E2E 탭이슈 E2EX,CREATED,MDM,\N,\N,\N,\N,\N,\N,\N,\N,\N,\N,\N,\N,0,0,E2E_USR_STW,1791079350271,codeMng,codeMng,E2E_USR_STW,1791079350271,codeMng,codeMng,0
E2E_USR_LK1,E2E 인계1 E2EX,CREATED,MDM,\N,\N,\N,\N,\N,\N,\N,\N,\N,\N,\N,\N,0,0,E2E_USR_STW,1791079287941,codeMng,codeMng,E2E_USR_STW,1791079287941,codeMng,codeMng,0
E2E_USR_LK2,E2E 인계2 E2EX,CREATED,MDM,\N,\N,\N,\N,\N,\N,\N,\N,\N,\N,\N,\N,0,0,E2E_USR_STW,1791079294151,codeMng,codeMng,E2E_USR_STW,1791079294151,codeMng,codeMng,0
E2E_USR_LK3,E2E 인계3 E2EX,CREATED,MDM,\N,\N,\N,\N,\N,\N,\N,\N,\N,\N,\N,\N,0,0,E2E_USR_STW,1791079299610,codeMng,codeMng,E2E_USR_STW,1791079299610,codeMng,codeMng,0
E2E_USR_RGXINV,E2E 정규식 오류 E2EX,CREATED,MDM,\N,\N,\N,\N,\N,\N,\N,\N,\N,\N,\N,\N,0,0,E2E_USR_STW,1791079345240,codeMng,codeMng,E2E_USR_STW,1791079345240,codeMng,codeMng,0
E2E_USR_RO,E2E 읽기전용 E2EX,CREATED,MDM,\N,\N,\N,\N,\N,\N,\N,\N,\N,\N,\N,\N,1,0,E2E_USR_STW,1791079357944,codeMng,codeMng,E2E_USR_STW,1791079357944,codeMng,codeMng,0
E2E_USR_SEQ,E2E 순서 E2EX,CREATED,MDM,\N,\N,\N,\N,\N,\N,\N,\N,\N,\N,\N,\N,0,0,E2E_USR_STW,1791079322104,codeMng,codeMng,E2E_USR_STW,1791079322104,codeMng,codeMng,0
E2E_USR_UND,E2E 취소 E2EX,CREATED,MDM,\N,\N,\N,\N,\N,\N,\N,\N,\N,\N,\N,\N,0,0,E2E_USR_STW,1791079327829,codeMng,codeMng,E2E_USR_STW,1791079327829,codeMng,codeMng,0
EQP_CD,설비 코드,INUSE,EXTERNAL,MES,설비 구분(원천 MES),설비 유형,\N,\N,\N,\N,\N,\N,\N,\N,\N,0,2,park,2026-07-20 09:00:00,\N,mdm-local-sample,park,2026-07-20 09:00:00,\N,mdm-local-sample,0
LINE_CD,라인 코드,CREATED,MDM,\N,생산 라인 구분,공장,\N,\N,\N,\N,\N,\N,\N,\N,\N,0,1,park,2026-09-10 10:00:00,\N,mdm-local-sample,park,2026-09-10 10:00:00,\N,mdm-local-sample,0
PROC_CD,공정 코드,INUSE,MDM,\N,생산 공정 구분,공장,공정 그룹,\N,\N,\N,\N,\N,\N,\N,\N,0,5,park,1702634400000,\N,mdm-local-sample,41000132,1790745447177,codeEdit,codeEdit,4
STEEL_STD,강종 규격,INUSE,MDM,\N,KS·JIS 강종 규격(계층 3칸),인장강도,\N,\N,\N,\N,\N,\N,\N,\N,\N,3,1,park,2025-12-10 10:00:00,\N,mdm-local-sample,park,2025-12-10 10:00:00,\N,mdm-local-sample,0
SURF_GRD,표면 등급,INUSE,MDM,\N,표면 검사 등급,\N,\N,\N,\N,\N,\N,\N,\N,\N,\N,0,1,park,2026-08-01 10:00:00,\N,mdm-local-sample,park,2026-08-01 10:00:00,\N,mdm-local-sample,0
