OBJECT_ID,PERMISSION_ID,ROLE_ID,C_AT,C_USR_ID,C_PGM_ID,C_SVC_ID,U_AT,U_USR_ID,U_PGM_ID,U_SVC_ID,VER
codeCateEdit,PERM_ALL,SYSADMIN,2026-09-24 15:50:39,admin,DataInitializer,DataInitializer,2026-09-24 15:50:39,admin,DataInitializer,DataInitializer,0
codeCateEdit,PERM_MDM_CONFIRM,MDM_STEWARD,2026-09-24 15:50:39,admin,DataInitializer,DataInitializer,2026-09-24 15:50:39,admin,DataInitializer,DataInitializer,0
codeCateEdit,PERM_MDM_READ,MDM_STD_ADMIN,2026-09-24 15:50:39,admin,DataInitializer,DataInitializer,2026-09-24 15:50:39,admin,DataInitializer,DataInitializer,0
codeConfirm,PERM_ALL,SYSADMIN,2026-09-26 10:21:13,admin,DataInitializer,DataInitializer,2026-09-26 10:21:13,admin,DataInitializer,DataInitializer,0
codeConfirm,PERM_MDM_CONFIRM,MDM_STEWARD,2026-09-26 10:21:13,admin,DataInitializer,DataInitializer,2026-09-26 10:21:13,admin,DataInitializer,DataInitializer,0
codeConfirm,PERM_MDM_READ,MDM_STD_ADMIN,2026-09-26 10:21:13,admin,DataInitializer,DataInitializer,2026-09-26 10:21:13,admin,DataInitializer,DataInitializer,0
codeEdit,PERM_ALL,SYSADMIN,2026-09-24 10:49:41,admin,DataInitializer,DataInitializer,2026-09-24 10:49:41,admin,DataInitializer,DataInitializer,0
codeEdit,PERM_MDM_CONFIRM,MDM_STEWARD,2026-09-24 10:49:41,admin,DataInitializer,DataInitializer,2026-09-24 10:49:41,admin,DataInitializer,DataInitializer,0
codeEdit,PERM_MDM_READ,MDM_STD_ADMIN,2026-09-24 10:49:41,admin,DataInitializer,DataInitializer,2026-09-24 10:49:41,admin,DataInitializer,DataInitializer,0
codeItemEdit,PERM_ALL,SYSADMIN,2026-09-24 10:49:41,admin,DataInitializer,DataInitializer,2026-09-24 10:49:41,admin,DataInitializer,DataInitializer,0
codeItemEdit,PERM_MDM_CONFIRM,MDM_STEWARD,2026-09-24 10:49:41,admin,DataInitializer,DataInitializer,2026-09-24 10:49:41,admin,DataInitializer,DataInitializer,0
codeItemEdit,PERM_MDM_READ,MDM_STD_ADMIN,2026-09-24 10:49:41,admin,DataInitializer,DataInitializer,2026-09-24 10:49:41,admin,DataInitializer,DataInitializer,0
codeMng,PERM_ALL,SYSADMIN,2026-09-24 10:49:41,admin,DataInitializer,DataInitializer,2026-09-24 10:49:41,admin,DataInitializer,DataInitializer,0
codeMng,PERM_MDM_CONFIRM,MDM_STEWARD,2026-09-24 10:49:41,admin,DataInitializer,DataInitializer,2026-09-24 10:49:41,admin,DataInitializer,DataInitializer,0
codeMng,PERM_MDM_READ,MDM_STD_ADMIN,2026-09-24 10:49:41,admin,DataInitializer,DataInitializer,2026-09-24 10:49:41,admin,DataInitializer,DataInitializer,0
columnMng,PERM_ALL,SYSADMIN,2026-09-24 10:49:41,admin,DataInitializer,DataInitializer,2026-09-24 10:49:41,admin,DataInitializer,DataInitializer,0
columnMng,PERM_MDM_EDIT,MDM_STD_ADMIN,2026-09-24 10:49:41,admin,DataInitializer,DataInitializer,2026-09-24 10:49:41,admin,DataInitializer,DataInitializer,0
columnMng,PERM_MDM_READ,MDM_STEWARD,2026-09-24 10:49:41,admin,DataInitializer,DataInitializer,2026-09-24 10:49:41,admin,DataInitializer,DataInitializer,0
commMenuMng,PERM_ALL,SYSADMIN,2026-09-23 05:21:19,admin,DataInitializer,DataInitializer,2026-09-23 05:21:19,admin,DataInitializer,DataInitializer,0
commObjMng,PERM_ALL,SYSADMIN,2026-09-23 05:21:19,admin,DataInitializer,DataInitializer,2026-09-23 05:21:19,admin,DataInitializer,DataInitializer,0
commPermMng,PERM_ALL,SYSADMIN,2026-09-23 05:21:19,admin,DataInitializer,DataInitializer,2026-09-23 05:21:19,admin,DataInitializer,DataInitializer,0
commRoleGrpMng,PERM_ALL,SYSADMIN,2026-09-23 05:21:19,admin,DataInitializer,DataInitializer,2026-09-23 05:21:19,admin,DataInitializer,DataInitializer,0
commRoleMng,PERM_ALL,SYSADMIN,2026-09-23 05:21:19,admin,DataInitializer,DataInitializer,2026-09-23 05:21:19,admin,DataInitializer,DataInitializer,0
commSyncMng,PERM_ALL,SYSADMIN,2026-09-23 05:21:19,admin,DataInitializer,DataInitializer,2026-09-23 05:21:19,admin,DataInitializer,DataInitializer,0
commUserMng,PERM_ALL,SYSADMIN,2026-09-23 05:21:19,admin,DataInitializer,DataInitializer,2026-09-23 05:21:19,admin,DataInitializer,DataInitializer,0
commUserRoleCopy,PERM_ALL,SYSADMIN,2026-09-23 05:21:19,admin,DataInitializer,DataInitializer,2026-09-23 05:21:19,admin,DataInitializer,DataInitializer,0
commWidgetMng,PERM_ALL,SYSADMIN,2026-10-02 16:49:01,admin,DataInitializer,DataInitializer,2026-10-02 16:49:01,admin,DataInitializer,DataInitializer,0
dataCateEdit,PERM_ALL,SYSADMIN,2026-09-26 10:21:13,admin,DataInitializer,DataInitializer,2026-09-26 10:21:13,admin,DataInitializer,DataInitializer,0
dataCateEdit,PERM_MDM_EDIT,MDM_STEWARD,2026-09-26 10:21:13,admin,DataInitializer,DataInitializer,2026-09-26 10:21:13,admin,DataInitializer,DataInitializer,0
dataCateEdit,PERM_MDM_READ,MDM_STD_ADMIN,2026-09-26 10:21:13,admin,DataInitializer,DataInitializer,2026-09-26 10:21:13,admin,DataInitializer,DataInitializer,0
dataCsvUploadPop,PERM_ALL,SYSADMIN,2026-09-26 10:21:13,admin,DataInitializer,DataInitializer,2026-09-26 10:21:13,admin,DataInitializer,DataInitializer,0
dataCsvUploadPop,PERM_MDM_EDIT,MDM_STEWARD,2026-09-26 10:21:13,admin,DataInitializer,DataInitializer,2026-09-26 10:21:13,admin,DataInitializer,DataInitializer,0
dataCsvUploadPop,PERM_MDM_READ,MDM_STD_ADMIN,2026-09-26 10:21:13,admin,DataInitializer,DataInitializer,2026-09-26 10:21:13,admin,DataInitializer,DataInitializer,0
dataEdit,PERM_ALL,SYSADMIN,2026-09-26 10:21:13,admin,DataInitializer,DataInitializer,2026-09-26 10:21:13,admin,DataInitializer,DataInitializer,0
dataEdit,PERM_MDM_EDIT,MDM_STEWARD,2026-09-26 10:21:13,admin,DataInitializer,DataInitializer,2026-09-26 10:21:13,admin,DataInitializer,DataInitializer,0
dataEdit,PERM_MDM_READ,MDM_STD_ADMIN,2026-09-26 10:21:13,admin,DataInitializer,DataInitializer,2026-09-26 10:21:13,admin,DataInitializer,DataInitializer,0
dataHistory,PERM_ALL,SYSADMIN,2026-09-24 10:49:41,admin,DataInitializer,DataInitializer,2026-09-24 10:49:41,admin,DataInitializer,DataInitializer,0
dataHistory,PERM_MDM_EDIT,MDM_STEWARD,2026-09-24 10:49:41,admin,DataInitializer,DataInitializer,2026-09-24 10:49:41,admin,DataInitializer,DataInitializer,0
dataHistory,PERM_MDM_READ,MDM_STD_ADMIN,2026-09-24 10:49:41,admin,DataInitializer,DataInitializer,2026-09-24 10:49:41,admin,DataInitializer,DataInitializer,0
dataItemMng,PERM_ALL,SYSADMIN,2026-09-24 10:49:41,admin,DataInitializer,DataInitializer,2026-09-24 10:49:41,admin,DataInitializer,DataInitializer,0
dataItemMng,PERM_MDM_EDIT,MDM_STEWARD,2026-09-24 10:49:41,admin,DataInitializer,DataInitializer,2026-09-24 10:49:41,admin,DataInitializer,DataInitializer,0
dataItemMng,PERM_MDM_READ,MDM_STD_ADMIN,2026-09-24 10:49:41,admin,DataInitializer,DataInitializer,2026-09-24 10:49:41,admin,DataInitializer,DataInitializer,0
dataMng,PERM_ALL,SYSADMIN,2026-09-26 10:21:13,admin,DataInitializer,DataInitializer,2026-09-26 10:21:13,admin,DataInitializer,DataInitializer,0
dataMng,PERM_MDM_EDIT,MDM_STEWARD,2026-09-26 10:21:13,admin,DataInitializer,DataInitializer,2026-09-26 10:21:13,admin,DataInitializer,DataInitializer,0
dataMng,PERM_MDM_READ,MDM_STD_ADMIN,2026-09-26 10:21:13,admin,DataInitializer,DataInitializer,2026-09-26 10:21:13,admin,DataInitializer,DataInitializer,0
domainMng,PERM_ALL,SYSADMIN,2026-09-24 10:49:41,admin,DataInitializer,DataInitializer,2026-09-24 10:49:41,admin,DataInitializer,DataInitializer,0
domainMng,PERM_MDM_EDIT,MDM_STD_ADMIN,2026-09-24 10:49:41,admin,DataInitializer,DataInitializer,2026-09-24 10:49:41,admin,DataInitializer,DataInitializer,0
domainMng,PERM_MDM_READ,MDM_STEWARD,2026-09-24 10:49:41,admin,DataInitializer,DataInitializer,2026-09-24 10:49:41,admin,DataInitializer,DataInitializer,0
headerMng,PERM_ALL,SYSADMIN,2026-09-24 10:49:41,admin,DataInitializer,DataInitializer,2026-09-24 10:49:41,admin,DataInitializer,DataInitializer,0
headerMng,PERM_MDM_CONFIRM,MDM_STEWARD,2026-10-02 16:53:09,admin,DataInitializer,DataInitializer,2026-10-02 16:53:09,admin,DataInitializer,DataInitializer,0
headerMng,PERM_MDM_EDIT,MDM_STD_ADMIN,2026-09-24 10:49:41,admin,DataInitializer,DataInitializer,2026-09-24 10:49:41,admin,DataInitializer,DataInitializer,0
headerMng,PERM_MDM_READ,MDM_STEWARD,2026-09-24 10:49:41,admin,DataInitializer,DataInitializer,2026-09-24 10:49:41,admin,DataInitializer,DataInitializer,0
layoutConfirm,PERM_ALL,SYSADMIN,2026-10-02 16:53:09,admin,DataInitializer,DataInitializer,2026-10-02 16:53:09,admin,DataInitializer,DataInitializer,0
layoutConfirm,PERM_MDM_CONFIRM,MDM_STEWARD,2026-10-02 16:53:09,admin,DataInitializer,DataInitializer,2026-10-02 16:53:09,admin,DataInitializer,DataInitializer,0
layoutConfirm,PERM_MDM_EDIT,MDM_STD_ADMIN,2026-10-02 16:53:09,admin,DataInitializer,DataInitializer,2026-10-02 16:53:09,admin,DataInitializer,DataInitializer,0
layoutMng,PERM_ALL,SYSADMIN,2026-09-24 10:49:41,admin,DataInitializer,DataInitializer,2026-09-24 10:49:41,admin,DataInitializer,DataInitializer,0
layoutMng,PERM_MDM_CONFIRM,MDM_STEWARD,2026-10-02 16:53:09,admin,DataInitializer,DataInitializer,2026-10-02 16:53:09,admin,DataInitializer,DataInitializer,0
layoutMng,PERM_MDM_EDIT,MDM_STD_ADMIN,2026-09-24 10:49:41,admin,DataInitializer,DataInitializer,2026-09-24 10:49:41,admin,DataInitializer,DataInitializer,0
layoutMng,PERM_MDM_READ,MDM_STEWARD,2026-09-24 10:49:41,admin,DataInitializer,DataInitializer,2026-09-24 10:49:41,admin,DataInitializer,DataInitializer,0
logViewer,PERM_ALL,SYSADMIN,2026-09-23 05:21:19,admin,DataInitializer,DataInitializer,2026-09-23 05:21:19,admin,DataInitializer,DataInitializer,0
masterCategoryMng,PERM_ALL,SYSADMIN,2026-09-23 05:21:19,admin,DataInitializer,DataInitializer,2026-09-23 05:21:19,admin,DataInitializer,DataInitializer,0
masterCodeMng,PERM_ALL,SYSADMIN,2026-09-23 05:21:19,admin,DataInitializer,DataInitializer,2026-09-23 05:21:19,admin,DataInitializer,DataInitializer,0
masterCodeMngList,PERM_ALL,SYSADMIN,2026-09-23 05:21:19,admin,DataInitializer,DataInitializer,2026-09-23 05:21:19,admin,DataInitializer,DataInitializer,0
masterCodeSelPop,PERM_ALL,SYSADMIN,2026-09-23 05:21:19,admin,DataInitializer,DataInitializer,2026-09-23 05:21:19,admin,DataInitializer,DataInitializer,0
masterCodeUploadFilePopup,PERM_ALL,SYSADMIN,2026-09-23 05:21:19,admin,DataInitializer,DataInitializer,2026-09-23 05:21:19,admin,DataInitializer,DataInitializer,0
masterRuleData,PERM_ALL,SYSADMIN,2026-09-23 05:21:19,admin,DataInitializer,DataInitializer,2026-09-23 05:21:19,admin,DataInitializer,DataInitializer,0
masterRuleDataList,PERM_ALL,SYSADMIN,2026-09-23 05:21:19,admin,DataInitializer,DataInitializer,2026-09-23 05:21:19,admin,DataInitializer,DataInitializer,0
masterRuleDataUploadFilePopup,PERM_ALL,SYSADMIN,2026-09-23 05:21:19,admin,DataInitializer,DataInitializer,2026-09-23 05:21:19,admin,DataInitializer,DataInitializer,0
masterRuleFrame,PERM_ALL,SYSADMIN,2026-09-23 05:21:19,admin,DataInitializer,DataInitializer,2026-09-23 05:21:19,admin,DataInitializer,DataInitializer,0
masterRuleFrameColListPopup,PERM_ALL,SYSADMIN,2026-09-23 05:21:19,admin,DataInitializer,DataInitializer,2026-09-23 05:21:19,admin,DataInitializer,DataInitializer,0
masterRuleList,PERM_ALL,SYSADMIN,2026-09-23 05:21:19,admin,DataInitializer,DataInitializer,2026-09-23 05:21:19,admin,DataInitializer,DataInitializer,0
masterRuleListPop,PERM_ALL,SYSADMIN,2026-09-23 05:21:19,admin,DataInitializer,DataInitializer,2026-09-23 05:21:19,admin,DataInitializer,DataInitializer,0
mdmCacheMng,PERM_ALL,SYSADMIN,2026-10-02 14:50:45,admin,DataInitializer,DataInitializer,2026-10-02 14:50:45,admin,DataInitializer,DataInitializer,0
mdmSample,PERM_ALL,SYSADMIN,2026-09-24 10:49:41,admin,DataInitializer,DataInitializer,2026-09-24 10:49:41,admin,DataInitializer,DataInitializer,0
mdmSample,PERM_MDM_EDIT,MDM_STD_ADMIN,2026-09-24 10:49:41,admin,DataInitializer,DataInitializer,2026-09-24 10:49:41,admin,DataInitializer,DataInitializer,0
mdmSample,PERM_MDM_READ,MDM_STEWARD,2026-09-24 10:49:41,admin,DataInitializer,DataInitializer,2026-09-24 10:49:41,admin,DataInitializer,DataInitializer,0
metaFeed,PERM_ALL,SYSADMIN,2026-10-02 14:50:45,admin,DataInitializer,DataInitializer,2026-10-02 14:50:45,admin,DataInitializer,DataInitializer,0
noticeBoard,PERM_SEARCH_ONLY,MDM_STD_ADMIN,2026-10-02 04:36:31,admin,DataInitializer,DataInitializer,2026-10-02 04:36:31,admin,DataInitializer,DataInitializer,0
noticeBoard,PERM_SEARCH_ONLY,MDM_STEWARD,2026-10-02 04:36:31,admin,DataInitializer,DataInitializer,2026-10-02 04:36:31,admin,DataInitializer,DataInitializer,0
noticeBoard,PERM_SEARCH_ONLY,SYSADMIN,2026-10-02 04:36:31,admin,DataInitializer,DataInitializer,2026-10-02 04:36:31,admin,DataInitializer,DataInitializer,0
noticeMgmt,PERM_ALL,SYSADMIN,2026-10-02 04:36:31,admin,DataInitializer,DataInitializer,2026-10-02 04:36:31,admin,DataInitializer,DataInitializer,0
ruleConfirm,PERM_ALL,SYSADMIN,2026-09-26 10:21:13,admin,DataInitializer,DataInitializer,2026-09-26 10:21:13,admin,DataInitializer,DataInitializer,0
ruleConfirm,PERM_MDM_CONFIRM,MDM_STEWARD,2026-09-26 10:21:13,admin,DataInitializer,DataInitializer,2026-09-26 10:21:13,admin,DataInitializer,DataInitializer,0
ruleConfirm,PERM_MDM_READ,MDM_STD_ADMIN,2026-09-26 10:21:13,admin,DataInitializer,DataInitializer,2026-09-26 10:21:13,admin,DataInitializer,DataInitializer,0
ruleEdit,PERM_ALL,SYSADMIN,2026-09-24 10:49:41,admin,DataInitializer,DataInitializer,2026-09-24 10:49:41,admin,DataInitializer,DataInitializer,0
ruleEdit,PERM_MDM_CONFIRM,MDM_STEWARD,2026-09-24 10:49:41,admin,DataInitializer,DataInitializer,2026-09-24 10:49:41,admin,DataInitializer,DataInitializer,0
ruleEdit,PERM_MDM_READ,MDM_STD_ADMIN,2026-09-24 10:49:41,admin,DataInitializer,DataInitializer,2026-09-24 10:49:41,admin,DataInitializer,DataInitializer,0
ruleMng,PERM_ALL,SYSADMIN,2026-09-24 10:49:41,admin,DataInitializer,DataInitializer,2026-09-24 10:49:41,admin,DataInitializer,DataInitializer,0
ruleMng,PERM_MDM_CONFIRM,MDM_STEWARD,2026-09-24 10:49:41,admin,DataInitializer,DataInitializer,2026-09-24 10:49:41,admin,DataInitializer,DataInitializer,0
ruleMng,PERM_MDM_READ,MDM_STD_ADMIN,2026-09-24 10:49:41,admin,DataInitializer,DataInitializer,2026-09-24 10:49:41,admin,DataInitializer,DataInitializer,0
ruleSetConfirm,PERM_ALL,SYSADMIN,2026-10-02 14:11:02,admin,DataInitializer,DataInitializer,2026-10-02 14:11:02,admin,DataInitializer,DataInitializer,0
ruleSetConfirm,PERM_MDM_CONFIRM,MDM_STEWARD,2026-10-02 14:11:02,admin,DataInitializer,DataInitializer,2026-10-02 14:11:02,admin,DataInitializer,DataInitializer,0
ruleSetConfirm,PERM_MDM_READ,MDM_STD_ADMIN,2026-10-02 14:11:02,admin,DataInitializer,DataInitializer,2026-10-02 14:11:02,admin,DataInitializer,DataInitializer,0
ruleSetEdit,PERM_ALL,SYSADMIN,2026-09-26 10:21:13,admin,DataInitializer,DataInitializer,2026-09-26 10:21:13,admin,DataInitializer,DataInitializer,0
ruleSetEdit,PERM_MDM_CONFIRM,MDM_STEWARD,2026-09-26 10:21:13,admin,DataInitializer,DataInitializer,2026-09-26 10:21:13,admin,DataInitializer,DataInitializer,0
ruleSetEdit,PERM_MDM_READ,MDM_STD_ADMIN,2026-09-26 10:21:13,admin,DataInitializer,DataInitializer,2026-09-26 10:21:13,admin,DataInitializer,DataInitializer,0
ruleSetMng,PERM_ALL,SYSADMIN,2026-09-26 10:21:13,admin,DataInitializer,DataInitializer,2026-09-26 10:21:13,admin,DataInitializer,DataInitializer,0
ruleSetMng,PERM_MDM_CONFIRM,MDM_STEWARD,2026-09-26 10:21:13,admin,DataInitializer,DataInitializer,2026-09-26 10:21:13,admin,DataInitializer,DataInitializer,0
ruleSetMng,PERM_MDM_READ,MDM_STD_ADMIN,2026-09-26 10:21:13,admin,DataInitializer,DataInitializer,2026-09-26 10:21:13,admin,DataInitializer,DataInitializer,0
screenUsageStat,PERM_ALL,SYSADMIN,2026-10-02 14:11:02,admin,DataInitializer,DataInitializer,2026-10-02 14:11:02,admin,DataInitializer,DataInitializer,0
searchDefaultsSample,PERM_ALL,SYSADMIN,2026-10-07 09:11:47,admin,search-defaults-lane,search-defaults-lane,2026-10-07 09:11:47,admin,search-defaults-lane,search-defaults-lane,0
termMng,PERM_ALL,SYSADMIN,2026-09-24 10:49:41,admin,DataInitializer,DataInitializer,2026-09-24 10:49:41,admin,DataInitializer,DataInitializer,0
termMng,PERM_MDM_EDIT,MDM_STD_ADMIN,2026-09-24 10:49:41,admin,DataInitializer,DataInitializer,2026-09-24 10:49:41,admin,DataInitializer,DataInitializer,0
termMng,PERM_MDM_READ,MDM_STEWARD,2026-09-24 10:49:41,admin,DataInitializer,DataInitializer,2026-09-24 10:49:41,admin,DataInitializer,DataInitializer,0
termRegPop,PERM_ALL,SYSADMIN,2026-09-24 10:49:41,admin,DataInitializer,DataInitializer,2026-09-24 10:49:41,admin,DataInitializer,DataInitializer,0
termRegPop,PERM_MDM_EDIT,MDM_STD_ADMIN,2026-09-24 10:49:41,admin,DataInitializer,DataInitializer,2026-09-24 10:49:41,admin,DataInitializer,DataInitializer,0
termRegPop,PERM_MDM_READ,MDM_STEWARD,2026-09-24 10:49:41,admin,DataInitializer,DataInitializer,2026-09-24 10:49:41,admin,DataInitializer,DataInitializer,0
unitMng,PERM_ALL,SYSADMIN,2026-09-24 10:49:41,admin,DataInitializer,DataInitializer,2026-09-24 10:49:41,admin,DataInitializer,DataInitializer,0
unitMng,PERM_MDM_EDIT,MDM_STD_ADMIN,2026-09-24 10:49:41,admin,DataInitializer,DataInitializer,2026-09-24 10:49:41,admin,DataInitializer,DataInitializer,0
unitMng,PERM_MDM_READ,MDM_STEWARD,2026-09-24 10:49:41,admin,DataInitializer,DataInitializer,2026-09-24 10:49:41,admin,DataInitializer,DataInitializer,0
