MENU_ID,C_AT,C_USR_ID,C_PGM_ID,C_SVC_ID,U_AT,U_USR_ID,U_PGM_ID,U_SVC_ID,VER,END_ACTIVE_DATE,FULL_SEQ,MENU_DESC,MENU_NM,MENU_PARAM1,MENU_PARAM2,MENU_PARAM3,MENU_SEQ,MENU_TP,MENU_VIEW_YN,OBJECT_ID,PARENT_MENU_ID,START_ACTIVE_DATE,USE_TP
codeConfirm,2026-09-26 10:21:13,admin,DataInitializer,DataInitializer,2026-10-07 03:31:34,system,mcm,mcm,85,9999-12-31 23:59:59,3030120,\N,버전 확정,\N,\N,\N,00000005,WEB,Y,codeConfirm,dmc,2026-09-26 10:21:13,Y
codeItemEdit,2026-09-24 10:49:41,admin,DataInitializer,DataInitializer,2026-10-07 03:31:34,system,mcm,mcm,89,9999-12-31 23:59:59,3030110,\N,코드 편집,\N,\N,\N,00000003,WEB,Y,codeItemEdit,dmc,2026-09-24 10:49:41,Y
codeMng,2026-09-24 10:49:41,admin,DataInitializer,DataInitializer,2026-10-07 03:31:34,system,mcm,mcm,89,9999-12-31 23:59:59,3030100,\N,마루 코드,\N,\N,\N,00000001,WEB,Y,codeMng,dmc,2026-09-24 10:49:41,Y
columnMng,2026-09-24 10:49:41,admin,DataInitializer,DataInitializer,2026-10-07 03:31:34,system,mcm,mcm,89,9999-12-31 23:59:59,3010140,\N,컬럼 사전,\N,\N,\N,00000004,WEB,Y,columnMng,dma,2026-09-24 10:49:41,Y
commMenuMng,2026-09-23 05:21:19,admin,DataInitializer,DataInitializer,2026-10-07 03:31:34,system,mcm,mcm,91,9999-12-31 23:59:59,1020110,\N,메뉴 관리,\N,\N,\N,00000001,WEB,Y,commMenuMng,csa,2026-09-23 05:21:19,Y
commObjMng,2026-09-23 05:21:19,admin,DataInitializer,DataInitializer,2026-10-07 03:31:34,system,mcm,mcm,91,9999-12-31 23:59:59,1020100,\N,OBJECT 관리,\N,\N,\N,00000001,WEB,Y,commObjMng,csa,2026-09-23 05:21:19,Y
commPermMng,2026-09-23 05:21:19,admin,DataInitializer,DataInitializer,2026-10-07 03:31:34,system,mcm,mcm,91,9999-12-31 23:59:59,1020150,\N,PERMISSION 관리,\N,\N,\N,00000001,WEB,Y,commPermMng,csa,2026-09-23 05:21:19,Y
commRoleGrpMng,2026-09-23 05:21:19,admin,DataInitializer,DataInitializer,2026-10-07 03:31:34,system,mcm,mcm,91,9999-12-31 23:59:59,1020130,\N,역할 그룹 관리,\N,\N,\N,00000001,WEB,Y,commRoleGrpMng,csa,2026-09-23 05:21:19,Y
commRoleMng,2026-09-23 05:21:19,admin,DataInitializer,DataInitializer,2026-10-07 03:31:34,system,mcm,mcm,91,9999-12-31 23:59:59,1020120,\N,역할 관리,\N,\N,\N,00000001,WEB,Y,commRoleMng,csa,2026-09-23 05:21:19,Y
commSyncMng,2026-09-23 05:21:19,admin,DataInitializer,DataInitializer,2026-10-07 03:31:34,system,mcm,mcm,91,9999-12-31 23:59:59,1020170,\N,동기화 관리,\N,\N,\N,00000001,WEB,Y,commSyncMng,csa,2026-09-23 05:21:19,Y
commUserMng,2026-09-23 05:21:19,admin,DataInitializer,DataInitializer,2026-10-07 03:31:34,system,mcm,mcm,91,9999-12-31 23:59:59,1020140,\N,사용자 관리,\N,\N,\N,00000001,WEB,Y,commUserMng,csa,2026-09-23 05:21:19,Y
commUserRoleCopy,2026-09-23 05:21:19,admin,DataInitializer,DataInitializer,2026-10-07 03:31:34,system,mcm,mcm,91,9999-12-31 23:59:59,1020160,\N,사용자 권한 일괄 등록,\N,\N,\N,00000001,WEB,Y,commUserRoleCopy,csa,2026-09-23 05:21:19,Y
commWidgetMng,2026-10-02 16:49:01,admin,DataInitializer,DataInitializer,2026-10-07 03:31:34,system,mcm,mcm,35,9999-12-31 23:59:59,1020190,\N,위젯 관리,\N,\N,\N,00000001,WEB,Y,commWidgetMng,csa,2026-10-02 16:49:01,Y
dataItemMng,2026-09-24 10:49:41,admin,DataInitializer,DataInitializer,2026-10-07 03:31:34,system,mcm,mcm,89,9999-12-31 23:59:59,3040110,\N,항목 편집,\N,\N,\N,00000004,WEB,Y,dataItemMng,dmd,2026-09-24 10:49:41,Y
dataMng,2026-09-26 10:21:13,admin,DataInitializer,DataInitializer,2026-10-07 03:31:34,system,mcm,mcm,85,9999-12-31 23:59:59,3040100,\N,마루 데이터,\N,\N,\N,00000001,WEB,Y,dataMng,dmd,2026-09-26 10:21:13,Y
domainMng,2026-09-24 10:49:41,admin,DataInitializer,DataInitializer,2026-10-07 03:31:34,system,mcm,mcm,89,9999-12-31 23:59:59,3010110,\N,도메인 관리,\N,\N,\N,00000001,WEB,Y,domainMng,dma,2026-09-24 10:49:41,Y
headerMng,2026-09-24 10:49:41,admin,DataInitializer,DataInitializer,2026-10-07 03:31:34,system,mcm,mcm,89,9999-12-31 23:59:59,3020100,\N,전문 헤더 정의,\N,\N,\N,00000001,WEB,Y,headerMng,dmb,2026-09-24 10:49:41,Y
layoutConfirm,2026-10-02 16:53:09,admin,DataInitializer,DataInitializer,2026-10-07 03:31:34,system,mcm,mcm,34,9999-12-31 23:59:59,3020120,\N,레이아웃 확정,\N,\N,\N,00000003,WEB,Y,layoutConfirm,dmb,2026-10-02 16:53:09,Y
layoutMng,2026-09-24 10:49:41,admin,DataInitializer,DataInitializer,2026-10-07 03:31:34,system,mcm,mcm,89,9999-12-31 23:59:59,3020110,\N,전문 레이아웃,\N,\N,\N,00000002,WEB,Y,layoutMng,dmb,2026-09-24 10:49:41,Y
logViewer,2026-09-23 05:21:19,admin,DataInitializer,DataInitializer,2026-10-07 03:31:34,system,mcm,mcm,91,9999-12-31 23:59:59,2010100,\N,로그 뷰어,\N,\N,\N,00000001,WEB,Y,logViewer,anl,2026-09-23 05:21:19,Y
masterCategoryMng,2026-09-23 05:21:19,admin,DataInitializer,DataInitializer,2026-10-07 03:31:34,system,mcm,mcm,91,9999-12-31 23:59:59,1010100,\N,카테고리 관리,\N,\N,\N,00000001,WEB,Y,masterCategoryMng,cma,2026-09-23 05:21:19,Y
masterCodeMng,2026-09-23 05:21:19,admin,DataInitializer,DataInitializer,2026-10-07 03:31:34,system,mcm,mcm,91,9999-12-31 23:59:59,1010110,\N,Master Code 관리,\N,\N,\N,00000001,WEB,Y,masterCodeMng,cma,2026-09-23 05:21:19,Y
masterCodeMngList,2026-09-23 05:21:19,admin,DataInitializer,DataInitializer,2026-10-07 03:31:34,system,mcm,mcm,91,9999-12-31 23:59:59,1030100,\N,Master Code 상세조회,\N,\N,\N,00000001,WEB,Y,masterCodeMngList,cme,2026-09-23 05:21:19,Y
masterCodeSelPop,2026-09-23 05:21:19,admin,DataInitializer,DataInitializer,2026-10-07 03:31:34,system,mcm,mcm,91,9999-12-31 23:59:59,1050100,\N,마스터코드 선택 팝업,\N,\N,\N,00000001,WEB,N,masterCodeSelPop,cmz,2026-09-23 05:21:19,Y
masterCodeUploadFilePopup,2026-09-23 05:21:19,admin,DataInitializer,DataInitializer,2026-10-07 03:31:34,system,mcm,mcm,91,9999-12-31 23:59:59,1050110,\N,마스터코드 등록(Excel Upload),\N,\N,\N,00000001,WEB,N,masterCodeUploadFilePopup,cmz,2026-09-23 05:21:19,Y
masterRuleData,2026-09-23 05:21:19,admin,DataInitializer,DataInitializer,2026-10-07 03:31:34,system,mcm,mcm,91,9999-12-31 23:59:59,1040110,\N,업무기준 Data관리,\N,\N,\N,00000001,WEB,Y,masterRuleData,cmb,2026-09-23 05:21:19,Y
masterRuleDataList,2026-09-23 05:21:19,admin,DataInitializer,DataInitializer,2026-10-07 03:31:34,system,mcm,mcm,91,9999-12-31 23:59:59,1040120,\N,업무기준 상세조회,\N,\N,\N,00000001,WEB,Y,masterRuleDataList,cmb,2026-09-23 05:21:19,Y
masterRuleDataUploadFilePopup,2026-09-23 05:21:19,admin,DataInitializer,DataInitializer,2026-10-07 03:31:34,system,mcm,mcm,91,9999-12-31 23:59:59,1050140,\N,일반 업무기준 등록(Excel Upload),\N,\N,\N,00000001,WEB,N,masterRuleDataUploadFilePopup,cmz,2026-09-23 05:21:19,Y
masterRuleFrame,2026-09-23 05:21:19,admin,DataInitializer,DataInitializer,2026-10-07 03:31:34,system,mcm,mcm,91,9999-12-31 23:59:59,1040130,\N,업무기준 구조관리,\N,\N,\N,00000001,WEB,Y,masterRuleFrame,cmb,2026-09-23 05:21:19,Y
masterRuleFrameColListPopup,2026-09-23 05:21:19,admin,DataInitializer,DataInitializer,2026-10-07 03:31:34,system,mcm,mcm,91,9999-12-31 23:59:59,1050130,\N,업무기준 컬럼 리스트 등록 팝업,\N,\N,\N,00000001,WEB,N,masterRuleFrameColListPopup,cmz,2026-09-23 05:21:19,Y
masterRuleList,2026-09-23 05:21:19,admin,DataInitializer,DataInitializer,2026-10-07 03:31:34,system,mcm,mcm,91,9999-12-31 23:59:59,1040100,\N,업무기준 목록조회,\N,\N,\N,00000001,WEB,Y,masterRuleList,cmb,2026-09-23 05:21:19,Y
masterRuleListPop,2026-09-23 05:21:19,admin,DataInitializer,DataInitializer,2026-10-07 03:31:34,system,mcm,mcm,91,9999-12-31 23:59:59,1050120,\N,업무기준 List조회 팝업,\N,\N,\N,00000001,WEB,N,masterRuleListPop,cmz,2026-09-23 05:21:19,Y
mdmCacheMng,2026-10-02 14:50:45,admin,DataInitializer,DataInitializer,2026-10-07 03:31:34,system,mcm,mcm,37,9999-12-31 23:59:59,1020200,\N,MDM 캐시 관리,\N,\N,\N,00000001,WEB,Y,mdmCacheMng,csa,2026-10-02 14:50:45,Y
mdmSample,2026-09-24 10:49:41,admin,DataInitializer,DataInitializer,2026-10-07 03:31:34,system,mcm,mcm,89,9999-12-31 23:59:59,3010100,\N,MDM 샘플,\N,\N,\N,00000001,WEB,Y,mdmSample,dma,2026-09-24 10:49:41,Y
noticeMgmt,2026-10-02 04:36:31,admin,DataInitializer,DataInitializer,2026-10-07 03:31:34,system,mcm,mcm,42,9999-12-31 23:59:59,1060100,\N,공지사항 관리,\N,\N,\N,00000001,WEB,Y,noticeMgmt,lsh,2026-10-02 04:36:31,Y
ruleConfirm,2026-09-26 10:21:13,admin,DataInitializer,DataInitializer,2026-10-07 03:31:34,system,mcm,mcm,85,9999-12-31 23:59:59,3050120,\N,버전 확정,\N,\N,\N,00000003,WEB,Y,ruleConfirm,dme,2026-09-26 10:21:13,Y
ruleEdit,2026-09-24 10:49:41,admin,DataInitializer,DataInitializer,2026-10-07 03:31:34,system,mcm,mcm,89,9999-12-31 23:59:59,3050110,\N,룰 화면,\N,\N,\N,00000002,WEB,Y,ruleEdit,dme,2026-09-24 10:49:41,Y
ruleMng,2026-09-24 10:49:41,admin,DataInitializer,DataInitializer,2026-10-07 03:31:34,system,mcm,mcm,89,9999-12-31 23:59:59,3050100,\N,룰,\N,\N,\N,00000001,WEB,Y,ruleMng,dme,2026-09-24 10:49:41,Y
ruleSetConfirm,2026-10-02 14:11:02,admin,DataInitializer,DataInitializer,2026-10-07 03:31:34,system,mcm,mcm,40,9999-12-31 23:59:59,3050150,\N,룰 세트 확정,\N,\N,\N,00000006,WEB,Y,ruleSetConfirm,dme,2026-10-02 14:11:02,Y
ruleSetEdit,2026-09-26 10:21:13,admin,DataInitializer,DataInitializer,2026-10-07 03:31:34,system,mcm,mcm,85,9999-12-31 23:59:59,3050140,\N,룰 세트 편집,\N,\N,\N,00000005,WEB,Y,ruleSetEdit,dme,2026-09-26 10:21:13,Y
ruleSetMng,2026-09-26 10:21:13,admin,DataInitializer,DataInitializer,2026-10-07 03:31:34,system,mcm,mcm,85,9999-12-31 23:59:59,3050130,\N,룰 세트,\N,\N,\N,00000004,WEB,Y,ruleSetMng,dme,2026-09-26 10:21:13,Y
screenUsageStat,2026-10-02 14:11:02,admin,DataInitializer,DataInitializer,2026-10-07 03:31:34,system,mcm,mcm,40,9999-12-31 23:59:59,1020180,\N,화면 사용 통계,\N,\N,\N,00000001,WEB,Y,screenUsageStat,csa,2026-10-02 14:11:02,Y
searchDefaultsSample,2026-10-07 09:11:47,admin,search-defaults-lane,search-defaults-lane,2026-10-07 03:31:34,system,mcm,mcm,5,9999-12-31 23:59:59,1020210,,조회 기본값 샘플,,,,00000001,WEB,Y,searchDefaultsSample,csa,2026-10-07 09:11:47,Y
termMng,2026-09-24 10:49:41,admin,DataInitializer,DataInitializer,2026-10-07 03:31:34,system,mcm,mcm,89,9999-12-31 23:59:59,3010130,\N,용어 관리,\N,\N,\N,00000003,WEB,Y,termMng,dma,2026-09-24 10:49:41,Y
unitMng,2026-09-24 10:49:41,admin,DataInitializer,DataInitializer,2026-10-07 03:31:34,system,mcm,mcm,89,9999-12-31 23:59:59,3010120,\N,단위 마스터,\N,\N,\N,00000002,WEB,Y,unitMng,dma,2026-09-24 10:49:41,Y
