OBJECT_ID,C_AT,C_USR_ID,C_PGM_ID,C_SVC_ID,U_AT,U_USR_ID,U_PGM_ID,U_SVC_ID,VER,ACCESS_TP,END_ACTIVE_DATE,FORM_URL,OBJECT_NM,OBJECT_TYPE,OUT_ACCESS_IP,PARAM,PROGRAM_DESC,SERVICE,START_ACTIVE_DATE,SYSTEM_CODE,USE_TP
codeCateEdit,2026-09-24 15:50:39,admin,DataInitializer,DataInitializer,2026-09-24 15:50:39,admin,DataInitializer,DataInitializer,0,내부,9999-12-31 23:59:59,\N,카테고리 편집,web,\N,\N,\N,\N,2026-09-24 15:50:39,mdm,Y
codeConfirm,2026-09-26 10:21:13,admin,DataInitializer,DataInitializer,2026-09-26 10:21:13,admin,DataInitializer,DataInitializer,0,내부,9999-12-31 23:59:59,\N,버전 확정,web,\N,\N,\N,\N,2026-09-26 10:21:13,mdm,Y
codeEdit,2026-09-24 10:49:41,admin,DataInitializer,DataInitializer,2026-09-24 10:49:41,admin,DataInitializer,DataInitializer,0,내부,9999-12-31 23:59:59,\N,마루 코드 수정,web,\N,\N,\N,\N,2026-09-24 10:49:41,mdm,Y
codeItemEdit,2026-09-24 10:49:41,admin,DataInitializer,DataInitializer,2026-09-24 10:49:41,admin,DataInitializer,DataInitializer,0,내부,9999-12-31 23:59:59,\N,코드 편집,web,\N,\N,\N,\N,2026-09-24 10:49:41,mdm,Y
codeMng,2026-09-24 10:49:41,admin,DataInitializer,DataInitializer,2026-09-24 10:49:41,admin,DataInitializer,DataInitializer,0,내부,9999-12-31 23:59:59,\N,마루 코드,web,\N,\N,\N,\N,2026-09-24 10:49:41,mdm,Y
columnMng,2026-09-24 10:49:41,admin,DataInitializer,DataInitializer,2026-09-24 10:49:41,admin,DataInitializer,DataInitializer,0,내부,9999-12-31 23:59:59,\N,컬럼 사전,web,\N,\N,\N,\N,2026-09-24 10:49:41,mdm,Y
commMenuMng,2026-09-23 05:21:19,admin,DataInitializer,DataInitializer,2026-09-23 05:21:19,admin,DataInitializer,DataInitializer,0,내부,9999-12-31 23:59:59,\N,MENU 관리,web,\N,\N,\N,\N,2026-09-23 05:21:19,mcm,Y
commObjMng,2026-09-23 05:21:19,admin,DataInitializer,DataInitializer,2026-09-23 05:21:19,admin,DataInitializer,DataInitializer,0,내부,9999-12-31 23:59:59,\N,OBJECT 관리,web,\N,\N,\N,\N,2026-09-23 05:21:19,mcm,Y
commPermMng,2026-09-23 05:21:19,admin,DataInitializer,DataInitializer,2026-09-23 05:21:19,admin,DataInitializer,DataInitializer,0,내부,9999-12-31 23:59:59,\N,PERMISSION 관리,web,\N,\N,\N,\N,2026-09-23 05:21:19,mcm,Y
commRoleGrpMng,2026-09-23 05:21:19,admin,DataInitializer,DataInitializer,2026-09-23 05:21:19,admin,DataInitializer,DataInitializer,0,내부,9999-12-31 23:59:59,\N,역할 그룹 관리,web,\N,\N,\N,\N,2026-09-23 05:21:19,mcm,Y
commRoleMng,2026-09-23 05:21:19,admin,DataInitializer,DataInitializer,2026-09-23 05:21:19,admin,DataInitializer,DataInitializer,0,내부,9999-12-31 23:59:59,\N,역할 관리,web,\N,\N,\N,\N,2026-09-23 05:21:19,mcm,Y
commSyncMng,2026-09-23 05:21:19,admin,DataInitializer,DataInitializer,2026-09-23 05:21:19,admin,DataInitializer,DataInitializer,0,내부,9999-12-31 23:59:59,\N,동기화 관리,web,\N,\N,\N,\N,2026-09-23 05:21:19,mcm,Y
commUserMng,2026-09-23 05:21:19,admin,DataInitializer,DataInitializer,2026-09-23 05:21:19,admin,DataInitializer,DataInitializer,0,내부,9999-12-31 23:59:59,\N,사용자 관리,web,\N,\N,\N,\N,2026-09-23 05:21:19,mcm,Y
commUserRoleCopy,2026-09-23 05:21:19,admin,DataInitializer,DataInitializer,2026-09-23 05:21:19,admin,DataInitializer,DataInitializer,0,내부,9999-12-31 23:59:59,\N,사용자 권한 일괄 등록,web,\N,\N,\N,\N,2026-09-23 05:21:19,mcm,Y
commWidgetMng,2026-10-02 16:49:01,admin,DataInitializer,DataInitializer,2026-10-02 16:49:01,admin,DataInitializer,DataInitializer,0,내부,9999-12-31 23:59:59,\N,위젯 관리,web,\N,\N,\N,\N,2026-10-02 16:49:01,mcm,Y
dataCateEdit,2026-09-26 10:21:13,admin,DataInitializer,DataInitializer,2026-09-26 10:21:13,admin,DataInitializer,DataInitializer,0,내부,9999-12-31 23:59:59,\N,카테고리 편집,web,\N,\N,\N,\N,2026-09-26 10:21:13,mdm,Y
dataCsvUploadPop,2026-09-26 10:21:13,admin,DataInitializer,DataInitializer,2026-09-26 10:21:13,admin,DataInitializer,DataInitializer,0,내부,9999-12-31 23:59:59,\N,CSV 업로드,web,\N,\N,\N,\N,2026-09-26 10:21:13,mdm,Y
dataEdit,2026-09-26 10:21:13,admin,DataInitializer,DataInitializer,2026-09-26 10:21:13,admin,DataInitializer,DataInitializer,0,내부,9999-12-31 23:59:59,\N,마루 데이터 수정,web,\N,\N,\N,\N,2026-09-26 10:21:13,mdm,Y
dataHistory,2026-09-24 10:49:41,admin,DataInitializer,DataInitializer,2026-09-24 10:49:41,admin,DataInitializer,DataInitializer,0,내부,9999-12-31 23:59:59,\N,항목 이력,web,\N,\N,\N,\N,2026-09-24 10:49:41,mdm,Y
dataItemMng,2026-09-24 10:49:41,admin,DataInitializer,DataInitializer,2026-09-24 10:49:41,admin,DataInitializer,DataInitializer,0,내부,9999-12-31 23:59:59,\N,항목 관리,web,\N,\N,\N,\N,2026-09-24 10:49:41,mdm,Y
dataMng,2026-09-26 10:21:13,admin,DataInitializer,DataInitializer,2026-09-26 10:21:13,admin,DataInitializer,DataInitializer,0,내부,9999-12-31 23:59:59,\N,마루 데이터,web,\N,\N,\N,\N,2026-09-26 10:21:13,mdm,Y
domainMng,2026-09-24 10:49:41,admin,DataInitializer,DataInitializer,2026-09-24 10:49:41,admin,DataInitializer,DataInitializer,0,내부,9999-12-31 23:59:59,\N,도메인 관리,web,\N,\N,\N,\N,2026-09-24 10:49:41,mdm,Y
headerMng,2026-09-24 10:49:41,admin,DataInitializer,DataInitializer,2026-09-24 10:49:41,admin,DataInitializer,DataInitializer,0,내부,9999-12-31 23:59:59,\N,전문 헤더 정의,web,\N,\N,\N,\N,2026-09-24 10:49:41,mdm,Y
layoutConfirm,2026-10-02 16:53:09,admin,DataInitializer,DataInitializer,2026-10-02 16:53:09,admin,DataInitializer,DataInitializer,0,내부,9999-12-31 23:59:59,\N,레이아웃 확정,web,\N,\N,\N,\N,2026-10-02 16:53:09,mdm,Y
layoutMng,2026-09-24 10:49:41,admin,DataInitializer,DataInitializer,2026-09-24 10:49:41,admin,DataInitializer,DataInitializer,0,내부,9999-12-31 23:59:59,\N,전문 레이아웃,web,\N,\N,\N,\N,2026-09-24 10:49:41,mdm,Y
logViewer,2026-09-23 05:21:19,admin,DataInitializer,DataInitializer,2026-09-23 05:21:19,admin,DataInitializer,DataInitializer,0,내부,9999-12-31 23:59:59,\N,로그 뷰어,web,\N,\N,\N,\N,2026-09-23 05:21:19,analog,Y
masterCategoryMng,2026-09-23 05:21:19,admin,DataInitializer,DataInitializer,2026-09-23 05:21:19,admin,DataInitializer,DataInitializer,0,내부,9999-12-31 23:59:59,\N,카테고리 관리,web,\N,\N,\N,\N,2026-09-23 05:21:19,mcm,Y
masterCodeMng,2026-09-23 05:21:19,admin,DataInitializer,DataInitializer,2026-09-23 05:21:19,admin,DataInitializer,DataInitializer,0,내부,9999-12-31 23:59:59,\N,Master Code 관리,web,\N,\N,\N,\N,2026-09-23 05:21:19,mcm,Y
masterCodeMngList,2026-09-23 05:21:19,admin,DataInitializer,DataInitializer,2026-09-23 05:21:19,admin,DataInitializer,DataInitializer,0,내부,9999-12-31 23:59:59,\N,Master Code 상세조회,web,\N,\N,\N,\N,2026-09-23 05:21:19,mcm,Y
masterCodeSelPop,2026-09-23 05:21:19,admin,DataInitializer,DataInitializer,2026-09-23 05:21:19,admin,DataInitializer,DataInitializer,0,내부,9999-12-31 23:59:59,\N,마스터코드 선택 팝업,web,\N,\N,\N,\N,2026-09-23 05:21:19,mcm,Y
masterCodeUploadFilePopup,2026-09-23 05:21:19,admin,DataInitializer,DataInitializer,2026-09-23 05:21:19,admin,DataInitializer,DataInitializer,0,내부,9999-12-31 23:59:59,\N,마스터코드 등록(Excel Upload),web,\N,\N,\N,\N,2026-09-23 05:21:19,mcm,Y
masterRuleData,2026-09-23 05:21:19,admin,DataInitializer,DataInitializer,2026-09-23 05:21:19,admin,DataInitializer,DataInitializer,0,내부,9999-12-31 23:59:59,\N,업무기준 Data관리,web,\N,\N,\N,\N,2026-09-23 05:21:19,mcm,Y
masterRuleDataList,2026-09-23 05:21:19,admin,DataInitializer,DataInitializer,2026-09-23 05:21:19,admin,DataInitializer,DataInitializer,0,내부,9999-12-31 23:59:59,\N,업무기준 상세조회,web,\N,\N,\N,\N,2026-09-23 05:21:19,mcm,Y
masterRuleDataUploadFilePopup,2026-09-23 05:21:19,admin,DataInitializer,DataInitializer,2026-09-23 05:21:19,admin,DataInitializer,DataInitializer,0,내부,9999-12-31 23:59:59,\N,일반 업무기준 등록(Excel Upload),web,\N,\N,\N,\N,2026-09-23 05:21:19,mcm,Y
masterRuleFrame,2026-09-23 05:21:19,admin,DataInitializer,DataInitializer,2026-09-23 05:21:19,admin,DataInitializer,DataInitializer,0,내부,9999-12-31 23:59:59,\N,업무기준 구조관리,web,\N,\N,\N,\N,2026-09-23 05:21:19,mcm,Y
masterRuleFrameColListPopup,2026-09-23 05:21:19,admin,DataInitializer,DataInitializer,2026-09-23 05:21:19,admin,DataInitializer,DataInitializer,0,내부,9999-12-31 23:59:59,\N,업무기준 컬럼 리스트 등록 팝업,web,\N,\N,\N,\N,2026-09-23 05:21:19,mcm,Y
masterRuleList,2026-09-23 05:21:19,admin,DataInitializer,DataInitializer,2026-09-23 05:21:19,admin,DataInitializer,DataInitializer,0,내부,9999-12-31 23:59:59,\N,업무기준 목록조회,web,\N,\N,\N,\N,2026-09-23 05:21:19,mcm,Y
masterRuleListPop,2026-09-23 05:21:19,admin,DataInitializer,DataInitializer,2026-09-23 05:21:19,admin,DataInitializer,DataInitializer,0,내부,9999-12-31 23:59:59,\N,업무기준 List조회 팝업,web,\N,\N,\N,\N,2026-09-23 05:21:19,mcm,Y
mdmCacheMng,2026-10-02 14:50:45,admin,DataInitializer,DataInitializer,2026-10-02 14:50:45,admin,DataInitializer,DataInitializer,0,내부,9999-12-31 23:59:59,\N,MDM 캐시 관리,web,\N,\N,\N,\N,2026-10-02 14:50:45,mcm,Y
mdmSample,2026-09-24 10:49:41,admin,DataInitializer,DataInitializer,2026-09-24 10:49:41,admin,DataInitializer,DataInitializer,0,내부,9999-12-31 23:59:59,\N,MDM 샘플,web,\N,\N,\N,\N,2026-09-24 10:49:41,mdm,Y
metaFeed,2026-10-02 14:50:45,admin,DataInitializer,DataInitializer,2026-10-02 14:50:45,admin,DataInitializer,DataInitializer,0,내부,9999-12-31 23:59:59,\N,MDM 메타 제공,web,\N,\N,\N,\N,2026-10-02 14:50:45,mdm,Y
noticeBoard,2026-10-02 04:36:31,admin,DataInitializer,DataInitializer,2026-10-02 04:36:31,admin,DataInitializer,DataInitializer,0,내부,9999-12-31 23:59:59,\N,포털 홈 공지 목록,web,\N,\N,\N,\N,2026-10-02 04:36:31,mcm,Y
noticeMgmt,2026-10-02 04:36:31,admin,DataInitializer,DataInitializer,2026-10-02 04:36:31,admin,DataInitializer,DataInitializer,0,내부,9999-12-31 23:59:59,\N,공지사항 관리,web,\N,\N,\N,\N,2026-10-02 04:36:31,mcm,Y
ruleCalc,2026-10-06 14:41:34,admin,DataInitializer,DataInitializer,2026-10-06 14:41:34,admin,DataInitializer,DataInitializer,0,내부,9999-12-31 23:59:59,\N,조업 계산기,web,\N,\N,\N,\N,2026-10-06 14:41:34,mdm,Y
ruleConfirm,2026-09-26 10:21:13,admin,DataInitializer,DataInitializer,2026-09-26 10:21:13,admin,DataInitializer,DataInitializer,0,내부,9999-12-31 23:59:59,\N,버전 확정,web,\N,\N,\N,\N,2026-09-26 10:21:13,mdm,Y
ruleEdit,2026-09-24 10:49:41,admin,DataInitializer,DataInitializer,2026-09-24 10:49:41,admin,DataInitializer,DataInitializer,0,내부,9999-12-31 23:59:59,\N,룰 화면,web,\N,\N,\N,\N,2026-09-24 10:49:41,mdm,Y
ruleMng,2026-09-24 10:49:41,admin,DataInitializer,DataInitializer,2026-09-24 10:49:41,admin,DataInitializer,DataInitializer,0,내부,9999-12-31 23:59:59,\N,룰,web,\N,\N,\N,\N,2026-09-24 10:49:41,mdm,Y
ruleSetConfirm,2026-10-02 14:11:02,admin,DataInitializer,DataInitializer,2026-10-02 14:11:02,admin,DataInitializer,DataInitializer,0,내부,9999-12-31 23:59:59,\N,룰 세트 확정,web,\N,\N,\N,\N,2026-10-02 14:11:02,mdm,Y
ruleSetEdit,2026-09-26 10:21:13,admin,DataInitializer,DataInitializer,2026-09-26 10:21:13,admin,DataInitializer,DataInitializer,0,내부,9999-12-31 23:59:59,\N,룰 세트 편집,web,\N,\N,\N,\N,2026-09-26 10:21:13,mdm,Y
ruleSetMng,2026-09-26 10:21:13,admin,DataInitializer,DataInitializer,2026-09-26 10:21:13,admin,DataInitializer,DataInitializer,0,내부,9999-12-31 23:59:59,\N,룰 세트,web,\N,\N,\N,\N,2026-09-26 10:21:13,mdm,Y
screenUsageStat,2026-10-02 14:11:02,admin,DataInitializer,DataInitializer,2026-10-02 14:11:02,admin,DataInitializer,DataInitializer,0,내부,9999-12-31 23:59:59,\N,화면 사용 통계,web,\N,\N,\N,\N,2026-10-02 14:11:02,mcm,Y
searchDefaultsSample,2026-10-07 09:11:47,admin,search-defaults-lane,search-defaults-lane,2026-10-07 09:11:47,admin,search-defaults-lane,search-defaults-lane,0,내부,9999-12-31 23:59:59,,조회 기본값 샘플,web,,,,,2026-10-07 09:11:47,mcm,Y
termMng,2026-09-24 10:49:41,admin,DataInitializer,DataInitializer,2026-09-24 10:49:41,admin,DataInitializer,DataInitializer,0,내부,9999-12-31 23:59:59,\N,용어 관리,web,\N,\N,\N,\N,2026-09-24 10:49:41,mdm,Y
termRegPop,2026-09-24 10:49:41,admin,DataInitializer,DataInitializer,2026-09-24 10:49:41,admin,DataInitializer,DataInitializer,0,내부,9999-12-31 23:59:59,\N,용어 인라인 등록,web,\N,\N,\N,\N,2026-09-24 10:49:41,mdm,Y
unitMng,2026-09-24 10:49:41,admin,DataInitializer,DataInitializer,2026-09-24 10:49:41,admin,DataInitializer,DataInitializer,0,내부,9999-12-31 23:59:59,\N,단위 마스터,web,\N,\N,\N,\N,2026-09-24 10:49:41,mdm,Y
