BASE_CUR,QUOTE_CUR,RATE_DATE,C_AT,C_USR_ID,C_PGM_ID,C_SVC_ID,U_AT,U_USR_ID,U_PGM_ID,U_SVC_ID,VER,RATE,SOURCE
KRW,CNY,20260903,1790960120670,41000132,\N,\N,1790960120670,41000132,\N,\N,0,202.00533046,frankfurter
KRW,CNY,20260904,1790960120671,41000132,\N,\N,1790960120671,41000132,\N,\N,0,201.21804241,frankfurter
KRW,CNY,20260907,1790960120672,41000132,\N,\N,1790960120672,41000132,\N,\N,0,200.85390089,frankfurter
KRW,CNY,20260908,1790960120673,41000132,\N,\N,1790960120673,41000132,\N,\N,0,199.9358448,frankfurter
KRW,CNY,20260909,1790960120674,41000132,\N,\N,1790960120674,41000132,\N,\N,0,199.20162745,frankfurter
KRW,CNY,20260910,1790960120675,41000132,\N,\N,1790960120675,41000132,\N,\N,0,200.37997433,frankfurter
KRW,CNY,20260911,1790960120676,41000132,\N,\N,1790960120676,41000132,\N,\N,0,200.16974872,frankfurter
KRW,CNY,20260914,1790960120677,41000132,\N,\N,1790960120677,41000132,\N,\N,0,200.67880602,frankfurter
KRW,CNY,20260915,1790960120677,41000132,\N,\N,1790960120677,41000132,\N,\N,0,202.51020092,frankfurter
KRW,CNY,20260916,1790960120678,41000132,\N,\N,1790960120678,41000132,\N,\N,0,203.93254071,frankfurter
KRW,CNY,20260917,1790960120679,41000132,\N,\N,1790960120679,41000132,\N,\N,0,206.12006389,frankfurter
KRW,CNY,20260918,1790960120680,41000132,\N,\N,1790960120680,41000132,\N,\N,0,207.25164484,frankfurter
KRW,CNY,20260921,1790960120680,41000132,\N,\N,1790960120680,41000132,\N,\N,0,204.94345509,frankfurter
KRW,CNY,20260922,1790960120681,41000132,\N,\N,1790960120681,41000132,\N,\N,0,202.40745804,frankfurter
KRW,CNY,20260923,1790960120682,41000132,\N,\N,1790960120682,41000132,\N,\N,0,203.55901644,frankfurter
KRW,CNY,20260924,1790960120683,41000132,\N,\N,1790960120683,41000132,\N,\N,0,203.88587455,frankfurter
KRW,CNY,20260925,1790960120683,41000132,\N,\N,1790960120683,41000132,\N,\N,0,201.84713459,frankfurter
KRW,CNY,20260928,1790960120684,41000132,\N,\N,1790960120684,41000132,\N,\N,0,202.35881182,frankfurter
KRW,CNY,20260929,1790960120684,41000132,\N,\N,1790960120684,41000132,\N,\N,0,201.89182443,frankfurter
KRW,CNY,20260930,1790960120685,41000132,\N,\N,1790960120685,41000132,\N,\N,0,202.16209116,frankfurter
KRW,CNY,20261001,1790960120685,41000132,\N,\N,1790960120685,41000132,\N,\N,0,203.0363838,frankfurter
KRW,CNY,20261002,1790960120686,41000132,\N,\N,1790960120686,41000132,\N,\N,0,201.09754315,frankfurter
KRW,CNY,20261005,1791211066020,41000132,\N,\N,1791211066020,41000132,\N,\N,0,200.45794616,frankfurter
KRW,CNY,20261006,1791296850292,41000132,\N,\N,1791296850292,41000132,\N,\N,0,199.68102284,frankfurter
KRW,EUR,20260903,1790960120670,41000132,\N,\N,1790960120670,41000132,\N,\N,0,1576.49,frankfurter
KRW,EUR,20260904,1790960120671,41000132,\N,\N,1790960120671,41000132,\N,\N,0,1569.38,frankfurter
KRW,EUR,20260907,1790960120671,41000132,\N,\N,1790960120671,41000132,\N,\N,0,1566.56,frankfurter
KRW,EUR,20260908,1790960120672,41000132,\N,\N,1790960120672,41000132,\N,\N,0,1558.22,frankfurter
KRW,EUR,20260909,1790960120673,41000132,\N,\N,1790960120673,41000132,\N,\N,0,1556.94,frankfurter
KRW,EUR,20260910,1790960120674,41000132,\N,\N,1790960120674,41000132,\N,\N,0,1560.96,frankfurter
KRW,EUR,20260911,1790960120675,41000132,\N,\N,1790960120675,41000132,\N,\N,0,1556.56,frankfurter
KRW,EUR,20260914,1790960120676,41000132,\N,\N,1790960120676,41000132,\N,\N,0,1555.04,frankfurter
KRW,EUR,20260915,1790960120677,41000132,\N,\N,1790960120677,41000132,\N,\N,0,1568.32,frankfurter
KRW,EUR,20260916,1790960120678,41000132,\N,\N,1790960120678,41000132,\N,\N,0,1578.03,frankfurter
KRW,EUR,20260917,1790960120678,41000132,\N,\N,1790960120678,41000132,\N,\N,0,1587.31,frankfurter
KRW,EUR,20260918,1790960120679,41000132,\N,\N,1790960120679,41000132,\N,\N,0,1590.76,frankfurter
KRW,EUR,20260921,1790960120680,41000132,\N,\N,1790960120680,41000132,\N,\N,0,1576.63,frankfurter
KRW,EUR,20260922,1790960120681,41000132,\N,\N,1790960120681,41000132,\N,\N,0,1554.55,frankfurter
KRW,EUR,20260923,1790960120681,41000132,\N,\N,1790960120681,41000132,\N,\N,0,1558,frankfurter
KRW,EUR,20260924,1790960120682,41000132,\N,\N,1790960120682,41000132,\N,\N,0,1555.69,frankfurter
KRW,EUR,20260925,1790960120683,41000132,\N,\N,1790960120683,41000132,\N,\N,0,1545.16,frankfurter
KRW,EUR,20260928,1790960120684,41000132,\N,\N,1790960120684,41000132,\N,\N,0,1545.05,frankfurter
KRW,EUR,20260929,1790960120684,41000132,\N,\N,1790960120684,41000132,\N,\N,0,1536.74,frankfurter
KRW,EUR,20260930,1790960120685,41000132,\N,\N,1790960120685,41000132,\N,\N,0,1539.06,frankfurter
KRW,EUR,20261001,1790960120685,41000132,\N,\N,1790960120685,41000132,\N,\N,0,1537.96,frankfurter
KRW,EUR,20261002,1790960120686,41000132,\N,\N,1790960120686,41000132,\N,\N,0,1513.44,frankfurter
KRW,EUR,20261005,1791211066019,41000132,\N,\N,1791211066019,41000132,\N,\N,0,1505.8,frankfurter
KRW,EUR,20261006,1791296850291,41000132,\N,\N,1791296850291,41000132,\N,\N,0,1508.67,frankfurter
KRW,GBP,20260903,1790961026520,41000132,\N,\N,1790961026520,41000132,\N,\N,0,1831.95630701,frankfurter
KRW,GBP,20260904,1790961026520,41000132,\N,\N,1790961026520,41000132,\N,\N,0,1827.0274046,frankfurter
KRW,GBP,20260907,1790961026521,41000132,\N,\N,1790961026521,41000132,\N,\N,0,1823.82937109,frankfurter
KRW,GBP,20260908,1790961026521,41000132,\N,\N,1790961026521,41000132,\N,\N,0,1817.3781199,frankfurter
KRW,GBP,20260909,1790961026521,41000132,\N,\N,1790961026521,41000132,\N,\N,0,1812.54511164,frankfurter
KRW,GBP,20260910,1790961026522,41000132,\N,\N,1790961026522,41000132,\N,\N,0,1816.86550661,frankfurter
KRW,GBP,20260911,1790961026522,41000132,\N,\N,1790961026522,41000132,\N,\N,0,1813.85538659,frankfurter
KRW,GBP,20260914,1790961026523,41000132,\N,\N,1790961026523,41000132,\N,\N,0,1816.67795977,frankfurter
KRW,GBP,20260915,1790961026523,41000132,\N,\N,1790961026523,41000132,\N,\N,0,1832.57770507,frankfurter
KRW,GBP,20260916,1790961026524,41000132,\N,\N,1790961026524,41000132,\N,\N,0,1840.48285514,frankfurter
KRW,GBP,20260917,1790961026524,41000132,\N,\N,1790961026524,41000132,\N,\N,0,1849.36502388,frankfurter
KRW,GBP,20260918,1790961026524,41000132,\N,\N,1790961026524,41000132,\N,\N,0,1852.30554262,frankfurter
KRW,GBP,20260921,1790961026525,41000132,\N,\N,1790961026525,41000132,\N,\N,0,1837.99253905,frankfurter
KRW,GBP,20260922,1790961026525,41000132,\N,\N,1790961026525,41000132,\N,\N,0,1812.25227326,frankfurter
KRW,GBP,20260923,1790961026526,41000132,\N,\N,1790961026526,41000132,\N,\N,0,1812.68179174,frankfurter
KRW,GBP,20260924,1790961026526,41000132,\N,\N,1790961026526,41000132,\N,\N,0,1809.23638732,frankfurter
KRW,GBP,20260925,1790961026527,41000132,\N,\N,1790961026527,41000132,\N,\N,0,1795.75803359,frankfurter
KRW,GBP,20260928,1790961026527,41000132,\N,\N,1790961026527,41000132,\N,\N,0,1801.07244856,frankfurter
KRW,GBP,20260929,1790961026527,41000132,\N,\N,1790961026527,41000132,\N,\N,0,1792.78564596,frankfurter
KRW,GBP,20260930,1790961026528,41000132,\N,\N,1790961026528,41000132,\N,\N,0,1800.84949042,frankfurter
KRW,GBP,20261001,1790961026528,41000132,\N,\N,1790961026528,41000132,\N,\N,0,1801.45947782,frankfurter
KRW,GBP,20261002,1790961026528,41000132,\N,\N,1790961026528,41000132,\N,\N,0,1779.82665553,frankfurter
KRW,GBP,20261005,1791211066021,41000132,\N,\N,1791211066021,41000132,\N,\N,0,1777.38432483,frankfurter
KRW,GBP,20261006,1791296850292,41000132,\N,\N,1791296850292,41000132,\N,\N,0,1777.41517436,frankfurter
KRW,JPY,20260903,1790960120670,41000132,\N,\N,1790960120670,41000132,\N,\N,0,8.69979582,frankfurter
KRW,JPY,20260904,1790960120671,41000132,\N,\N,1790960120671,41000132,\N,\N,0,8.64243626,frankfurter
KRW,JPY,20260907,1790960120672,41000132,\N,\N,1790960120672,41000132,\N,\N,0,8.71036975,frankfurter
KRW,JPY,20260908,1790960120673,41000132,\N,\N,1790960120673,41000132,\N,\N,0,8.69542411,frankfurter
KRW,JPY,20260909,1790960120674,41000132,\N,\N,1790960120674,41000132,\N,\N,0,8.71795733,frankfurter
KRW,JPY,20260910,1790960120675,41000132,\N,\N,1790960120675,41000132,\N,\N,0,8.71606455,frankfurter
KRW,JPY,20260911,1790960120676,41000132,\N,\N,1790960120676,41000132,\N,\N,0,8.71729391,frankfurter
KRW,JPY,20260914,1790960120676,41000132,\N,\N,1790960120676,41000132,\N,\N,0,8.71073269,frankfurter
KRW,JPY,20260915,1790960120677,41000132,\N,\N,1790960120677,41000132,\N,\N,0,8.76842223,frankfurter
KRW,JPY,20260916,1790960120678,41000132,\N,\N,1790960120678,41000132,\N,\N,0,8.82172406,frankfurter
KRW,JPY,20260917,1790960120679,41000132,\N,\N,1790960120679,41000132,\N,\N,0,8.88005594,frankfurter
KRW,JPY,20260918,1790960120679,41000132,\N,\N,1790960120679,41000132,\N,\N,0,8.79164364,frankfurter
KRW,JPY,20260921,1790960120680,41000132,\N,\N,1790960120680,41000132,\N,\N,0,8.72512452,frankfurter
KRW,JPY,20260922,1790960120681,41000132,\N,\N,1790960120681,41000132,\N,\N,0,8.62824,frankfurter
KRW,JPY,20260923,1790960120681,41000132,\N,\N,1790960120681,41000132,\N,\N,0,8.64594895,frankfurter
KRW,JPY,20260924,1790960120682,41000132,\N,\N,1790960120682,41000132,\N,\N,0,8.61544,frankfurter
KRW,JPY,20260925,1790960120683,41000132,\N,\N,1790960120683,41000132,\N,\N,0,8.59855314,frankfurter
KRW,JPY,20260928,1790960120684,41000132,\N,\N,1790960120684,41000132,\N,\N,0,8.6557423,frankfurter
KRW,JPY,20260929,1790960120684,41000132,\N,\N,1790960120684,41000132,\N,\N,0,8.61353063,frankfurter
KRW,JPY,20260930,1790960120685,41000132,\N,\N,1790960120685,41000132,\N,\N,0,8.63330903,frankfurter
KRW,JPY,20261001,1790960120685,41000132,\N,\N,1790960120685,41000132,\N,\N,0,8.61650513,frankfurter
KRW,JPY,20261002,1790960120686,41000132,\N,\N,1790960120686,41000132,\N,\N,0,8.55099158,frankfurter
KRW,JPY,20261005,1791211066020,41000132,\N,\N,1791211066020,41000132,\N,\N,0,8.49390794,frankfurter
KRW,JPY,20261006,1791296850291,41000132,\N,\N,1791296850291,41000132,\N,\N,0,8.46853775,frankfurter
KRW,USD,20260903,1790960120669,41000132,\N,\N,1790960120669,41000132,\N,\N,0,1357.28798967,frankfurter
KRW,USD,20260904,1790960120670,41000132,\N,\N,1790960120670,41000132,\N,\N,0,1350.35277921,frankfurter
KRW,USD,20260907,1790960120671,41000132,\N,\N,1790960120671,41000132,\N,\N,0,1347.92634658,frankfurter
KRW,USD,20260908,1790960120672,41000132,\N,\N,1790960120672,41000132,\N,\N,0,1341.67384191,frankfurter
KRW,USD,20260909,1790960120673,41000132,\N,\N,1790960120673,41000132,\N,\N,0,1336.19979403,frankfurter
KRW,USD,20260910,1790960120674,41000132,\N,\N,1790960120674,41000132,\N,\N,0,1343.80165289,frankfurter
KRW,USD,20260911,1790960120675,41000132,\N,\N,1790960120675,41000132,\N,\N,0,1342.78812974,frankfurter
KRW,USD,20260914,1790960120676,41000132,\N,\N,1790960120676,41000132,\N,\N,0,1346.23842092,frankfurter
KRW,USD,20260915,1790960120677,41000132,\N,\N,1790960120677,41000132,\N,\N,0,1359.1472398,frankfurter
KRW,USD,20260916,1790960120678,41000132,\N,\N,1790960120678,41000132,\N,\N,0,1367.79925457,frankfurter
KRW,USD,20260917,1790960120678,41000132,\N,\N,1790960120678,41000132,\N,\N,0,1382.55378451,frankfurter
KRW,USD,20260918,1790960120679,41000132,\N,\N,1790960120679,41000132,\N,\N,0,1388.09773124,frankfurter
KRW,USD,20260921,1790960120680,41000132,\N,\N,1790960120680,41000132,\N,\N,0,1372.17580505,frankfurter
KRW,USD,20260922,1790960120680,41000132,\N,\N,1790960120680,41000132,\N,\N,0,1356.14586059,frankfurter
KRW,USD,20260923,1790960120681,41000132,\N,\N,1790960120681,41000132,\N,\N,0,1365.34922443,frankfurter
KRW,USD,20260924,1790960120682,41000132,\N,\N,1790960120682,41000132,\N,\N,0,1368.60209378,frankfurter
KRW,USD,20260925,1790960120683,41000132,\N,\N,1790960120683,41000132,\N,\N,0,1355.04691748,frankfurter
KRW,USD,20260928,1790960120683,41000132,\N,\N,1790960120683,41000132,\N,\N,0,1357.92757954,frankfurter
KRW,USD,20260929,1790960120684,41000132,\N,\N,1790960120684,41000132,\N,\N,0,1353.35975341,frankfurter
KRW,USD,20260930,1790960120684,41000132,\N,\N,1790960120684,41000132,\N,\N,0,1355.40290621,frankfurter
KRW,USD,20261001,1790960120685,41000132,\N,\N,1790960120685,41000132,\N,\N,0,1361.26748097,frankfurter
KRW,USD,20261002,1790960120686,41000132,\N,\N,1790960120686,41000132,\N,\N,0,1348.27616927,frankfurter
KRW,USD,20261005,1791211066019,41000132,\N,\N,1791211066019,41000132,\N,\N,0,1343.98429132,frankfurter
KRW,USD,20261006,1791296850290,41000132,\N,\N,1791296850290,41000132,\N,\N,0,1338.7789511,frankfurter
