INST_ID,LAYOUT_KEY,C_AT,C_USR_ID,C_PGM_ID,C_SVC_ID,U_AT,U_USR_ID,U_PGM_ID,U_SVC_ID,VER,LOCK_YN,POS_X,POS_Y,SIZE_H,SIZE_W,WIDGET_ID
default-alarms,*,1791333116191,41000132,\N,\N,1791333116191,41000132,\N,\N,0,N,14,35,7,10,home.alarms
default-defect,*,1791333116192,41000132,\N,\N,1791333116192,41000132,\N,\N,0,N,14,42,7,10,home.defect
default-equipment,*,1791333116190,41000132,\N,\N,1791333116190,41000132,\N,\N,0,N,19,22,12,5,home.equipment
default-kpi,*,1791333116187,41000132,\N,\N,1791333116187,41000132,\N,\N,0,N,0,0,7,24,home.kpi
default-monthly,*,1791333116189,41000132,\N,\N,1791333116189,41000132,\N,\N,0,N,0,22,13,12,home.monthly
default-notice,*,1791333116188,41000132,\N,\N,1791333116188,41000132,\N,\N,0,N,0,7,15,16,home.notice
default-notifications,*,1791333116189,41000132,\N,\N,1791333116189,41000132,\N,\N,0,N,16,7,15,8,home.notifications
default-process,*,1791333116190,41000132,\N,\N,1791333116190,41000132,\N,\N,0,N,12,22,13,7,home.process
default-shipments,*,1791333116192,41000132,\N,\N,1791333116192,41000132,\N,\N,0,N,0,49,10,24,home.shipments
default-workOrders,*,1791333116191,41000132,\N,\N,1791333116191,41000132,\N,\N,0,N,0,35,14,14,home.workOrders
