class,phys,screenKeys,modules,kinds,headers,stdPhys,logicalName,alias,newTerm,screenMeta,domainId,termIds,termNames,evidence,locations
NEW,ACCESS_TP,ACCESS_TP,m-mcm,"grid,th",접속 경로,ACCESS_TP,접근 구분,,,,157,"1127,318",접근#1 구분#1,TB_MCM_SEC_OBJ.ACCESS_TP,m-mcm/page-components/csa/commObjMng/page.tsx:152 m-mcm/page-components/csa/commObjMng/page.tsx:763
NEW,PERMISSION_ACTION,PERMISSION_ACTION,m-mcm,"grid,th",ACTION 권한,ACTION_BTN_AUT,실행작업 버튼 권한,PERMISSION_ACTION,,,,"823,563,4564",실행작업#1 버튼#1 권한#1,TB_MCM_SEC_PERM.PERMISSION_ACTION,m-mcm/page-components/csa/commPermMng/page.tsx:189 m-mcm/page-components/csa/commPermMng/page.tsx:934
NEW,FULL_SEQ,FULL_SEQ,m-mcm,"grid,th",FULL SEQ,ALL_SEQ,전체 순번,FULL_SEQ,,,175,"1113,762",전체#1 순번#1,TB_MCM_SEC_MENU.FULL_SEQ,m-mcm/page-components/csa/commMenuMng/page.tsx:189 m-mcm/page-components/csa/commMenuMng/page.tsx:1332 m-mcm/page-components/csa/commMenuMng/page.tsx:1360 외 1
NEW,PERMISSION_DESC,PERMISSION_DESC,m-mcm,"grid,th",권한 설명 / PERMISSION 설명,AUT_DESC,권한 설명,PERMISSION_DESC,,,183,"4564,700",권한#1 설명#1,TB_MCM_SEC_PERM.PERMISSION_DESC,m-mcm/page-components/csa/commPermMng/page.tsx:215 m-mcm/page-components/csa/commPermMng/page.tsx:817
NEW,PERMISSION_ID,PERMISSION_ID,m-mcm,"grid,th",PERMISSION ID,AUT_ID,권한 아이디,PERMISSION_ID,,,168,"4564,6",권한#1 아이디#1,TB_MCM_SEC_PERM.PERMISSION_ID,m-mcm/page-components/csa/commPermMng/page.tsx:184 m-mcm/page-components/csa/commPermMng/page.tsx:792 m-mcm/page-components/csa/commRoleMng/page.tsx:197 외 1
NEW,PERMISSION_NM,PERMISSION_NM,m-mcm,"grid,th",PERMISSION명 / PERMISSION 명,AUT_NM,권한 명,PERMISSION_NM,,,181,"4564,496",권한#1 명#1,TB_MCM_SEC_PERM.PERMISSION_NM,m-mcm/page-components/csa/commPermMng/page.tsx:185 m-mcm/page-components/csa/commPermMng/page.tsx:805 m-mcm/page-components/csa/commRoleMng/page.tsx:199 외 1
NEW,SUBTITLE,subtitle,m-mcm,th,부제,AUX_TITLE,보조 제목,SUBTITLE,,,,"5478,1144",보조#1 제목#1,TB_MCM_WIDGET_DEF.SUBTITLE — '부제' 용어가 없어 '보조 제목'으로 분해,m-mcm/page-components/csa/commWidgetMng/WidgetDetailForm.tsx:151
NEW,RULE_OWNER_EMP_NO,ruleOwnerEmpNo,m-mcm,grid,담당자,BUSINESS_BAS_CHR_EMP_NO,업무 기준 담당자 사원 번호,RULE_OWNER_EMP_NO,,,170,"857,350,398,658,564",업무#1 기준#1 담당자#1 사원#1 번호#1,TB_MCA_RULE_MASTER.RULE_OWNER_EMP_NO,m-mcm/page-components/cmb/masterRuleList/constants.ts:35
NEW,RULE_DESC,ruleDesc,m-mcm,grid,설명,BUSINESS_BAS_DESC,업무 기준 설명,RULE_DESC,,,183,"857,350,700",업무#1 기준#1 설명#1,TB_MCA_RULE_MASTER(업무기준).RULE_DESC,m-mcm/page-components/cmb/masterRuleList/constants.ts:32
NEW,RULE_ID,"ruleId,RuleId",m-mcm,"grid,search",업무기준ID / 업무기준 ID,BUSINESS_BAS_ID,업무 기준 아이디,RULE_ID,,,168,"857,350,6",업무#1 기준#1 아이디#1,TB_MCA_RULE_MASTER(업무기준).RULE_ID — MDM 룰(MARU_RULE_ID)과 다른 대상,m-mcm/page-components/cmb/masterRuleList/constants.ts:30 m-mcm/page-components/cmb/masterRuleList/page.tsx:284 m-mcm/page-components/cmz/masterRuleListPop/constants.ts:18
NEW,RULE_NM,"ruleNm,RuleNm",m-mcm,"grid,search",업무기준명 / 업무기준 명,BUSINESS_BAS_NM,업무 기준 명,RULE_NM,,,181,"857,350,496",업무#1 기준#1 명#1,TB_MCA_RULE_MASTER(업무기준).RULE_NM,m-mcm/page-components/cmb/masterRuleList/constants.ts:31 m-mcm/page-components/cmb/masterRuleList/page.tsx:289 m-mcm/page-components/cmz/masterRuleListPop/constants.ts:19
NEW,RULE_VER,ruleVer,m-mcm,grid,Version,BUSINESS_BAS_VER,업무 기준 버전,RULE_VER,,,,"857,350,562",업무#1 기준#1 버전#1,TB_MCA_RULE_MASTER.RULE_VER,m-mcm/page-components/cmb/masterRuleList/constants.ts:34
NEW,CODE_NM,"codeNm,CodeNm,CODE_NM",m-mcm,"grid,search",코드명,CD_TP_NM,코드 구분 명,CODE_NM,,,181,"22,318,496",코드#1 구분#1 명#1,TB_MCM_CODE_MASTER.CODE_NM — CD_TP_* 군에 '코드 구분 명'만 없음,m-mcm/page-components/cma/masterCategoryMng/constants.ts:24 m-mcm/page-components/cma/masterCategoryMng/page.tsx:357 m-mcm/page-components/cma/masterCodeMng/page.tsx:98 외 3
NEW,CODE_VAL_REF1,CODE_VAL_REF1,m-mcm,grid,참조1,CD_V_REF,코드 값 참조,CODE_VAL_REF1,,,,"22,240,1219",코드#1 값#1 참조#1,TB_MCM_CODE_DETAIL.CODE_VAL_REF1~5 — 숫자는 토큰이 될 수 없어 한 표준 컬럼에 별칭 5개,m-mcm/page-components/cma/masterCodeMng/page.tsx:230
NEW,CODE_VAL_REF2,CODE_VAL_REF2,m-mcm,grid,참조2,CD_V_REF,코드 값 참조,CODE_VAL_REF2,,,,"22,240,1219",코드#1 값#1 참조#1,CODE_VAL_REF1 과 같은 표준 컬럼의 별칭,m-mcm/page-components/cma/masterCodeMng/page.tsx:231
NEW,CODE_VAL_REF3,CODE_VAL_REF3,m-mcm,grid,참조3,CD_V_REF,코드 값 참조,CODE_VAL_REF3,,,,"22,240,1219",코드#1 값#1 참조#1,CODE_VAL_REF1 과 같은 표준 컬럼의 별칭,m-mcm/page-components/cma/masterCodeMng/page.tsx:232
NEW,CODE_VAL_REF4,CODE_VAL_REF4,m-mcm,grid,참조4,CD_V_REF,코드 값 참조,CODE_VAL_REF4,,,,"22,240,1219",코드#1 값#1 참조#1,CODE_VAL_REF1 과 같은 표준 컬럼의 별칭,m-mcm/page-components/cma/masterCodeMng/page.tsx:233
NEW,CODE_VAL_REF5,CODE_VAL_REF5,m-mcm,grid,참조5,CD_V_REF,코드 값 참조,CODE_VAL_REF5,,,,"22,240,1219",코드#1 값#1 참조#1,CODE_VAL_REF1 과 같은 표준 컬럼의 별칭,m-mcm/page-components/cma/masterCodeMng/page.tsx:234
NEW,PERMISSION_COMMON,PERMISSION_COMMON,m-mcm,grid,공통 버튼 권한 / 공통 권한,CMN_BTN_AUT,공통 버튼 권한,PERMISSION_COMMON,,,,"297,563,4564",공통#1 버튼#1 권한#1,TB_MCM_SEC_PERM.PERMISSION_COMMON,m-mcm/page-components/csa/commPermMng/page.tsx:186 m-mcm/page-components/csa/commRoleMng/page.tsx:200 m-mcm/page-components/csa/commRoleMng/page.tsx:226
NEW,COL_PREC_LEN,colPrecLen,m-mcm,grid,소수점길이,COLUMN_DECIMAL_LTH,컬럼 소수점 길이,COL_PREC_LEN,,,200,"1281,727,14",컬럼#1 소수점#1 길이#1,TB_MCA_RULE_COL_LIST.COL_PREC_LEN,m-mcm/page-components/cmb/masterRuleFrame/constants.ts:42 m-mcm/page-components/cmz/masterRuleFrameColListPopup/constants.ts:37
NEW,COL_TYPE,colType,m-mcm,grid,유형,COLUMN_KND,컬럼 유형,COL_TYPE,,,,"1281,964",컬럼#1 유형#1,TB_MCA_RULE_COL_LIST.COL_TYPE,m-mcm/page-components/cmb/masterRuleFrame/constants.ts:40 m-mcm/page-components/cmz/masterRuleFrameColListPopup/constants.ts:35
NEW,COL_LEN,colLen,m-mcm,grid,총길이,COLUMN_LTH,컬럼 길이,COL_LEN,,,200,"1281,14",컬럼#1 길이#1,TB_MCA_RULE_COL_LIST.COL_LEN,m-mcm/page-components/cmb/masterRuleFrame/constants.ts:41 m-mcm/page-components/cmz/masterRuleFrameColListPopup/constants.ts:36
NEW,CONTENT_FORMAT,"contentFormat,CONTENT_FORMAT",m-mls,"search,th",형식 / 본문 형식,CTT_FMT,내용 형식,CONTENT_FORMAT,,,,"374,1522",내용#1 형식#1,TB_MLS_NOTICE.CONTENT_FORMAT — '본문' 용어가 없어 '내용'으로 분해,m-mls/pages/lsh/noticeMgmt/page.tsx:557 m-mls/pages/lsh/noticeMgmt/page.tsx:745
NEW,DEPT_NM,"DEPT_NM,deptNm",m-mcm,grid,부서명 / 부서,DEPT_NM,부서 명,,,,181,"606,496",부서#1 명#1,TB_MCM_DEPT_INFO.DEPT_NM,m-mcm/page-components/csa/commUserMng/page.tsx:219 m-mcm/page-components/csa/commUserRoleCopy/page.tsx:115 m-mcm/page-components/csa/commUserRoleCopy/page.tsx:126 외 4
NEW,OUT_ACCESS_IP,OUT_ACCESS_IP,m-mcm,"grid,th",외부 접속 주소,EXT_ACCESS_IP,외부 접근 IP,OUT_ACCESS_IP,,,186,"918,1127,148",외부#2 접근#1 IP#1,TB_MCM_SEC_OBJ.OUT_ACCESS_IP,m-mcm/page-components/csa/commObjMng/page.tsx:161 m-mcm/page-components/csa/commObjMng/page.tsx:786
NEW,IO_FLAG,ioFlag,m-mcm,grid,IN/OUT,INPUT_OTPUT_TP,입력 출력 구분,IO_FLAG,,,157,"1021,1257,318",입력#1 출력#1 구분#1,TB_MCA_RULE_COL_LIST.IO_FLAG(IN/OUT),m-mcm/page-components/cmz/masterRuleFrameColListPopup/constants.ts:33
NEW,OPEN_CNT,openCnt,m-mcm,grid,열람 횟수,INQUIRY_CNT,조회 수,OPEN_CNT,,,196,"1164,740",조회#1 수#1,TB_SEC_SCREEN_USAGE_DAY.OPEN_CNT — '열람' 용어가 없어 '조회 수'로 분해,m-mcm/page-components/csa/screenUsageStat/tabs/overview-tab.ts:13
NEW,IN_OUT_EMP_TP,IN_OUT_EMP_TP,m-mcm,"grid,th",내부/외부 / 내부 외부 구분,INTL_EXT_EMP_TP,내부 외부 사원 구분,IN_OUT_EMP_TP,,,157,"368,918,658,318",내부#1 외부#2 사원#1 구분#1,TB_MCM_SEC_USER.IN_OUT_EMP_TP,m-mcm/page-components/csa/commUserMng/page.tsx:234 m-mcm/page-components/csa/commUserMng/page.tsx:1132
NEW,LINK_PAGE_ID,linkPageId,m-mcm,th,화면 열기 pageId,LNK_PAGE_ID,연결 페이지 아이디,LINK_PAGE_ID,,,168,"871,1375,6",연결#1 페이지#1 아이디#1,TB_MCM_WIDGET_DEF.LINK_PAGE_ID,m-mcm/page-components/csa/commWidgetMng/WidgetDetailForm.tsx:216
NEW,MENU_DESC,MENU_DESC,m-mcm,"grid,th",메뉴설명 / 메뉴 설명,MENU_DESC,메뉴 설명,,,,183,"489,700",메뉴#1 설명#1,TB_MCM_SEC_MENU.MENU_DESC,m-mcm/page-components/csa/commMenuMng/page.tsx:229 m-mcm/page-components/csa/commMenuMng/page.tsx:1583
NEW,MENU_VIEW_YN,MENU_VIEW_YN,m-mcm,"grid,th",표시 여부,MENU_DISP_YN,메뉴 표시 여부,MENU_VIEW_YN,,,50,"489,1396,870",메뉴#1 표시#1 여부#1,TB_MCM_SEC_MENU.MENU_VIEW_YN,m-mcm/page-components/csa/commMenuMng/page.tsx:222 m-mcm/page-components/csa/commMenuMng/page.tsx:1336 m-mcm/page-components/csa/commMenuMng/page.tsx:1364 외 1
NEW,MENU_PARAM1,MENU_PARAM1,m-mcm,th,PARAM1,MENU_PARAMETER,메뉴 파라미터,MENU_PARAM1,,,192,"489,1357",메뉴#1 파라미터#1,TB_MCM_SEC_MENU.MENU_PARAM1~3 — 한 표준 컬럼에 별칭 3개,m-mcm/page-components/csa/commMenuMng/page.tsx:1595
NEW,MENU_PARAM2,MENU_PARAM2,m-mcm,th,PARAM2,MENU_PARAMETER,메뉴 파라미터,MENU_PARAM2,,,192,"489,1357",메뉴#1 파라미터#1,MENU_PARAM1 과 같은 표준 컬럼의 별칭,m-mcm/page-components/csa/commMenuMng/page.tsx:1606
NEW,MENU_PARAM3,MENU_PARAM3,m-mcm,th,PARAM3,MENU_PARAMETER,메뉴 파라미터,MENU_PARAM3,,,192,"489,1357",메뉴#1 파라미터#1,MENU_PARAM1 과 같은 표준 컬럼의 별칭,m-mcm/page-components/csa/commMenuMng/page.tsx:1617
NEW,MENU_SEQ,MENU_SEQ,m-mcm,"grid,th",메뉴순서 / MENU_SEQ / 메뉴 순서,MENU_SEQ,메뉴 순번,,,,175,"489,762",메뉴#1 순번#1,TB_MCM_SEC_MENU.MENU_SEQ,m-mcm/page-components/csa/commMenuMng/page.tsx:185 m-mcm/page-components/csa/commMenuMng/page.tsx:1328 m-mcm/page-components/csa/commMenuMng/page.tsx:1356 외 1
NEW,MULTIPLE_YN,multipleYn,m-mcm,th,여러 번 놓기,MLT_YN,복수 여부,MULTIPLE_YN,,,50,"599,870",복수#1 여부#1,TB_MCM_WIDGET_DEF.MULTIPLE_YN — '다중' 용어가 없어 '복수'로 분해,m-mcm/page-components/csa/commWidgetMng/WidgetDetailForm.tsx:228
NEW,MASTER_CODE_REF1,MASTER_CODE_REF1,m-mcm,grid,참조1,MST_CD_REF,마스터 코드 참조,MASTER_CODE_REF1,,,,"478,22,1219",마스터#1 코드#1 참조#1,TB_MCM_CODE_MASTER.MASTER_CODE_REF1~5 — 한 표준 컬럼에 별칭 5개,m-mcm/page-components/cma/masterCodeMng/page.tsx:102
NEW,MASTER_CODE_REF2,MASTER_CODE_REF2,m-mcm,grid,참조2,MST_CD_REF,마스터 코드 참조,MASTER_CODE_REF2,,,,"478,22,1219",마스터#1 코드#1 참조#1,MASTER_CODE_REF1 과 같은 표준 컬럼의 별칭,m-mcm/page-components/cma/masterCodeMng/page.tsx:110
NEW,MASTER_CODE_REF3,MASTER_CODE_REF3,m-mcm,grid,참조3,MST_CD_REF,마스터 코드 참조,MASTER_CODE_REF3,,,,"478,22,1219",마스터#1 코드#1 참조#1,MASTER_CODE_REF1 과 같은 표준 컬럼의 별칭,m-mcm/page-components/cma/masterCodeMng/page.tsx:118
NEW,MASTER_CODE_REF4,MASTER_CODE_REF4,m-mcm,grid,참조4,MST_CD_REF,마스터 코드 참조,MASTER_CODE_REF4,,,,"478,22,1219",마스터#1 코드#1 참조#1,MASTER_CODE_REF1 과 같은 표준 컬럼의 별칭,m-mcm/page-components/cma/masterCodeMng/page.tsx:126
NEW,MASTER_CODE_REF5,MASTER_CODE_REF5,m-mcm,grid,참조5,MST_CD_REF,마스터 코드 참조,MASTER_CODE_REF5,,,,"478,22,1219",마스터#1 코드#1 참조#1,MASTER_CODE_REF1 과 같은 표준 컬럼의 별칭,m-mcm/page-components/cma/masterCodeMng/page.tsx:134
NEW,MASTER_CODE_DIV,masterCodeDiv,m-mcm,grid,코드여부,MST_CD_TP,마스터 코드 구분,MASTER_CODE_DIV,,,157,"478,22,318",마스터#1 코드#1 구분#1,TB_MCA_RULE_COL_LIST.MASTER_CODE_DIV,m-mcm/page-components/cmb/masterRuleFrame/constants.ts:39 m-mcm/page-components/cmz/masterRuleFrameColListPopup/constants.ts:34
NEW,NOTICE_CATEGORY,"noticeCategory,NOTICE_CATEGORY",m-mls,"search,th",분류,NTC_CLSF,공지 분류,NOTICE_CATEGORY,,,,"4387,617",공지#1 분류#1,TB_MLS_NOTICE.NOTICE_CATEGORY,m-mls/pages/lsh/noticeMgmt/page.tsx:550 m-mls/pages/lsh/noticeMgmt/page.tsx:652
NEW,TARGET_SCOPE,TARGET_SCOPE,m-mls,th,게시 대상,NTC_DEST_RNG,공지 대상 범위,TARGET_SCOPE,,,,"4387,403,565",공지#1 대상#1 범위#1,TB_MLS_NOTICE.TARGET_SCOPE,m-mls/pages/lsh/noticeMgmt/page.tsx:709
NEW,POST_END_DT,POST_END_DT,m-mls,th,게시종료일,NTC_END_DT,공지 종료 일자,POST_END_DT,,,30,"4387,1167,7",공지#1 종료#1 일자#1,TB_MLS_NOTICE.POST_END_DT — '게시' 용어가 없어 '공지'로 분해,m-mls/pages/lsh/noticeMgmt/page.tsx:699
NEW,NOTICE_ID,NOTICE_ID,m-mls,th,공지번호 / 등록,NTC_ID,공지 아이디,NOTICE_ID,,,168,"4387,6",공지#1 아이디#1,TB_MLS_NOTICE.NOTICE_ID,m-mls/pages/lsh/noticeMgmt/page.tsx:615 m-mls/pages/lsh/noticeMgmt/page.tsx:627
NEW,POST_START_DT,POST_START_DT,m-mls,th,게시시작일,NTC_STR_DT,공지 시작 일자,POST_START_DT,,,30,"4387,797,7",공지#1 시작#1 일자#1,TB_MLS_NOTICE.POST_START_DT — '게시' 용어가 없어 '공지'로 분해,m-mls/pages/lsh/noticeMgmt/page.tsx:689
NEW,NOTICE_STATUS,"noticeStatus,NOTICE_STATUS",m-mls,"search,th",게시상태,NTC_STS,공지 상태,NOTICE_STATUS,,,,"4387,681",공지#1 상태#1,TB_MLS_NOTICE.NOTICE_STATUS,m-mls/pages/lsh/noticeMgmt/page.tsx:543 m-mls/pages/lsh/noticeMgmt/page.tsx:678
NEW,OBJECT_ID,OBJECT_ID,m-mcm,"grid,th",OBJECT ID,OBJECT_ID,오브젝트 아이디,,,,168,"906,6",오브젝트#1 아이디#1,TB_MCM_SEC_OBJ.OBJECT_ID — 기존 RGS_OBJECT_ID 등과 같은 '오브젝트' 용어,m-mcm/page-components/csa/commMenuMng/page.tsx:188 m-mcm/page-components/csa/commMenuMng/page.tsx:1269 m-mcm/page-components/csa/commMenuMng/page.tsx:1468 외 4
NEW,OBJECT_TYPE,OBJECT_TYPE,m-mcm,"grid,th",OBJECT TYPE,OBJECT_KND,오브젝트 유형,OBJECT_TYPE,,,,"906,964",오브젝트#1 유형#1,TB_MCM_SEC_OBJ.OBJECT_TYPE — RGS_OBJECT_KND 와 같은 '오브젝트 유형' 표기,m-mcm/page-components/csa/commMenuMng/page.tsx:352 m-mcm/page-components/csa/commObjMng/page.tsx:140 m-mcm/page-components/csa/commObjMng/page.tsx:743
NEW,OBJECT_NM,OBJECT_NM,m-mcm,"grid,th",OBJECT 명 / OBJECT NAME / OBJECT명,OBJECT_NM,오브젝트 명,,,,181,"906,496",오브젝트#1 명#1,TB_MCM_SEC_OBJ.OBJECT_NM — 사전 OBJ_NM 은 '목적 명'이라 다른 뜻,m-mcm/page-components/csa/commMenuMng/page.tsx:1270 m-mcm/page-components/csa/commObjMng/page.tsx:137 m-mcm/page-components/csa/commObjMng/page.tsx:723 외 2
NEW,OWN_LENGTH,OWN_LENGTH,m-mdm,grid,자기 길이,PEC_LTH,고유 길이,OWN_LENGTH,,,200,"3749,14",고유#1 길이#1,TB_MDM_LAYOUT_VER.OWN_LENGTH — MDM 별칭도 함께 넣는다,m-mdm/pages/dmb/layoutMng/components/VersionPanel.tsx:33
NEW,PROGRAM_DESC,PROGRAM_DESC,m-mcm,"grid,th",프로그램 설명,PGM_DESC,프로그램 설명,PROGRAM_DESC,,,183,"1405,700",프로그램#1 설명#1,TB_MCM_SEC_OBJ.PROGRAM_DESC,m-mcm/page-components/csa/commObjMng/page.tsx:138 m-mcm/page-components/csa/commObjMng/page.tsx:733
NEW,PARENT_MENU_ID,PARENT_MENU_ID,m-mcm,"grid,th",PARENT_MENU_ID / 상위 폴더,PRN_MENU_ID,상위 메뉴 아이디,PARENT_MENU_ID,,,168,"678,489,6",상위#1 메뉴#1 아이디#1,TB_MCM_SEC_MENU.PARENT_MENU_ID,m-mcm/page-components/csa/commMenuMng/page.tsx:1330 m-mcm/page-components/csa/commMenuMng/page.tsx:1358 m-mcm/page-components/csa/commMenuMng/page.tsx:1503
NEW,PARENT_ROLE_ID,PARENT_ROLE_ID,m-mcm,grid,부모역할 ID,PRN_ROLE_ID,상위 직무 아이디,PARENT_ROLE_ID,,,168,"678,1203,6",상위#1 직무#1 아이디#1,TB_MCM_SEC_ROLE.PARENT_ROLE_ID — ROLE 은 용어 '직무'(사용자의 업무 역할),m-mcm/page-components/csa/commRoleGrpMng/page.tsx:204 m-mcm/page-components/csa/commRoleGrpMng/page.tsx:236
NEW,POPUP_BTN,POPUP_BTN,m-mcm,"grid,th",POPUP 버튼 / POPUP버튼,PU_BTN_AUT,팝업 버튼 권한,POPUP_BTN,,,,"1367,563,4564",팝업#1 버튼#1 권한#1,TB_MCM_SEC_PERM.POPUP_BTN,m-mcm/page-components/csa/commPermMng/page.tsx:188 m-mcm/page-components/csa/commPermMng/page.tsx:918 m-mcm/page-components/csa/commRoleMng/page.tsx:202 외 1
NEW,ROLE_DESC,ROLE_DESC,m-mcm,"grid,th",ROLE 설명 / 역할 설명,ROLE_DESC,직무 설명,,,,183,"1203,700",직무#1 설명#1,TB_MCM_SEC_ROLE.ROLE_DESC,m-mcm/page-components/csa/commRoleMng/page.tsx:164 m-mcm/page-components/csa/commRoleMng/page.tsx:1045
NEW,ROLE_GROUP_DESC,ROLE_GROUP_DESC,m-mcm,"grid,th",역할 그룹 설명,ROLE_GRP_DESC,직무 그룹 설명,ROLE_GROUP_DESC,,,183,"1203,333,700",직무#1 그룹#1 설명#1,TB_MCM_SEC_ROLEGROUP.ROLE_GROUP_DESC,m-mcm/page-components/csa/commRoleGrpMng/page.tsx:173 m-mcm/page-components/csa/commRoleGrpMng/page.tsx:846
NEW,ROLE_GROUP_ID,ROLE_GROUP_ID,m-mcm,"grid,th",역할 그룹 ID,ROLE_GRP_ID,직무 그룹 아이디,ROLE_GROUP_ID,,,168,"1203,333,6",직무#1 그룹#1 아이디#1,TB_MCM_SEC_ROLEGROUP.ROLE_GROUP_ID,m-mcm/page-components/csa/commRoleGrpMng/page.tsx:166 m-mcm/page-components/csa/commRoleGrpMng/page.tsx:229 m-mcm/page-components/csa/commRoleGrpMng/page.tsx:822 외 3
NEW,ROLE_GROUP_NM,ROLE_GROUP_NM,m-mcm,"grid,th",역할 그룹명,ROLE_GRP_NM,직무 그룹 명,ROLE_GROUP_NM,,,181,"1203,333,496",직무#1 그룹#1 명#1,TB_MCM_SEC_ROLEGROUP.ROLE_GROUP_NM,m-mcm/page-components/csa/commRoleGrpMng/page.tsx:172 m-mcm/page-components/csa/commRoleGrpMng/page.tsx:835 m-mcm/page-components/csa/commUserMng/page.tsx:247 외 2
NEW,ROLE_NM,ROLE_NM,m-mcm,"grid,th",역할명 / ROLE 이름,ROLE_NM,직무 명,,,,181,"1203,496",직무#1 명#1,TB_MCM_SEC_ROLE.ROLE_NM,m-mcm/page-components/csa/commRoleGrpMng/page.tsx:203 m-mcm/page-components/csa/commRoleGrpMng/page.tsx:235 m-mcm/page-components/csa/commRoleMng/page.tsx:163 외 1
NEW,SSO_ID,SSO_ID,m-mcm,"grid,th",SSO ID,SSO_ID,SSO 아이디,,,,168,"214,6",SSO#1 아이디#1,TB_MCM_SEC_USER.SSO_ID,m-mcm/page-components/csa/commUserMng/page.tsx:199 m-mcm/page-components/csa/commUserMng/page.tsx:1003
NEW,START_KIND,startKind,m-mcm,grid,구분,STR_TP,시작 구분,START_KIND,,,157,"797,318",시작#1 구분#1,TB_SEC_SCREEN_USAGE_LOG.START_KIND,m-mcm/page-components/csa/screenUsageStat/tabs/HistoryTab.tsx:18 m-mcm/page-components/csa/screenUsageStat/tabs/history-tab.ts:17
NEW,FORM_URL,FORM_URL,m-mcm,grid,FORM URL,UI_URL,화면 URL,FORM_URL,,,,"1473,218",화면#1 URL#1,TB_MCM_SEC_OBJ.FORM_URL,m-mcm/page-components/csa/commMenuMng/page.tsx:324 m-mcm/page-components/csa/commMenuMng/page.tsx:1271 m-mcm/page-components/csa/commObjMng/page.tsx:160
NEW,USAGE_DT,usageDt,m-mcm,grid,일자,USE_DT,이용 일자,USAGE_DT,,,30,"6445,7",이용#1 일자#1,TB_SEC_SCREEN_USAGE_DAY.USAGE_DT,m-mcm/page-components/csa/screenUsageStat/tabs/overview-tab.ts:12
NEW,DURATION_MS,durationMs,m-mcm,grid,이용 시간,USE_TIM,이용 시간,DURATION_MS,,,215,"6445,791",이용#1 시간#1,TB_SEC_SCREEN_USAGE_*.DURATION_MS — 단위 ms 는 활용처 메모에 적는다,m-mcm/page-components/csa/screenUsageStat/tabs/history-tab.ts:16 m-mcm/page-components/csa/screenUsageStat/tabs/overview-tab.ts:15
NEW,USER_CATEGORY_CD,USER_CATEGORY_CD,m-mcm,"grid,th",분류코드 / 사용자분류코드,USER_CLSF_CD,사용자 분류 코드,USER_CATEGORY_CD,,,156,"657,617,22",사용자#1 분류#1 코드#1,TB_MCM_SEC_USER.USER_CATEGORY_CD,m-mcm/page-components/csa/commUserMng/page.tsx:220 m-mcm/page-components/csa/commUserMng/page.tsx:1084
NEW,PERMISSION_CUSTOM,PERMISSION_CUSTOM,m-mcm,"grid,th",CUSTOM 버튼 권한 / CUSTOM 권한,USER_DEFINE_BTN_AUT,사용자 정의 버튼 권한,PERMISSION_CUSTOM,,,,"657,1140,563,4564",사용자#1 정의#1 버튼#1 권한#1,TB_MCM_SEC_PERM.PERMISSION_CUSTOM,m-mcm/page-components/csa/commPermMng/page.tsx:187 m-mcm/page-components/csa/commPermMng/page.tsx:896 m-mcm/page-components/csa/commRoleMng/page.tsx:201 외 1
NEW,WIDGET_ID,widgetId,m-mcm,"th,grid",ID,WIDGET_ID,위젯 아이디,,위젯(WIDGET),,168,"(위젯),6",위젯#1(신규) 아이디#1,TB_MCM_WIDGET_DEF.WIDGET_ID — 용어 「위젯」(WIDGET)을 먼저 등록한다(조정자 결정 mdm-column-dict-2),m-mcm/page-components/csa/commWidgetMng/WidgetDetailForm.tsx:129 m-mcm/page-components/csa/commWidgetMng/WidgetListTab.tsx:52
ALIAS,CODE_DESC,CODE_DESC,m-mcm,grid,설명,CD_TP_DESC,,CODE_DESC,,,,,,TB_MCM_CODE_MASTER.CODE_DESC — CD_TP_* 군,m-mcm/page-components/cma/masterCodeMng/page.tsx:100 m-mcm/page-components/cme/masterCodeMngList/page.tsx:63
ALIAS,CODE_ID,"CodeId,CODE_ID",m-mcm,"search,grid",코드ID,CD_TP_ID,,CODE_ID,,,,,,TB_MCM_CODE_MASTER(코드 구분 정의) — 사전 CD_TP_* 군(CD_TP_CHARACTER·CD_TP_VER·CD_TP_OWNER_EMP_NO)과 같은 테이블 구성,m-mcm/page-components/cma/masterCategoryMng/page.tsx:352 m-mcm/page-components/cma/masterCodeMng/page.tsx:93 m-mcm/page-components/cma/masterCodeMng/page.tsx:834 외 2
ALIAS,CODE_VAL,CODE_VAL,m-mcm,grid,코드 값 / 코드값,CD_V,,CODE_VAL,,,,,,TB_MCM_CODE_DETAIL.CODE_VAL — 같은 용어 집합(코드 값),m-mcm/page-components/cma/masterCodeMng/page.tsx:215 m-mcm/page-components/cme/masterCodeMngList/page.tsx:79 m-mcm/page-components/cmz/masterCodeSelPop/masterCodeSelPop.tsx:74 외 1
ALIAS,CODE_VAL_DESC,CODE_VAL_DESC,m-mcm,grid,설명 / 코드설명,CD_V_DESC,,CODE_VAL_DESC,,,,,,TB_MCM_CODE_DETAIL — 같은 용어 집합(코드 값 설명),m-mcm/page-components/cma/masterCodeMng/page.tsx:229 m-mcm/page-components/cme/masterCodeMngList/page.tsx:84 m-mcm/page-components/cmz/masterCodeUploadFilePopup/masterCodeUploadFilePopup.tsx:62
ALIAS,CODE_VAL_MEAN,CODE_VAL_MEAN,m-mcm,grid,코드 의미 / 코드의미,CD_V_MEANING,,CODE_VAL_MEAN,,,,,,TB_MCM_CODE_DETAIL — 같은 용어 집합(코드 값 의미),m-mcm/page-components/cma/masterCodeMng/page.tsx:220 m-mcm/page-components/cme/masterCodeMngList/page.tsx:80 m-mcm/page-components/cmz/masterCodeSelPop/masterCodeSelPop.tsx:75 외 1
ALIAS,COL_ID,colId,m-mcm,grid,영문항목명,COLUMN_ID,,COL_ID,,,,,,TB_MCA_RULE_COL_LIST.COL_ID — 같은 용어 집합(컬럼 아이디),m-mcm/page-components/cmb/masterRuleFrame/constants.ts:38 m-mcm/page-components/cmz/masterRuleFrameColListPopup/constants.ts:30
ALIAS,COL_NM,colNm,m-mcm,grid,한글항목명,COLUMN_NM,,COL_NM,,,,,,TB_MCA_RULE_COL_LIST.COL_NM — 같은 용어 집합(컬럼 명),m-mcm/page-components/cmb/masterRuleFrame/constants.ts:37 m-mcm/page-components/cmz/masterRuleFrameColListPopup/constants.ts:31
ALIAS,ENDED_AT,endedAt,m-mcm,grid,종료,END_DH,,ENDED_AT,,,,,,TB_SEC_SCREEN_USAGE_LOG.ENDED_AT — 같은 용어 집합(종료 일시),m-mcm/page-components/csa/screenUsageStat/tabs/HistoryTab.tsx:15 m-mcm/page-components/csa/screenUsageStat/tabs/history-tab.ts:15
ALIAS,PIN_YN,PIN_YN,m-mls,th,상단 고정,FIX_YN,,PIN_YN,,,,,,TB_MLS_NOTICE.PIN_YN — 같은 용어 집합(고정 여부),m-mls/pages/lsh/noticeMgmt/page.tsx:665
ALIAS,MENU_TP,MENU_TP,m-mcm,"grid,th",메뉴타입 / 메뉴 타입,MENU_KND,,MENU_TP,,,,,,"TB_MCM_SEC_MENU.MENU_TP — 메뉴 유형(구분↔유형 동의어), 기존 MES 별칭 MENU_TYPE",m-mcm/page-components/csa/commMenuMng/page.tsx:199 m-mcm/page-components/csa/commMenuMng/page.tsx:1539
ALIAS,MOBILE_TEL_NO,MOBILE_TEL_NO,m-mcm,"grid,th",MOBILE / 모바일번호,MOBILE_TEL,,MOBILE_TEL_NO,,,,,,TB_MCM_SEC_USER.MOBILE_TEL_NO — 기존 '모바일 전화'(MES 별칭 MOBILE_PHONE),m-mcm/page-components/csa/commUserMng/page.tsx:232 m-mcm/page-components/csa/commUserMng/page.tsx:1120
ALIAS,STARTED_AT,startedAt,m-mcm,grid,시작,STR_DH,,STARTED_AT,,,,,,TB_SEC_SCREEN_USAGE_LOG.STARTED_AT — 같은 용어 집합(시작 일시),m-mcm/page-components/csa/screenUsageStat/tabs/HistoryTab.tsx:14 m-mcm/page-components/csa/screenUsageStat/tabs/history-tab.ts:14
MDM,ALTER_NAME,alterName,m-mdm,grid,약칭,ABBR_NM,,,,,,,,"MDM 별칭 ALTER_NAME→ABBR_NM(약어 명) 있음, 실제 컬럼 mdm.TB_MDM_CODE_ITEM,mdm.TB_MDM_DATA_ITEM",m-mdm/pages/dmd/dataItemMng/columns.tsx:30
MDM,COLLECT_AGG,collectAgg,m-mdm,grid,집계,AGG_WAY,,,,,,,,"MDM 별칭 COLLECT_AGG→AGG_WAY(집계 방식) 있음, 실제 컬럼 mdm.TB_MDM_RULE_VAR",m-mdm/pages/dme/ruleEdit/sections/columns/column-grid.tsx:501
MDM,APPLY_TO,APPLY_TO,m-mdm,grid,적용 끝,APL_END_DH,,,,,,,,"MDM 별칭 APPLY_TO→APL_END_DH(적용 종료 일시) 있음, 실제 컬럼 mdm.TB_MDM_CODE_VER,mdm.TB_MDM_RULE_VER",m-mdm/pages/dmb/layoutMng/components/VersionPanel.tsx:29
MDM,APPLY_FROM,"APPLY_FROM,applyFrom",m-mdm,grid,적용 시작 / 적용 구간,APL_STR_DH,,,,,,,,"MDM 별칭 APPLY_FROM→APL_STR_DH(적용 시작 일시) 있음, 실제 컬럼 mdm.TB_MDM_CODE_VER,mdm.TB_MDM_RULE_VER",m-mdm/pages/dmb/layoutMng/components/VersionPanel.tsx:28 m-mdm/pages/dmc/codeMng/CodeDetail.tsx:60
MDM,BASE_UNIT,baseUnit,m-mdm,"th,grid",기준 단위,BAS_UNIT,,,,,,,,"MDM 별칭 BASE_UNIT→BAS_UNIT(기준 단위) 있음, 실제 컬럼 mdm.TB_MDM_UNIT",m-mdm/pages/dma/unitMng/UnitDetailForm.tsx:107 m-mdm/pages/dma/unitMng/page.tsx:39
MDM,CASE_NAME,caseName,m-mdm,grid,이름,CASE_NM,,,,,,,,"MDM 별칭 CASE_NAME→CASE_NM(케이스 명) 있음, 실제 컬럼 mdm.TB_MDM_RULE_TEST_CASE,mdm.TB_MDM_RULE_SET_TEST_CASE",m-mdm/pages/dme/ruleEdit/cards/BoundaryCaseModal.tsx:121 m-mdm/pages/dme/ruleSetEdit/debugger/TestCasePanel.tsx:63
MDM,CATE_ID,cateId,m-mdm,grid,ID / 카테고리 ID,CATEGORY_ID,,,,,,,,"MDM 별칭 CATE_ID→CATEGORY_ID(카테고리 아이디) 있음, 실제 컬럼 mdm.TB_MDM_CODE_CATE,mdm.TB_MDM_CODE_CATE_ITEM",m-mdm/pages/dmc/codeItemEdit/cate/CategoryTab.tsx:59 m-mdm/pages/dmd/dataItemMng/cate/CategoryTab.tsx:79 m-mdm/pages/dmd/dataMng/DataDetail.tsx:24
MDM,CATE_NAME,cateName,m-mdm,grid,이름 / 카테고리 정의,CATEGORY_NM,,,,,,,,"MDM 별칭 CATE_NAME→CATEGORY_NM(카테고리 명) 있음, 실제 컬럼 mdm.TB_MDM_CODE_CATE,mdm.TB_MDM_DATA_CATE",m-mdm/pages/dmc/codeItemEdit/cate/CategoryTab.tsx:67 m-mdm/pages/dmd/dataItemMng/cate/CategoryTab.tsx:82 m-mdm/pages/dmd/dataItemMng/history/DataHistoryTimeline.tsx:138 외 1
MDM,CODE_PATTERN,codePattern,m-mdm,th,키 패턴,CD_REGEX,,,,,,,,"MDM 별칭 CODE_PATTERN→CD_REGEX(코드 정규식) 있음, 실제 컬럼 mdm.TB_MDM_DATA",m-mdm/pages/dmd/dataMng/DataDetail.tsx:74 m-mdm/pages/dmd/dataMng/components/DataRegisterForm.tsx:58
MDM,CHANGE_SUMMARY,CHANGE_SUMMARY,m-mdm,grid,변경,CHG_CTT,,,,,,,,"MDM 별칭 CHANGE_SUMMARY→CHG_CTT(변경 내용) 있음, 실제 컬럼 mdm.TB_MDM_LAYOUT_VER",m-mdm/pages/dmb/layoutMng/components/VersionPanel.tsx:31
MDM,TRANSFORM,transform,m-mdm,grid,변환 규칙,CONV_RULE,,,,,,,,"MDM 별칭 TRANSFORM→CONV_RULE(변환 규칙) 있음, 실제 컬럼 mdm.TB_MDM_COLUMN_SYSTEM",m-mdm/pages/dma/columnMng/ColumnDetailForm.tsx:304
MDM,SWITCH_MODE,SWITCH_MODE,m-mdm,grid,전환 방식,CVT_MOD,,,,,,,,"MDM 별칭 SWITCH_MODE→CVT_MOD(전환 모드) 있음, 실제 컬럼 mdm.TB_MDM_LAYOUT_VER",m-mdm/pages/dmb/layoutMng/components/VersionPanel.tsx:34
MDM,DEFAULT_VALUE,"defaultValue,DEFAULT_VALUE",m-mdm,"th,grid",기본값 / 헤더 기본값,DEFAULTS,,,,,,,,"MDM 별칭 DEFAULT_VALUE→DEFAULTS(기본값) 있음, 실제 컬럼 mdm.TB_MDM_COLUMN,mdm.TB_MDM_LAYOUT_ITEM",m-mdm/pages/dma/columnMng/ColumnDetailForm.tsx:194 m-mdm/pages/dmb/headerMng/components/HeaderItemGrid.tsx:15 m-mdm/pages/dmb/layoutMng/components/ConstEditModal.tsx:27 외 1
MDM,DEF_TARGET,defTarget,m-mdm,grid,대상 칸,DEFINE_DEST,,,,,,,,"MDM 별칭 DEF_TARGET→DEFINE_DEST(정의 대상) 있음, 실제 컬럼 mdm.TB_MDM_CODE_CATE,mdm.TB_MDM_DATA_CATE",m-mdm/pages/dmc/codeItemEdit/cate/CategoryTab.tsx:108 m-mdm/pages/dmd/dataItemMng/cate/CategoryTab.tsx:92
MDM,DEF_KIND,defKind,m-mdm,grid,종류,DEFINE_KND,,,,,,,,"MDM 별칭 DEF_KIND→DEFINE_KND(정의 유형) 있음, 실제 컬럼 mdm.TB_MDM_CODE_CATE,mdm.TB_MDM_DATA_CATE",m-mdm/pages/dmc/codeItemEdit/cate/CategoryTab.tsx:91 m-mdm/pages/dmd/dataItemMng/cate/CategoryTab.tsx:83 m-mdm/pages/dmd/dataMng/DataDetail.tsx:26
MDM,DEF_EXPR,defExpr,m-mdm,grid,정규식,DEFINE_REGEX,,,,,,,,"MDM 별칭 DEF_EXPR→DEFINE_REGEX(정의 정규식) 있음, 실제 컬럼 mdm.TB_MDM_CODE_CATE,mdm.TB_MDM_DATA_CATE",m-mdm/pages/dmc/codeItemEdit/cate/CategoryTab.tsx:100 m-mdm/pages/dmd/dataItemMng/cate/CategoryTab.tsx:86
MDM,RELEASED_AT,releasedAt,m-mdm,grid,확정 일시,DEPLOY_DH,,,,,,,,"MDM 별칭 RELEASED_AT→DEPLOY_DH(배포 일시) 있음, 실제 컬럼 mdm.TB_MDM_CODE_VER,mdm.TB_MDM_RULE_VER",m-mdm/pages/dmc/codeMng/CodeDetail.tsx:66
MDM,DIMENSION,dimension,m-mdm,search,차원,DIM,,,,,,,,"MDM 별칭 DIMENSION→DIM(차원) 있음, 실제 컬럼 mdm.TB_MDM_UNIT",m-mdm/pages/dma/unitMng/page.tsx:193
MDM,DISP_TYPE,dispType,m-mdm,grid,표시 타입,DISP_KND,,,,,,,,"MDM 별칭 DISP_TYPE→DISP_KND(표시 유형) 있음, 실제 컬럼 mdm.TB_MDM_RULE_VAR",m-mdm/pages/dme/ruleEdit/sections/columns/column-grid.tsx:367
MDM,DOMAIN_KIND,"domainKind,DOMAIN_KIND",m-mdm,"th,grid,search",종류,DOMAIN_KND,,,,,,,,"MDM 별칭 DOMAIN_KIND→DOMAIN_KND(도메인 유형) 있음, 실제 컬럼 mdm.TB_MDM_DOMAIN",m-mdm/pages/dma/domainMng/components/DomainBasicForm.tsx:76 m-mdm/pages/dma/domainMng/components/DomainTreeGrid.tsx:26 m-mdm/pages/dma/domainMng/page.tsx:296
MDM,DOMAIN_NAME,"domainName,DOMAIN_NAME",m-mdm,"th,grid",도메인명 / 하위 도메인 / 도메인,DOMAIN_NM,,,,,,,,"MDM 별칭 DOMAIN_NAME→DOMAIN_NM(도메인 명) 있음, 실제 컬럼 mdm.TB_MDM_DOMAIN",m-mdm/pages/dma/domainMng/components/DomainBasicForm.tsx:50 m-mdm/pages/dma/domainMng/components/DomainCheckList.tsx:18 m-mdm/pages/dma/domainMng/components/ParentLinkModal.tsx:138 외 3
MDM,EAI_CODE,"eaiCode,EAI_CODE",m-mdm,"th,grid",EAI 코드 / 인코딩 / 패딩 규칙 / EAI,EAI_CD,,,,,,,,"MDM 별칭 EAI_CODE→EAI_CD(EAI 코드) 있음, 실제 컬럼 mdm.TB_MDM_EAI,mdm.TB_MDM_LAYOUT_VER",m-mdm/pages/dmb/headerMng/components/HeaderForm.tsx:67 m-mdm/pages/dmb/headerMng/components/HeaderForm.tsx:88 m-mdm/pages/dmb/headerMng/components/HeaderList.tsx:13 외 3
MDM,EAI_NAME,eaiName,m-mdm,th,EAI 이름,EAI_NM,,,,,,,,"MDM 별칭 EAI_NAME→EAI_NM(EAI 명) 있음, 실제 컬럼 mdm.TB_MDM_EAI",m-mdm/pages/dmb/headerMng/components/HeaderForm.tsx:81
MDM,VALID_TO,validTo,m-mdm,grid,끝,END_VLD_DD,,,,,,,,"MDM 별칭 VALID_TO→END_VLD_DD(종료 유효 일자) 있음, 실제 컬럼 mdm.TB_MDM_DATA_ITEM,mdm.TB_MDM_DATA_CATE",m-mdm/pages/dmd/dataItemMng/history/DataHistoryTimeline.tsx:110
MDM,ENG_NAME,engName,m-mdm,grid,영문명,ENG_NM,,,,,,,,"MDM 별칭 ENG_NAME→ENG_NM(영문 명) 있음, 실제 컬럼 mdm.TB_MDM_TERM",m-mdm/pages/dma/termMng/TermDetailPane.tsx:35 m-mdm/pages/dma/termMng/page.tsx:30
MDM,REQUIRED,required,m-mdm,grid,필수,ESSEN,,,,,,,,"MDM 별칭 REQUIRED→ESSEN(필수) 있음, 실제 컬럼 mdm.TB_MDM_COLUMN",m-mdm/pages/dma/columnMng/page.tsx:73
MDM,FACTOR,factor,m-mdm,grid,환산 계수,EXC_COEFF,,,,,,,,"MDM 별칭 FACTOR→EXC_COEFF(환산 계수) 있음, 실제 컬럼 mdm.TB_MDM_UNIT",m-mdm/pages/dma/unitMng/page.tsx:40
MDM,EXPECTED_JSON,expectedJson,m-mdm,grid,기대,EXPCT_RST_JSON,,,,,,,,"MDM 별칭 EXPECTED_JSON→EXPCT_RST_JSON(기대 결과 JSON) 있음, 실제 컬럼 mdm.TB_MDM_RULE_TEST_CASE,mdm.TB_MDM_RULE_SET_TEST_CASE",m-mdm/pages/dme/ruleEdit/cards/TestCaseCard.tsx:86
MDM,FILL_KIND,FILL_KIND,m-mdm,grid,fill_kind / 채움,FILL_KND,,,,,,,,"MDM 별칭 FILL_KIND→FILL_KND(채움 유형) 있음, 실제 컬럼 mdm.TB_MDM_LAYOUT_ITEM",m-mdm/pages/dmb/layoutMng/components/SampleMessagePanel.tsx:22 m-mdm/src/layout/item-rows.ts:19 m-mdm/src/layout/snapshot-export.ts:60
MDM,GRP_COND,"grp_cond,grpCond",m-mdm,grid,조건 / 열 조건,GRP_CDN,,,,,,,,"MDM 별칭 GRP_COND→GRP_CDN(그룹 조건) 있음, 실제 컬럼 mdm.TB_MDM_RULE_VAR",m-mdm/pages/dme/ruleEdit/decision-table/columns.ts:505 m-mdm/pages/dme/ruleEdit/sections/columns/column-grid.tsx:491
MDM,LAYOUT_NAME,"layoutName,LAYOUT_NAME",m-mdm,"th,grid",헤더 이름 / 전문 이름 / 이름,LAYOUT_NM,,,,,,,,"MDM 별칭 LAYOUT_NAME→LAYOUT_NM(레이아웃 명) 있음, 실제 컬럼 mdm.TB_MDM_LAYOUT",m-mdm/pages/dmb/headerMng/components/HeaderForm.tsx:60 m-mdm/pages/dmb/headerMng/components/HeaderList.tsx:12 m-mdm/pages/dmb/headerMng/components/HeaderUsagePanel.tsx:15 외 6
MDM,LVL_CNT,lvlCnt,m-mdm,th,계층 칸 수,LEVEL_CNT,,,,,,,,"MDM 별칭 LVL_CNT→LEVEL_CNT(수준 수) 있음, 실제 컬럼 mdm.TB_MDM_CODE,mdm.TB_MDM_DATA",m-mdm/pages/dmc/codeMng/CodeDetail.tsx:170 m-mdm/pages/dmc/codeMng/CodeRegisterForm.tsx:66 m-mdm/pages/dmd/dataMng/DataDetail.tsx:96 외 1
MDM,COLUMN_NAME,columnName,m-mdm,"th,grid",논리명,LGC_COLUMN_NM,,,,,,,,"MDM 별칭 COLUMN_NAME→LGC_COLUMN_NM(논리 컬럼 명) 있음, 실제 컬럼 mdm.TB_MDM_COLUMN",m-mdm/pages/dma/columnMng/ColumnDetailForm.tsx:105 m-mdm/pages/dma/columnMng/page.tsx:69
MDM,MARU_CODE_ID,maruCodeId,m-mdm,"th,grid",코드 참조 / ID / 마루 코드 ID,MARU_CD_ID,,,,,,,,"MDM 별칭 MARU_CODE_ID→MARU_CD_ID(마루 코드 아이디) 있음, 실제 컬럼 mdm.TB_MDM_CODE,mdm.TB_MDM_CODE_SYSTEM",m-mdm/pages/dma/domainMng/components/DomainBasicForm.tsx:120 m-mdm/pages/dmc/codeConfirm/page.tsx:52 m-mdm/pages/dmc/codeMng/CodeRegisterForm.tsx:35 외 1
MDM,MARU_CODE_NAME,maruCodeName,m-mdm,"grid,th",이름,MARU_CD_NM,,,,,,,,"MDM 별칭 MARU_CODE_NAME→MARU_CD_NM(마루 코드 명) 있음, 실제 컬럼 mdm.TB_MDM_CODE",m-mdm/pages/dmc/codeConfirm/page.tsx:53 m-mdm/pages/dmc/codeMng/CodeDetail.tsx:147 m-mdm/pages/dmc/codeMng/CodeRegisterForm.tsx:48 외 1
MDM,MARU_DATA_NAME,maruDataName,m-mdm,"th,grid",이름,MARU_DATA_NM,,,,,,,,"MDM 별칭 MARU_DATA_NAME→MARU_DATA_NM(마루 데이터 명) 있음, 실제 컬럼 mdm.TB_MDM_DATA",m-mdm/pages/dmd/dataMng/DataDetail.tsx:62 m-mdm/pages/dmd/dataMng/columns.tsx:32 m-mdm/pages/dmd/dataMng/components/DataRegisterForm.tsx:46
MDM,MARU_RULE_NAME,maruRuleName,m-mdm,"grid,th",이름 / 룰명,MARU_RULE_NM,,,,,,,,"MDM 별칭 MARU_RULE_NAME→MARU_RULE_NM(마루 규칙 명) 있음, 실제 컬럼 mdm.TB_MDM_RULE",m-mdm/pages/dme/ruleConfirm/page.tsx:57 m-mdm/pages/dme/ruleMng/RuleDetailPanel.tsx:296 m-mdm/pages/dme/ruleMng/components/RuleRegisterForm.tsx:71 외 1
MDM,SENSE_NO,senseNo,m-mdm,"grid,th",의미 / 의미 번호,MEANING_NO,,,,,,,,"MDM 별칭 SENSE_NO→MEANING_NO(의미 번호) 있음, 실제 컬럼 mdm.TB_MDM_TERM",m-mdm/pages/dma/termRegPop/termRegPop.tsx:171 m-mdm/pages/dma/termRegPop/termRegPop.tsx:263
MDM,NUM_FORMAT,NUM_FORMAT,m-mdm,grid,숫자 형식,NUM_FMT,,,,,,,,"MDM 별칭 NUM_FORMAT→NUM_FMT(수치 형식) 있음, 실제 컬럼 mdm.TB_MDM_LAYOUT_ITEM",m-mdm/src/layout/snapshot-export.ts:68
MDM,OFFSET,OFFSET,m-mdm,"th,grid",오프셋 / 길이 / 오프셋,OFST,,,,,,,,"MDM 별칭 OFFSET→OFST(오프셋) 있음, 실제 컬럼 mdm.TB_MDM_LAYOUT_ITEM",m-mdm/src/layout/LayoutItemDetail.tsx:142 m-mdm/src/layout/item-rows.ts:20 m-mdm/src/layout/snapshot-export.ts:62
MDM,COLUMN_PHYS,COLUMN_PHYS,m-mdm,"grid,th",컬럼 / 표준 물리명,PHYS_NM,,,,,,,,"MDM 별칭 COLUMN_PHYS→PHYS_NM(물리 명) 있음, 실제 컬럼 mdm.TB_MDM_LAYOUT_ITEM",m-mdm/pages/dmb/layoutMng/components/ImpactPanel.tsx:16 m-mdm/src/layout/LayoutItemDetail.tsx:65 m-mdm/src/layout/item-rows.ts:18 외 1
MDM,PHYS_NAME,"physName,PHYS_NAME",m-mdm,"grid,th",실제 필드명 / 표준 물리명,PHYS_NM,,,,,,,,"MDM 별칭 PHYS_NAME→PHYS_NM(물리 명) 있음, 실제 컬럼 mdm.TB_MDM_COLUMN_SYSTEM,mdm.TB_MDM_COLUMN",m-mdm/pages/dma/columnMng/ColumnDetailForm.tsx:303 m-mdm/pages/dma/columnMng/ColumnDetailForm.tsx:116 m-mdm/pages/dma/columnMng/page.tsx:70 외 1
MDM,PARENT_DOMAIN_ID,"parentDomainId,PARENT_DOMAIN_ID",m-mdm,th,부모 도메인 / 지금 부모,PRN_DOMAIN_ID,,,,,,,,"MDM 별칭 PARENT_DOMAIN_ID→PRN_DOMAIN_ID(상위 도메인 아이디) 있음, 실제 컬럼 mdm.TB_MDM_DOMAIN",m-mdm/pages/dma/domainMng/components/DomainBasicForm.tsx:64 m-mdm/pages/dma/domainMng/components/ParentLinkModal.tsx:142
MDM,RCV_SYSTEM,rcvSystem,m-mdm,search,수신 시스템,RCV_SYS_CD,,,,,,,,"MDM 별칭 RCV_SYSTEM→RCV_SYS_CD(수신 시스템 코드) 있음, 실제 컬럼 mdm.TB_MDM_LAYOUT",m-mdm/pages/dmb/layoutMng/page.tsx:469
MDM,REF_CATE_ID,refCateId,m-mdm,th,참조 카테고리,REF_CATEGORY_ID,,,,,,,,"MDM 별칭 REF_CATE_ID→REF_CATEGORY_ID(참조 카테고리 아이디) 있음, 실제 컬럼 mdm.TB_MDM_COLUMN",m-mdm/pages/dma/columnMng/ColumnDetailForm.tsx:223
MDM,REF_KIND,refKind,m-mdm,th,참조 종류,REF_KND,,,,,,,,"MDM 별칭 REF_KIND→REF_KND(참조 유형) 있음, 실제 컬럼 mdm.TB_MDM_COLUMN",m-mdm/pages/dma/columnMng/ColumnDetailForm.tsx:202
MDM,REF_TARGET,refTarget,m-mdm,th,참조 대상,REF_MARU_DATA_ID,,,,,,,,"MDM 별칭 REF_TARGET→REF_MARU_DATA_ID(참조 마루 데이터 아이디) 있음, 실제 컬럼 mdm.TB_MDM_COLUMN",m-mdm/pages/dma/columnMng/ColumnDetailForm.tsx:215
MDM,ROW_VERSION,rowVersion,m-mdm,grid,행 버전,ROW_VER,,,,,,,,"MDM 별칭 ROW_VERSION→ROW_VER(행 버전) 있음, 실제 컬럼 mdm.TB_MDM_RULE_TEST_CASE,mdm.TB_MDM_CODE_VER",m-mdm/pages/dmd/dataItemMng/history/DataHistoryTimeline.tsx:135
MDM,RES_GRP,resGrp,m-mdm,grid,그룹,RST_GRP,,,,,,,,"MDM 별칭 RES_GRP→RST_GRP(결과 그룹) 있음, 실제 컬럼 mdm.TB_MDM_RULE_VAR",m-mdm/pages/dme/ruleEdit/sections/columns/column-grid.tsx:483
MDM,RULE_KIND,ruleKind,m-mdm,"grid,th,search",종류,RULE_KND,,,,,,,,"MDM 별칭 RULE_KIND→RULE_KND(규칙 유형) 있음, 실제 컬럼 mdm.TB_MDM_RULE",m-mdm/pages/dme/ruleConfirm/page.tsx:58 m-mdm/pages/dme/ruleMng/components/RuleRegisterForm.tsx:83 m-mdm/pages/dme/ruleMng/page.tsx:188 외 1
MDM,SND_SYSTEM,"SND_SYSTEM,sndSystem",m-mdm,"grid,th,search",송신→수신 / 송신 / 수신 시스템 / 송신 시스템,SND_SYS_CD,,,,,,,,"MDM 별칭 SND_SYSTEM→SND_SYS_CD(송신 시스템 코드) 있음, 실제 컬럼 mdm.TB_MDM_LAYOUT",m-mdm/pages/dmb/headerMng/components/HeaderUsagePanel.tsx:16 m-mdm/pages/dmb/layoutMng/components/LayoutBasicForm.tsx:84 m-mdm/pages/dmb/layoutMng/components/LayoutList.tsx:14 외 1
MDM,TOTAL_LENGTH,TOTAL_LENGTH,m-mdm,grid,길이 / 총 길이,SNT_LTH,,,,,,,,MDM 별칭 TOTAL_LENGTH→SNT_LTH(전문 총 길이)가 이미 있음,m-mdm/pages/dmb/headerMng/components/HeaderList.tsx:15 m-mdm/pages/dmb/headerMng/components/HeaderUsagePanel.tsx:18 m-mdm/pages/dmb/layoutMng/components/HeaderPickModal.tsx:13 외 2
MDM,FILLER_LENGTH,FILLER_LENGTH,m-mdm,th,FILLER 길이,SPR_LEN,,,,,,,,"MDM 별칭 FILLER_LENGTH→SPR_LEN(예비 길이) 있음, 실제 컬럼 mdm.TB_MDM_LAYOUT_ITEM",m-mdm/src/layout/LayoutItemDetail.tsx:134
MDM,SOURCE_KIND,sourceKind,m-mdm,grid,원천,SRC_KND,,,,,,,,"MDM 별칭 SOURCE_KIND→SRC_KND(출처 유형) 있음, 실제 컬럼 mdm.TB_MDM_RULE,mdm.TB_MDM_CODE",m-mdm/pages/dmc/codeMng/page.tsx:418 m-mdm/pages/dmd/dataMng/columns.tsx:33 m-mdm/pages/dme/ruleMng/page.tsx:194
MDM,STD_NAME,"stdName,STD_NAME",m-mdm,"th,grid",표준명,STD_NM,,,,,,,,"MDM 별칭 STD_NAME→STD_NM(표준 명) 있음, 실제 컬럼 mdm.TB_MDM_DOMAIN",m-mdm/pages/dma/domainMng/components/DomainBasicForm.tsx:57 m-mdm/pages/dma/domainMng/components/DomainTreeGrid.tsx:25
MDM,VALID_FROM,validFrom,m-mdm,grid,시작 일시 / 시작,STR_VLD_DD,,,,,,,,"MDM 별칭 VALID_FROM→STR_VLD_DD(시작 유효 일자) 있음, 실제 컬럼 mdm.TB_MDM_DATA_ITEM,mdm.TB_MDM_DATA_CATE",m-mdm/pages/dmd/dataItemMng/columns.tsx:51 m-mdm/pages/dmd/dataItemMng/history/DataHistoryTimeline.tsx:109
MDM,SYSTEM_CODE,"SYSTEM_CODE,systemCode","m-mcm,m-mdm","grid,th",SYSTEM / 시스템,SYS_CD,,,,,,,,"MDM 별칭 SYSTEM_CODE→SYS_CD(시스템 코드) 있음, 실제 컬럼 mcm.TB_MCM_SEC_OBJ,mdm.TB_MDM_SYSTEM",m-mcm/page-components/csa/commMenuMng/page.tsx:351 m-mcm/page-components/csa/commObjMng/page.tsx:139 m-mcm/page-components/csa/commObjMng/page.tsx:684 외 2
MDM,SYSTEMS,systems,m-mdm,search,사용 시스템,SYS_LIST,,,,,,,,"MDM 별칭 SYSTEMS→SYS_LIST(시스템 리스트) 있음, 실제 컬럼 mdm.TB_MDM_TERM",m-mdm/pages/dma/termMng/page.tsx:205
MDM,DEFINITION,definition,m-mdm,grid,정의,TERM_DESC,,,,,,,,"MDM 별칭 DEFINITION→TERM_DESC(용어 설명) 있음, 실제 컬럼 mdm.TB_MDM_TERM",m-mdm/pages/dma/termRegPop/termRegPop.tsx:172
MDM,TERM_NAME,termName,m-mdm,"grid,th",표기,TERM_NM,,,,,,,,"MDM 별칭 TERM_NAME→TERM_NM(용어 명) 있음, 실제 컬럼 mdm.TB_MDM_TERM",m-mdm/pages/dma/termMng/TermDetailPane.tsx:34 m-mdm/pages/dma/termMng/page.tsx:29 m-mdm/pages/dma/termRegPop/termRegPop.tsx:170 외 1
MDM,UNIT_CODE,"unitCode,UNIT_CODE",m-mdm,"th,grid,search",단위 / 단위 코드 / 환산 계수,UNIT_CD,,,,,,,,"MDM 별칭 UNIT_CODE→UNIT_CD(단위 코드) 있음, 실제 컬럼 mdm.TB_MDM_UNIT,mdm.TB_MDM_DOMAIN",m-mdm/pages/dma/domainMng/components/DomainBasicForm.tsx:109 m-mdm/pages/dma/unitMng/ConvertCalculator.tsx:22 m-mdm/pages/dma/unitMng/UnitDetailForm.tsx:83 외 5
MDM,USAGE_NOTE,usageNote,m-mdm,th,활용처 메모,USE_RMK,,,,,,,,"MDM 별칭 USAGE_NOTE→USE_RMK(사용 비고) 있음, 실제 컬럼 mdm.TB_MDM_RULE,mdm.TB_MDM_COLUMN",m-mdm/pages/dma/columnMng/ColumnDetailForm.tsx:246 m-mdm/pages/dme/ruleMng/RuleDetailPanel.tsx:319 m-mdm/pages/dme/ruleMng/components/RuleRegisterForm.tsx:113
MDM,VAR_KIND,varKind,m-mdm,grid,구분,VAR_KND,,,,,,,,"MDM 별칭 VAR_KIND→VAR_KND(변수 유형) 있음, 실제 컬럼 mdm.TB_MDM_RULE_VAR",m-mdm/pages/dme/ruleEdit/sections/columns/column-grid.tsx:341
MDM,VAR_NAME,varName,m-mdm,grid,변수,VAR_NM,,,,,,,,"MDM 별칭 VAR_NAME→VAR_NM(변수 명) 있음, 실제 컬럼 mdm.TB_MDM_RULE_VAR",m-mdm/pages/dme/ruleEdit/sections/columns/column-grid.tsx:377
MDM,VER_KIND,"VER_KIND,verKind",m-mdm,grid,종류,VER_KND,,,,,,,,"MDM 별칭 VER_KIND→VER_KND(버전 유형) 있음, 실제 컬럼 mdm.TB_MDM_CODE_VER,mdm.TB_MDM_RULE_VER",m-mdm/pages/dmb/layoutMng/components/VersionPanel.tsx:25 m-mdm/pages/dmc/codeConfirm/page.tsx:55 m-mdm/pages/dmc/codeMng/CodeDetail.tsx:51 외 1
MDM,LABEL_LONG,labelLong,m-mdm,th,표시명 긴/중간/짧은,WIDE_DISP_NM,,,,,,,,"MDM 별칭 LABEL_LONG→WIDE_DISP_NM(넓은 표시 명) 있음, 실제 컬럼 mdm.TB_MDM_COLUMN",m-mdm/pages/dma/columnMng/ColumnDetailForm.tsx:138
MDM,TRANS_UNIT,TRANS_UNIT,m-mdm,"th,grid",전송 단위 / 단위 항목 / 전송 단위,XMIT_UNIT,,,,,,,,"MDM 별칭 TRANS_UNIT→XMIT_UNIT(전송 단위) 있음, 실제 컬럼 mdm.TB_MDM_LAYOUT_ITEM",m-mdm/src/layout/LayoutItemDetail.tsx:85 m-mdm/src/layout/snapshot-export.ts:66
DISPLAY,EDT_PERMISSION_ID,edt_PERMISSION_ID,m-mcm,search,PERMISSION ID,AUT_ID,,,,AUT_ID,,,,검색 조건 키,m-mcm/page-components/csa/commPermMng/page.tsx:565
DISPLAY,EDT_PERMISSION_NM,edt_PERMISSION_NM,m-mcm,search,PERMISSION 명,AUT_NM,,,,AUT_NM,,,,검색 조건 키,m-mcm/page-components/csa/commPermMng/page.tsx:570
DISPLAY,CODE_VAL_REF1_MN,CODE_VAL_REF1_MN,m-mcm,grid,참조1,CD_V_REF,,,,CD_V_REF,,,,CODE_VAL_REF1 참조값의 이름(SQL 계산 칸),m-mcm/page-components/cme/masterCodeMngList/page.tsx:85
DISPLAY,CODE_VAL_REF2_MN,CODE_VAL_REF2_MN,m-mcm,grid,참조2,CD_V_REF,,,,CD_V_REF,,,,CODE_VAL_REF2 참조값의 이름(SQL 계산 칸),m-mcm/page-components/cme/masterCodeMngList/page.tsx:86
DISPLAY,CODE_VAL_REF3_MN,CODE_VAL_REF3_MN,m-mcm,grid,참조3,CD_V_REF,,,,CD_V_REF,,,,CODE_VAL_REF3 참조값의 이름(SQL 계산 칸),m-mcm/page-components/cme/masterCodeMngList/page.tsx:87
DISPLAY,CODE_VAL_REF4_MN,CODE_VAL_REF4_MN,m-mcm,grid,참조4,CD_V_REF,,,,CD_V_REF,,,,CODE_VAL_REF4 참조값의 이름(SQL 계산 칸),m-mcm/page-components/cme/masterCodeMngList/page.tsx:88
DISPLAY,CODE_VAL_REF5_MN,CODE_VAL_REF5_MN,m-mcm,grid,참조5,CD_V_REF,,,,CD_V_REF,,,,CODE_VAL_REF5 참조값의 이름(SQL 계산 칸),m-mcm/page-components/cme/masterCodeMngList/page.tsx:89
DISPLAY,DIMENSION_LABEL,dimensionLabel,m-mdm,grid,차원,DIM,,,,DIM,,,,TB_MDM_UNIT.DIMENSION 의 표시 이름,m-mdm/pages/dma/unitMng/page.tsx:38
DISPLAY,CBO_IN_OUT_EMP_TP,cbo_IN_OUT_EMP_TP,m-mcm,search,내부 외부 구분,INTL_EXT_EMP_TP,,,,INTL_EXT_EMP_TP,,,,검색 조건 키(내부 외부 사원 구분),m-mcm/page-components/csa/commUserMng/page.tsx:888
DISPLAY,SET_ID,setId,m-mdm,"grid,th",룰 세트 / 세트 ID,MARU_RULE_SETS_ID,,,,MARU_RULE_SETS_ID,,,,룰 세트 ID(TB_MDM_RULE_SET.MARU_RULE_SET_ID 의 화면 키),m-mdm/pages/dme/ruleEdit/cards/RuleUsageCard.tsx:33 m-mdm/pages/dme/ruleSetConfirm/page.tsx:47 m-mdm/pages/dme/ruleSetMng/columns.tsx:11 외 1
DISPLAY,SET_NAME,setName,m-mdm,"grid,th",이름 / 세트명,MARU_RULE_SETS_NM,,,,MARU_RULE_SETS_NM,,,,룰 세트 이름(TB_MDM_RULE_SET.MARU_RULE_SET_NAME 의 화면 키),m-mdm/pages/dme/ruleEdit/cards/RuleUsageCard.tsx:34 m-mdm/pages/dme/ruleSetConfirm/page.tsx:50 m-mdm/pages/dme/ruleSetMng/columns.tsx:34 외 1
DISPLAY,EDT_MENU_ID,edt_MENU_ID,m-mcm,search,메뉴 ID,MENU_ID,,,,MENU_ID,,,,검색 조건 키,m-mcm/page-components/csa/commMenuMng/page.tsx:1019
DISPLAY,EDT_MENU_NM,edt_MENU_NM,m-mcm,search,메뉴 명,MENU_NM,,,,MENU_NM,,,,검색 조건 키,m-mcm/page-components/csa/commMenuMng/page.tsx:1024
DISPLAY,MASTER_CODE_REF1_NM,MASTER_CODE_REF1_NM,m-mcm,grid,참조1,MST_CD_REF,,,,MST_CD_REF,,,,MASTER_CODE_REF1 의 이름(SQL 계산 칸),m-mcm/page-components/cme/masterCodeMngList/page.tsx:65
DISPLAY,MASTER_CODE_REF2_NM,MASTER_CODE_REF2_NM,m-mcm,grid,참조2,MST_CD_REF,,,,MST_CD_REF,,,,MASTER_CODE_REF2 의 이름(SQL 계산 칸),m-mcm/page-components/cme/masterCodeMngList/page.tsx:66
DISPLAY,MASTER_CODE_REF3_NM,MASTER_CODE_REF3_NM,m-mcm,grid,참조3,MST_CD_REF,,,,MST_CD_REF,,,,MASTER_CODE_REF3 의 이름(SQL 계산 칸),m-mcm/page-components/cme/masterCodeMngList/page.tsx:67
DISPLAY,MASTER_CODE_REF4_NM,MASTER_CODE_REF4_NM,m-mcm,grid,참조4,MST_CD_REF,,,,MST_CD_REF,,,,MASTER_CODE_REF4 의 이름(SQL 계산 칸),m-mcm/page-components/cme/masterCodeMngList/page.tsx:68
DISPLAY,MASTER_CODE_REF5_NM,MASTER_CODE_REF5_NM,m-mcm,grid,참조5,MST_CD_REF,,,,MST_CD_REF,,,,MASTER_CODE_REF5 의 이름(SQL 계산 칸),m-mcm/page-components/cme/masterCodeMngList/page.tsx:69
DISPLAY,EDT_OBJECT_ID,edt_OBJECT_ID,m-mcm,search,OBJECT,OBJECT_ID,,,,OBJECT_ID,,,,검색 조건 키,m-mcm/page-components/csa/commObjMng/page.tsx:521
DISPLAY,OBJ_ID,objId,m-mcm,grid,OBJECT ID,OBJECT_ID,,,,OBJECT_ID,,,,오브젝트 고르기 팝업의 OBJECT ID,m-mcm/page-components/access-management/ObjectPickerModal.tsx:22
DISPLAY,OBJ_NM,objNm,m-mcm,grid,객체명,OBJECT_NM,,,,OBJECT_NM,,,,지금 hit(OBJ_NM '목적 명')은 뜻이 다르다 — 오브젝트 명으로 연결,m-mcm/page-components/access-management/ObjectPickerModal.tsx:23
DISPLAY,EDT_ROLE_GROUP_ID,edt_ROLE_GROUP_ID,m-mcm,search,역할 그룹 ID,ROLE_GRP_ID,,,,ROLE_GRP_ID,,,,검색 조건 키,m-mcm/page-components/csa/commRoleGrpMng/page.tsx:715
DISPLAY,EDT_ROLE_GROUP_NM,edt_ROLE_GROUP_NM,m-mcm,search,역할 그룹명,ROLE_GRP_NM,,,,ROLE_GRP_NM,,,,검색 조건 키,m-mcm/page-components/csa/commRoleGrpMng/page.tsx:720
DISPLAY,EDT_ROLE_ID,edt_ROLE_ID,m-mcm,search,역할 ID,ROLE_ID,,,,ROLE_ID,,,,검색 조건 키,m-mcm/page-components/csa/commRoleMng/page.tsx:871
DISPLAY,EDT_ROLE_NM,edt_ROLE_NM,m-mcm,search,역할명,ROLE_NM,,,,ROLE_NM,,,,검색 조건 키,m-mcm/page-components/csa/commRoleMng/page.tsx:876
DISPLAY,SYNONYMS_TEXT,synonymsText,m-mdm,grid,동의어,SYNONYMOUS_LIST,,,,SYNONYMOUS_LIST,,,,TB_MDM_TERM.SYNONYMS 를 글자로 보인 칸,m-mdm/pages/dma/termMng/page.tsx:34
DISPLAY,SYSTEMS_TEXT,systemsText,m-mdm,grid,사용 시스템,SYS_LIST,,,,SYS_LIST,,,,TB_MDM_TERM.SYSTEMS 를 글자로 보인 칸,m-mdm/pages/dma/termMng/TermDetailPane.tsx:36 m-mdm/pages/dma/termMng/page.tsx:33
DISPLAY,CBO_USE_TP,cbo_USE_TP,m-mcm,search,사용 유무 / 사용 여부,USE_TP,,,,USE_TP,,,,검색 조건 키(사용 구분),m-mcm/page-components/csa/commMenuMng/page.tsx:1029 m-mcm/page-components/csa/commObjMng/page.tsx:526 m-mcm/page-components/csa/commPermMng/page.tsx:575 외 3
DISPLAY,EDT_USER_ID,edt_USER_ID,m-mcm,search,사용자,USER_ID,,,,USER_ID,,,,검색 조건 키,m-mcm/page-components/csa/commUserMng/page.tsx:881
DISPLAY,FILTER_USER_ID,filterUserId,m-mcm,search,권한 부여 source 사용자 ID/사번,USER_ID,,,,USER_ID,,,,검색 조건 키(복사 원본 사용자),m-mcm/page-components/csa/commUserRoleCopy/page.tsx:419
GENERIC,,CATEGORY_LABEL,m-mls,grid,분류,,,,,false,,,,화면에서 이미 meta=false,m-mls/pages/lsh/noticeMgmt/notice-columns.tsx:47
GENERIC,,FORMAT_LABEL,m-mls,grid,형식,,,,,false,,,,화면에서 이미 meta=false,m-mls/pages/lsh/noticeMgmt/notice-columns.tsx:61
GENERIC,,STATUS_LABEL,m-mls,grid,게시상태,,,,,false,,,,화면에서 이미 meta=false,m-mls/pages/lsh/noticeMgmt/notice-columns.tsx:71
GENERIC,,POST_PERIOD,m-mls,grid,게시기간,,,,,false,,,,화면에서 이미 meta=false,m-mls/pages/lsh/noticeMgmt/notice-columns.tsx:85
GENERIC,,PIN_LABEL,m-mls,grid,고정,,,,,false,,,,화면에서 이미 meta=false,m-mls/pages/lsh/noticeMgmt/notice-columns.tsx:99
GENERIC,,TARGET_LABEL,m-mls,grid,대상,,,,,false,,,,화면에서 이미 meta=false,m-mls/pages/lsh/noticeMgmt/notice-columns.tsx:108
GENERIC,ABSENT,absent,m-mcm,grid,값,,,,,false,,,,화면마다 뜻이 다른 범용 키,m-mcm/page-components/csa/mdmCacheMng/page.tsx:118
GENERIC,ACT,act,m-mdm,grid,,,,,,false,,,,화면마다 뜻이 다른 범용 키,m-mdm/pages/dme/ruleSetEdit/debugger/VariablePanel.tsx:115
GENERIC,ACTION,"ACTION,action",m-mdm,grid,처리 / 동작,,,,,false,,,,사전 hit(ACTION)이지만 화면마다 뜻이 다른 범용 키,m-mdm/pages/dma/columnMng/page.tsx:437 m-mdm/pages/dmd/dataCsvUploadPop/dataCsvUploadPop.tsx:40
GENERIC,ACTUAL,actual,m-mdm,grid,실제,,,,,false,,,,화면마다 뜻이 다른 범용 키,m-mdm/pages/dme/ruleSetEdit/debugger/TestCasePanel.tsx:80
GENERIC,AFTER,"AFTER,after",m-mdm,grid,이후 / 지금,,,,,false,,,,화면마다 뜻이 다른 범용 키,m-mdm/pages/dma/domainMng/components/DomainImpactPanel.tsx:19 m-mdm/pages/dme/ruleSetConfirm/page.tsx:110 m-mdm/pages/dme/ruleSetEdit/debugger/RunCompare.tsx:25
GENERIC,BEFORE,"BEFORE,before",m-mdm,grid,이전,,,,,false,,,,화면마다 뜻이 다른 범용 키,m-mdm/pages/dma/domainMng/components/DomainImpactPanel.tsx:18 m-mdm/pages/dme/ruleSetConfirm/page.tsx:109 m-mdm/pages/dme/ruleSetEdit/debugger/RunCompare.tsx:24
GENERIC,BY,by,m-mdm,grid,만드는 룰,,,,,false,,,,화면마다 뜻이 다른 범용 키,m-mdm/pages/dme/ruleSetEdit/cards/SetIoTables.tsx:97
GENERIC,CHANGE,change,m-mdm,grid,변경,,,,,false,,,,화면마다 뜻이 다른 범용 키,m-mdm/pages/dmb/layoutMng/components/VersionPanel.tsx:38
GENERIC,CHECK,check,m-mdm,grid,검사,,,,,false,,,,화면마다 뜻이 다른 범용 키,m-mdm/pages/dme/ruleEdit/decision-table/columns.ts:515 m-mdm/pages/dme/ruleEdit/sections/columns/column-grid.tsx:524
GENERIC,CHECKED,checked,m-mdm,grid,고름,,,,,false,,,,화면마다 뜻이 다른 범용 키,m-mdm/pages/dme/ruleEdit/cards/BoundaryCaseModal.tsx:110
GENERIC,CHK,"CHK,chk",m-mcm,grid,선택,,,,,false,,,,화면마다 뜻이 다른 범용 키,m-mcm/page-components/cma/masterCodeMng/page.tsx:183 m-mcm/page-components/cmz/masterRuleFrameColListPopup/constants.ts:32
GENERIC,CODE,"CODE,code",m-mdm,grid,규칙 / 코드 / 키,,,,,false,,,,사전 hit(CD@MES)이지만 화면마다 뜻이 다른 범용 키,m-mdm/pages/dma/domainMng/components/DomainCheckList.tsx:11 m-mdm/pages/dmb/layoutMng/components/LayoutCheckPanel.tsx:20 m-mdm/pages/dmc/codeItemEdit/cate/CategoryTab.tsx:164 외 5
GENERIC,CONDITION,CONDITION,m-mdm,grid,거부 조건,,,,,false,,,,화면마다 뜻이 다른 범용 키,m-mdm/pages/dmb/layoutMng/components/LayoutCheckPanel.tsx:19
GENERIC,CONFIRM,confirm,m-mdm,grid,,,,,,false,,,,화면마다 뜻이 다른 범용 키,m-mdm/pages/dma/termMng/TermDetailPane.tsx:138
GENERIC,COUNT,COUNT,m-mdm,grid,건수,,,,,false,,,,화면마다 뜻이 다른 범용 키,m-mdm/pages/dma/domainMng/components/DomainImpactPanel.tsx:12
GENERIC,DEL,del,m-mdm,grid,삭제,,,,,false,,,,화면마다 뜻이 다른 범용 키,m-mdm/pages/dme/ruleEdit/decision-table/columns.ts:517 m-mdm/pages/dme/ruleEdit/sections/columns/column-grid.tsx:526
GENERIC,DELETE,DELETE,m-mdm,grid,,,,,,false,,,,화면마다 뜻이 다른 범용 키,m-mdm/pages/dma/domainMng/components/DomainTestCaseGrid.tsx:49
GENERIC,DESCRIPTION,description,m-mdm,"grid,th",설명,,,,,false,,,,사전 hit(DESC@MES)이지만 화면마다 뜻이 다른 범용 키,m-mdm/pages/dmc/codeMng/CodeDetail.tsx:74 m-mdm/pages/dmc/codeMng/CodeRegisterForm.tsx:60 m-mdm/pages/dmd/dataMng/components/DataRegisterForm.tsx:70 외 6
GENERIC,DETAIL,DETAIL,m-mdm,grid,내용,,,,,false,,,,화면마다 뜻이 다른 범용 키,m-mdm/pages/dma/domainMng/components/DomainImpactPanel.tsx:13
GENERIC,DIRECTION,DIRECTION,m-mdm,grid,방향,,,,,false,,,,화면마다 뜻이 다른 범용 키,m-mdm/pages/dma/domainMng/components/DomainImpactPanel.tsx:20
GENERIC,DISPLAY,display,m-mdm,grid,환산값,,,,,false,,,,화면마다 뜻이 다른 범용 키,m-mdm/pages/dma/unitMng/ConvertCalculator.tsx:23
GENERIC,DOMAIN,domain,m-mdm,grid,도메인,,,,,false,,,,화면마다 뜻이 다른 범용 키,m-mdm/pages/dma/columnMng/page.tsx:72 m-mdm/pages/dme/ruleEdit/sections/columns/column-grid.tsx:428
GENERIC,EVALUATED,evaluated,m-mdm,grid,평가,,,,,false,,,,화면마다 뜻이 다른 범용 키,m-mdm/pages/dme/ruleSetEdit/debugger/TraceDetail.tsx:75
GENERIC,EXPECT,EXPECT,m-mdm,grid,기대,,,,,false,,,,화면마다 뜻이 다른 범용 키,m-mdm/pages/dma/domainMng/components/DomainCheckList.tsx:20 m-mdm/pages/dma/domainMng/components/DomainTestCaseGrid.tsx:41
GENERIC,EXPECTED,expected,m-mdm,grid,기대,,,,,false,,,,화면마다 뜻이 다른 범용 키,m-mdm/pages/dme/ruleSetEdit/debugger/TestCasePanel.tsx:79
GENERIC,EXPR,expr,m-mdm,grid,식 / 결과 식,,,,,false,,,,화면마다 뜻이 다른 범용 키,m-mdm/pages/dme/ruleEdit/decision-table/columns.ts:96 m-mdm/pages/dme/ruleEdit/decision-table/columns.ts:112 m-mdm/pages/dme/ruleEdit/sections/columns/column-grid.tsx:388
GENERIC,FIELD,"field,FIELD","m-mcm,m-mdm",grid,필드,,,,,false,,,,화면마다 뜻이 다른 범용 키,m-mcm/widget-types/query-chart/editor.tsx:27 m-mcm/widget-types/query-table/editor.tsx:38 m-mdm/pages/dma/domainMng/components/DomainCheckList.tsx:13
GENERIC,FIRST_FALSE,firstFalse,m-mdm,grid,처음 거짓 열,,,,,false,,,,화면마다 뜻이 다른 범용 키,m-mdm/pages/dme/ruleSetEdit/debugger/TraceDetail.tsx:77
GENERIC,FORMAT,format,m-mcm,grid,형식,,,,,false,,,,화면마다 뜻이 다른 범용 키,m-mcm/widget-types/query-table/editor.tsx:58
GENERIC,HEADER,header,m-mcm,grid,머리글,,,,,false,,,,화면마다 뜻이 다른 범용 키,m-mcm/widget-types/query-table/editor.tsx:44
GENERIC,HIT,hit,m-mdm,grid,적중,,,,,false,,,,사전 hit(HIT)이지만 화면마다 뜻이 다른 범용 키,m-mdm/pages/dme/ruleSetEdit/debugger/TraceDetail.tsx:76
GENERIC,ID,ID,m-mcm,th,ID,,,,,false,,,,사전 hit(ID)이지만 화면마다 뜻이 다른 범용 키,m-mcm/page-components/csa/commObjMng/page.tsx:713 m-mcm/page-components/csa/commRoleMng/page.tsx:1022
GENERIC,IMPACT,IMPACT,m-mdm,grid,영향,,,,,false,,,,화면마다 뜻이 다른 범용 키,m-mdm/pages/dmb/layoutMng/components/ImpactPanel.tsx:23
GENERIC,ISSUES,"ISSUES,issues",m-mdm,grid,문제 / 상세 / 오류,,,,,false,,,,화면마다 뜻이 다른 범용 키,m-mdm/pages/dmb/layoutConfirm/page.tsx:60 m-mdm/pages/dmc/codeConfirm/page.tsx:86 m-mdm/pages/dmd/dataCsvUploadPop/dataCsvUploadPop.tsx:42
GENERIC,ITEM,"ITEM,item",m-mdm,grid,항목 / 검사,,,,,false,,,,사전 hit(ITEM)이지만 화면마다 뜻이 다른 범용 키,m-mdm/pages/dmb/layoutMng/components/ConstEditModal.tsx:25 m-mdm/pages/dmb/layoutMng/components/ImpactPanel.tsx:21 m-mdm/pages/dmc/codeConfirm/page.tsx:62 외 2
GENERIC,KEY,key,"m-mcm,m-mdm",grid,키 / 노드·선,,,,,false,,,,사전 hit(KEY)이지만 화면마다 뜻이 다른 범용 키,m-mcm/page-components/csa/mdmCacheMng/page.tsx:109 m-mdm/pages/dmc/codeConfirm/page.tsx:97 m-mdm/pages/dme/ruleSetConfirm/page.tsx:107 외 1
GENERIC,KEYWORD,keyword,"m-mcm,m-mdm",search,검색 / 검색어,,,,,false,,,,화면마다 뜻이 다른 범용 키,m-mcm/page-components/csa/commWidgetMng/WidgetListTab.tsx:395 m-mdm/pages/dma/domainMng/page.tsx:294 m-mdm/pages/dma/termMng/page.tsx:204
GENERIC,KIND,kind,"m-mcm,m-mdm","grid,search",구분 / 변경,,,,,false,,,,사전 hit(KND@MES)이지만 화면마다 뜻이 다른 범용 키,m-mcm/page-components/csa/commWidgetMng/WidgetListTab.tsx:55 m-mcm/page-components/csa/commWidgetMng/WidgetListTab.tsx:402 m-mcm/page-components/csa/mdmCacheMng/page.tsx:111 외 2
GENERIC,LABEL,"label,LABEL","m-mcm,m-mdm",grid,배치 / 통화 / 이름(범례),,,,,false,,,,화면마다 뜻이 다른 범용 키,m-mcm/page-components/csa/commWidgetMng/LayoutTab.tsx:74 m-mcm/widget-types/exchange/renderer.tsx:32 m-mcm/widget-types/query-chart/editor.tsx:33 외 3
GENERIC,LABELS,labels,m-mdm,grid,표시명(긴/중간/짧은),,,,,false,,,,화면마다 뜻이 다른 범용 키,m-mdm/pages/dma/columnMng/page.tsx:71
GENERIC,LEFT,left,m-mdm,grid,하한 / 값,,,,,false,,,,화면마다 뜻이 다른 범용 키,m-mdm/pages/dme/ruleEdit/decision-table/columns.ts:101 m-mdm/pages/dme/ruleEdit/decision-table/columns.ts:107 m-mdm/pages/dme/ruleEdit/decision-table/columns.ts:117
GENERIC,LENGTH,LENGTH,m-mdm,grid,타입·길이 / 길이,,,,,false,,,,사전 hit(LENGTH)이지만 화면마다 뜻이 다른 범용 키,m-mdm/src/layout/ColumnPickModal.tsx:20 m-mdm/src/layout/item-rows.ts:21 m-mdm/src/layout/snapshot-export.ts:63
GENERIC,LEVEL,LEVEL,m-mdm,grid,수준,,,,,false,,,,화면마다 뜻이 다른 범용 키,m-mdm/pages/dma/domainMng/components/DomainCheckList.tsx:12
GENERIC,LINE_NO,lineNo,m-mdm,grid,줄,,,,,false,,,,지금 hit(LINE_NO '라인 번호')은 뜻이 다르다 — CSV 줄 번호라 meta=false,m-mdm/pages/dmd/dataCsvUploadPop/dataCsvUploadPop.tsx:38
GENERIC,MARK,mark,m-mdm,grid,상태 / 마지막 결과,,,,,false,,,,화면마다 뜻이 다른 범용 키,m-mdm/pages/dmc/codeItemEdit/cate/CategoryTab.tsx:166 m-mdm/pages/dme/ruleSetEdit/debugger/TestCasePanel.tsx:65
GENERIC,MEMO,MEMO,m-mdm,grid,메모,,,,,false,,,,화면마다 뜻이 다른 범용 키,m-mdm/pages/dma/domainMng/components/DomainTestCaseGrid.tsx:43
GENERIC,MESSAGE,MESSAGE,m-mdm,grid,메시지,,,,,false,,,,화면마다 뜻이 다른 범용 키,m-mdm/pages/dma/domainMng/components/DomainCheckList.tsx:14 m-mdm/pages/dmb/layoutMng/components/LayoutCheckPanel.tsx:29
GENERIC,MODE,mode,m-mdm,grid,전환,,,,,false,,,,화면마다 뜻이 다른 범용 키,m-mdm/pages/dmb/layoutMng/components/VersionPanel.tsx:40
GENERIC,MODULE,module,m-mcm,grid,모듈,,,,,false,,,,화면마다 뜻이 다른 범용 키,m-mcm/page-components/csa/mdmCacheMng/page.tsx:71
GENERIC,NA,na,m-mdm,grid,무관,,,,,false,,,,화면마다 뜻이 다른 범용 키,m-mdm/pages/dme/ruleEdit/decision-table/columns.ts:106 m-mdm/pages/dme/ruleEdit/decision-table/columns.ts:111
GENERIC,NAME,"NAME,name",m-mdm,grid,항목 / 이름 / 변수,,,,,false,,,,사전 hit(NM@MES)이지만 화면마다 뜻이 다른 범용 키,m-mdm/pages/dmb/layoutMng/components/SampleMessagePanel.tsx:21 m-mdm/pages/dmc/codeItemEdit/cate/CategoryTab.tsx:165 m-mdm/pages/dmc/codeItemEdit/cate/components/PreviewPanel.tsx:21 외 11
GENERIC,NO,"no,NO","m-mcm,m-mdm",grid,순번 / NO / #,,,,,false,,,,사전 hit(NO)이지만 화면마다 뜻이 다른 범용 키,m-mcm/page-components/cmb/masterRuleFrame/constants.ts:36 m-mcm/page-components/cmz/masterRuleFrameColListPopup/constants.ts:29 m-mcm/page-components/cmz/masterRuleListPop/constants.ts:17 외 2
GENERIC,NOTE,note,m-mdm,grid,note / 설명 / 행 설명,,,,,false,,,,화면마다 뜻이 다른 범용 키,m-mdm/pages/dma/columnMng/ColumnDetailForm.tsx:305 m-mdm/pages/dme/ruleEdit/cards/ValueTestCard.tsx:90 m-mdm/pages/dme/ruleEdit/decision-table/columns.ts:509
GENERIC,OP,op,m-mdm,grid,OP,,,,,false,,,,화면마다 뜻이 다른 범용 키,m-mdm/pages/dme/ruleEdit/decision-table/columns.ts:100 m-mdm/pages/dme/ruleEdit/decision-table/columns.ts:116
GENERIC,OPEN,open,m-mdm,grid,상태 / 열림,,,,,false,,,,화면마다 뜻이 다른 범용 키,m-mdm/pages/dmd/dataItemMng/columns.tsx:44 m-mdm/pages/dmd/dataMng/DataDetail.tsx:27
GENERIC,ORDER,order,m-mdm,grid,순서,,,,,false,,,,화면마다 뜻이 다른 범용 키,m-mdm/pages/dme/ruleEdit/sections/columns/column-grid.tsx:348
GENERIC,PARAM,PARAM,m-mcm,"grid,th",PARAM / 파라메터,,,,,false,,,,TB_MCM_SEC_OBJ.PARAM — 한 단어 범용 키(사전 PARAMETER 가 있으나 화면마다 뜻이 다를 수 있음),m-mcm/page-components/csa/commMenuMng/page.tsx:326 m-mcm/page-components/csa/commObjMng/page.tsx:162 m-mcm/page-components/csa/commObjMng/page.tsx:808
GENERIC,PATH,path,m-mdm,grid,경로,,,,,false,,,,화면마다 뜻이 다른 범용 키,m-mdm/pages/dmc/codeItemEdit/components/PreviewPanel.tsx:54
GENERIC,PIN,pin,m-mdm,grid,,,,,,false,,,,화면마다 뜻이 다른 범용 키,m-mdm/pages/dme/ruleSetEdit/debugger/VariablePanel.tsx:91
GENERIC,POSITION,POSITION,m-mdm,grid,위치,,,,,false,,,,화면마다 뜻이 다른 범용 키,m-mdm/pages/dmb/layoutMng/components/HeaderStackGrid.tsx:57 m-mdm/pages/dmb/layoutMng/components/SampleMessagePanel.tsx:19 m-mdm/src/layout/item-rows.ts:22 외 1
GENERIC,Q,q,m-mcm,search,키,,,,,false,,,,화면마다 뜻이 다른 범용 키,m-mcm/page-components/csa/mdmCacheMng/page.tsx:452
GENERIC,RANGE,range,m-mdm,grid,적용 구간,,,,,false,,,,화면마다 뜻이 다른 범용 키,m-mdm/pages/dme/ruleMng/RuleDetailPanel.tsx:92
GENERIC,RESULT,"RESULT,result",m-mdm,grid,결과 / 실행 결과 / 결과(${resultLabel}),,,,,false,,,,사전 hit(RST@MES)이지만 화면마다 뜻이 다른 범용 키,m-mdm/pages/dma/domainMng/components/DomainCheckList.tsx:21 m-mdm/pages/dmb/layoutMng/components/LayoutCheckPanel.tsx:22 m-mdm/pages/dme/ruleEdit/cards/BoundaryCaseModal.tsx:123 외 1
GENERIC,RIGHT,right,m-mdm,grid,상한,,,,,false,,,,화면마다 뜻이 다른 범용 키,m-mdm/pages/dme/ruleEdit/decision-table/columns.ts:102
GENERIC,ROW,row,m-mdm,grid,행,,,,,false,,,,화면마다 뜻이 다른 범용 키,m-mdm/pages/dme/ruleSetEdit/debugger/TraceDetail.tsx:74
GENERIC,SAME,same,m-mdm,grid,같음/다름,,,,,false,,,,화면마다 뜻이 다른 범용 키,m-mdm/pages/dme/ruleSetEdit/debugger/RunCompare.tsx:27
GENERIC,SENT,sent,m-mdm,grid,키 보냄,,,,,false,,,,화면마다 뜻이 다른 범용 키,m-mdm/pages/dme/ruleEdit/cards/ValueTestCard.tsx:70
GENERIC,SEQ,"SEQ,seq","m-mcm,m-mdm",grid,순번 / 순서,,,,,false,,,,사전 hit(SEQUENCE_NO@MES)이지만 화면마다 뜻이 다른 범용 키,m-mcm/page-components/cmb/masterRuleData/page.tsx:87 m-mcm/page-components/cmb/masterRuleDataList/page.tsx:110 m-mdm/pages/dma/columnMng/page.tsx:427 외 5
GENERIC,SERVICE,SERVICE,m-mcm,"grid,th",SERVICE,,,,,false,,,,TB_MCM_SEC_OBJ.SERVICE — 한 단어 범용 키,m-mcm/page-components/csa/commMenuMng/page.tsx:325 m-mcm/page-components/csa/commObjMng/page.tsx:141 m-mcm/page-components/csa/commObjMng/page.tsx:753 외 1
GENERIC,SETTING,SETTING,m-mdm,grid,설정,,,,,false,,,,화면마다 뜻이 다른 범용 키,m-mdm/pages/dmb/layoutMng/components/BodyItemGrid.tsx:19
GENERIC,SORT,sort,m-mcm,search,정렬,,,,,false,,,,화면마다 뜻이 다른 범용 키,m-mcm/page-components/csa/mdmCacheMng/page.tsx:453
GENERIC,SOURCE,source,m-mdm,grid,출처,,,,,false,,,,화면마다 뜻이 다른 범용 키,m-mdm/pages/dme/ruleSetEdit/cards/SetIoTables.tsx:71
GENERIC,SPARK,spark,m-mcm,grid,추이,,,,,false,,,,화면마다 뜻이 다른 범용 키,m-mcm/widget-types/exchange/renderer.tsx:49
GENERIC,STATE,"state,STATE","m-mcm,m-mdm",grid,상태,,,,,false,,,,화면마다 뜻이 다른 범용 키,m-mcm/page-components/csa/mdmCacheMng/page.tsx:73 m-mdm/pages/dmb/headerMng/components/HeaderUsagePanel.tsx:20 m-mdm/pages/dmb/layoutConfirm/page.tsx:57 외 1
GENERIC,STATUS,"STATUS,status","m-mcm,m-mdm","grid,search",상태 / 결과,,,,,false,,,,사전 hit(STS@MES)이지만 화면마다 뜻이 다른 범용 키,m-mcm/page-components/cma/masterCodeMng/page.tsx:199 m-mdm/pages/dmb/layoutMng/components/VersionPanel.tsx:26 m-mdm/pages/dmc/codeConfirm/page.tsx:73 외 11
GENERIC,SURFACE,surface,m-mdm,grid,토큰,,,,,false,,,,화면마다 뜻이 다른 범용 키,m-mdm/pages/dma/columnMng/page.tsx:433
GENERIC,TABLE,table,m-mdm,grid,테이블,,,,,false,,,,화면마다 뜻이 다른 범용 키,m-mdm/pages/dmc/codeConfirm/page.tsx:96
GENERIC,TARGET,TARGET,m-mdm,grid,영향도 대상,,,,,false,,,,화면마다 뜻이 다른 범용 키,m-mdm/pages/dma/domainMng/components/DomainImpactPanel.tsx:11
GENERIC,TEXT,TEXT,m-mdm,grid,값,,,,,false,,,,화면마다 뜻이 다른 범용 키,m-mdm/pages/dmb/layoutMng/components/SampleMessagePanel.tsx:23
GENERIC,TOTAL,total,m-mcm,grid,항목 수,,,,,false,,,,화면마다 뜻이 다른 범용 키,m-mcm/page-components/csa/mdmCacheMng/page.tsx:84
GENERIC,TYPE,type,"m-mcm,m-mdm","grid,search",대상 / 대상 종류 / 타입,,,,,false,,,,화면마다 뜻이 다른 범용 키,m-mcm/page-components/csa/mdmCacheMng/page.tsx:108 m-mcm/page-components/csa/mdmCacheMng/page.tsx:451 m-mdm/pages/dme/ruleSetEdit/cards/SetIoTables.tsx:69 외 1
GENERIC,USE,use,m-mdm,grid,선택,,,,,false,,,,화면마다 뜻이 다른 범용 키,m-mdm/pages/dma/termRegPop/termRegPop.tsx:176
GENERIC,USERS,users,m-mdm,grid,읽는 룰,,,,,false,,,,화면마다 뜻이 다른 범용 키,m-mdm/pages/dme/ruleSetEdit/cards/SetIoTables.tsx:77
GENERIC,VAL,val,m-mdm,grid,값,,,,,false,,,,화면마다 뜻이 다른 범용 키,m-mdm/pages/dme/ruleEdit/decision-table/columns.ts:96
GENERIC,VALUE,"VALUE,value",m-mdm,grid,입력 / 이 전문의 값 / 값,,,,,false,,,,화면마다 뜻이 다른 범용 키,m-mdm/pages/dma/domainMng/components/DomainCheckList.tsx:19 m-mdm/pages/dma/domainMng/components/DomainTestCaseGrid.tsx:40 m-mdm/pages/dmb/layoutMng/components/ConstEditModal.tsx:31 외 3
GENERIC,VARS,VARS,m-mdm,grid,변수(JSON),,,,,false,,,,화면마다 뜻이 다른 범용 키,m-mdm/pages/dma/domainMng/components/DomainTestCaseGrid.tsx:42
GENERIC,VER,"VER,ver",m-mdm,grid,버전,,,,,false,,,,사전 hit(VER)이지만 화면마다 뜻이 다른 범용 키,m-mdm/pages/dmb/headerMng/components/HeaderUsagePanel.tsx:19 m-mdm/pages/dmb/layoutMng/components/ImpactPanel.tsx:18 m-mdm/pages/dmb/layoutMng/components/VersionPanel.tsx:24 외 4
GENERIC,WIDTH,width,m-mcm,grid,폭,,,,,false,,,,화면마다 뜻이 다른 범용 키,m-mcm/widget-types/query-table/editor.tsx:45
GENERIC,ZONE,ZONE,m-mdm,grid,구역,,,,,false,,,,화면마다 뜻이 다른 범용 키,m-mdm/pages/dmb/layoutMng/components/SampleMessagePanel.tsx:20 m-mdm/src/layout/snapshot-export.ts:56
GENERIC,CHECK_TEXT,checkText,m-mdm,grid,세트 검사,CHECK,,,,false,,,,표시용 파생 키(원 컬럼 CHECK),m-mdm/pages/dme/ruleSetMng/columns.tsx:53
GENERIC,DETAIL_TEXT,detailText,m-mdm,grid,상세,DETAIL,,,,false,,,,표시용 파생 키(원 컬럼 DETAIL),m-mdm/pages/dme/ruleConfirm/page.tsx:103 m-mdm/pages/dme/ruleSetConfirm/page.tsx:96
GENERIC,KIND_LABEL,kindLabel,m-mdm,grid,변경,KIND,,,,false,,,,표시용 파생 키(원 컬럼 KIND),m-mdm/pages/dme/ruleConfirm/page.tsx:115 m-mdm/pages/dme/ruleSetConfirm/page.tsx:108
GENERIC,KIND_TEXT,kindText,m-mdm,grid,종류,KIND,,,,false,,,,표시용 파생 키(원 컬럼 KIND),m-mdm/pages/dmb/layoutConfirm/page.tsx:48
GENERIC,LENGTH_TEXT,lengthText,m-mdm,grid,총 길이(전 → 후),LENGTH,,,,false,,,,표시용 파생 키(원 컬럼 LENGTH),m-mdm/pages/dmb/layoutConfirm/page.tsx:59
GENERIC,RESULT_TEXT,RESULT_TEXT,m-mdm,grid,결과,RESULT,,,,false,,,,표시용 파생 키(원 컬럼 RESULT),m-mdm/pages/dma/domainMng/components/DomainTestCaseGrid.tsx:45
GENERIC,SEQ_TEXT,seqText,m-mdm,grid,순서,SEQ,,,,false,,,,표시용 파생 키(원 컬럼 SEQ),m-mdm/pages/dme/ruleConfirm/page.tsx:116
GENERIC,TYPE_BADGE,typeBadge,m-mdm,grid,타입,TYPE,,,,false,,,,표시용 파생 키(원 컬럼 TYPE),m-mdm/pages/dme/ruleEdit/cards/ValueTestCard.tsx:61
GENERIC,TYPE_TITLE,typeTitle,m-mcm,grid,유형,TYPE,,,,false,,,,표시용 파생 키(원 컬럼 TYPE),m-mcm/page-components/csa/commWidgetMng/WidgetListTab.tsx:68
GENERIC,VER_LABEL,verLabel,m-mdm,grid,버전,VER,,,,false,,,,표시용 파생 키(원 컬럼 VER),m-mdm/pages/dmc/codeConfirm/page.tsx:54 m-mdm/pages/dmc/codeMng/CodeDetail.tsx:40
GENERIC,VER_TEXT,verText,m-mdm,grid,버전,VER,,,,false,,,,표시용 파생 키(원 컬럼 VER),m-mdm/pages/dmb/layoutConfirm/page.tsx:49 m-mdm/pages/dmb/layoutConfirm/page.tsx:56
UI,__ACTION,__action,m-mdm,grid,동작,,,,,,,,,밑줄로 시작하는 화면 내부 키,m-mdm/pages/dmc/codeItemEdit/cate/CategoryTab.tsx:129 m-mdm/pages/dmc/codeItemEdit/page.tsx:401 m-mdm/pages/dmd/dataItemMng/cate/CategoryTab.tsx:102
UI,__CHANGE,__change,m-mdm,grid,변경,,,,,,,,,밑줄로 시작하는 화면 내부 키,m-mdm/pages/dmc/codeItemEdit/page.tsx:380
UI,__DRAG,__drag,m-mdm,grid,,,,,,,,,,밑줄로 시작하는 화면 내부 키,m-mdm/pages/dmc/codeItemEdit/page.tsx:370
UI,__NO,__no,m-mcm,grid,NO,,,,,,,,,밑줄로 시작하는 화면 내부 키,m-mcm/page-components/cmz/masterCodeSelPop/masterCodeSelPop.tsx:60
UI,_BIZ,_BIZ,m-mdm,grid,비즈니스식(요구 변수),,,,,,,,,밑줄로 시작하는 화면 내부 키,m-mdm/pages/dma/domainMng/components/DomainTreeGrid.tsx:31
UI,_NAME,_NAME,m-mdm,grid,도메인명,,,,,,,,,밑줄로 시작하는 화면 내부 키,m-mdm/pages/dma/domainMng/components/DomainTreeGrid.tsx:18
UI,_STD,_STD,m-mdm,grid,자신의 표준식,,,,,,,,,밑줄로 시작하는 화면 내부 키,m-mdm/pages/dma/domainMng/components/DomainTreeGrid.tsx:29
UI,_TYPE,_TYPE,m-mdm,grid,타입,,,,,,,,,밑줄로 시작하는 화면 내부 키,m-mdm/pages/dma/domainMng/components/DomainTreeGrid.tsx:27
UI,_UNIT,_UNIT,m-mdm,grid,단위,,,,,,,,,밑줄로 시작하는 화면 내부 키,m-mdm/pages/dma/domainMng/components/DomainTreeGrid.tsx:28
UI,ABBR_TEXT,ABBR_TEXT,m-mdm,grid,약어,,,,,,,,,실제 DB 컬럼 없음 — 화면이 계산하거나 서버 응답에만 있는 값,m-mdm/pages/dma/columnMng/page.tsx:435
UI,ACTIONS,"ACTIONS,actions",m-mdm,grid,작업,,,,,,,,,실제 DB 컬럼 없음 — 화면이 계산하거나 서버 응답에만 있는 값,m-mdm/pages/dmb/layoutMng/components/HeaderStackGrid.tsx:59 m-mdm/pages/dmd/dataItemMng/columns.tsx:57
UI,ALIGN,align,m-mcm,grid,정렬,,,,,,,,,실제 DB 컬럼 없음 — 화면이 계산하거나 서버 응답에만 있는 값,m-mcm/widget-types/query-table/editor.tsx:47
UI,APPLIED_SEQ,appliedSeq,m-mcm,grid,적용 순번,,,,,,,,,실제 DB 컬럼 없음 — 화면이 계산하거나 서버 응답에만 있는 값,m-mcm/page-components/csa/mdmCacheMng/page.tsx:80
UI,BASE_UNIT_BADGE,baseUnitBadge,m-mdm,grid,기준 단위 여부,,,,,,,,,기준 단위 여부 배지(값의 뜻이 원 컬럼과 다름),m-mdm/pages/dma/unitMng/page.tsx:41
UI,BYTES,bytes,m-mcm,grid,추정 크기,,,,,,,,,실제 DB 컬럼 없음 — 화면이 계산하거나 서버 응답에만 있는 값,m-mcm/page-components/csa/mdmCacheMng/page.tsx:137
UI,CHANGED_TEXT,changedText,m-mdm,grid,바뀐 칸,,,,,,,,,실제 DB 컬럼 없음 — 화면이 계산하거나 서버 응답에만 있는 값,m-mdm/pages/dme/ruleConfirm/page.tsx:117
UI,CONSECUTIVE_FAILURES,consecutiveFailures,m-mcm,grid,연속 실패,,,,,,,,,실제 DB 컬럼 없음 — 화면이 계산하거나 서버 응답에만 있는 값,m-mcm/page-components/csa/mdmCacheMng/page.tsx:83
UI,CONTRACT_BADGE,contractBadge,m-mdm,grid,계약,,,,,,,,,실제 DB 컬럼 없음 — 화면이 계산하거나 서버 응답에만 있는 값,m-mdm/pages/dme/ruleEdit/cards/ValueTestCard.tsx:63
UI,CURRENT_VER,CURRENT_VER,m-mdm,grid,현재 버전,,,,,,,,,실제 DB 컬럼 없음 — 화면이 계산하거나 서버 응답에만 있는 값,m-mdm/pages/dmb/layoutMng/components/LayoutList.tsx:17
UI,CURRENT_VER_LABEL,currentVerLabel,m-mdm,grid,현재,,,,,,,,,현재 버전 표시 글자,m-mdm/pages/dmc/codeMng/page.tsx:419
UI,DEFAULT_SIZE,defaultSize,m-mcm,grid,기본 크기,,,,,,,,,실제 DB 컬럼 없음 — 화면이 계산하거나 서버 응답에만 있는 값,m-mcm/page-components/csa/commWidgetMng/WidgetListTab.tsx:88
UI,DEPENDED_BY,dependedBy,m-mdm,grid,역의존 룰,,,,,,,,,실제 DB 컬럼 없음 — 화면이 계산하거나 서버 응답에만 있는 값,m-mdm/pages/dme/ruleEdit/cards/RuleUsageCard.tsx:37
UI,DEPENDS_ON,dependsOn,m-mdm,grid,의존 룰,,,,,,,,,실제 DB 컬럼 없음 — 화면이 계산하거나 서버 응답에만 있는 값,m-mdm/pages/dme/ruleEdit/cards/RuleUsageCard.tsx:36
UI,DERIVED,DERIVED,m-mdm,grid,도메인(파생),,,,,,,,,실제 DB 컬럼 없음 — 화면이 계산하거나 서버 응답에만 있는 값,m-mdm/pages/dmb/layoutMng/components/BodyItemGrid.tsx:18
UI,DIFF_TEXT,diffText,m-mcm,grid,전일 대비,,,,,,,,,실제 DB 컬럼 없음 — 화면이 계산하거나 서버 응답에만 있는 값,m-mcm/widget-types/exchange/renderer.tsx:41
UI,DRAFT_VER,DRAFT_VER,m-mdm,grid,DRAFT,,,,,,,,,실제 DB 컬럼 없음 — 화면이 계산하거나 서버 응답에만 있는 값,m-mdm/pages/dmb/layoutMng/components/LayoutList.tsx:18
UI,EDT_TARGET,edtTarget,m-mcm,search,처리대상,,,,,,,,,실제 DB 컬럼 없음 — 화면이 계산하거나 서버 응답에만 있는 값,m-mcm/page-components/csa/commSyncMng/page.tsx:265
UI,EFF_STD_EXPR,EFF_STD_EXPR,m-mdm,grid,유효 식(조립),,,,,,,,,실제 DB 컬럼 없음 — 화면이 계산하거나 서버 응답에만 있는 값,m-mdm/pages/dma/domainMng/components/DomainTreeGrid.tsx:30
UI,EVALUATED_AT,EVALUATED_AT,m-mdm,grid,평가 시각,,,,,,,,,실제 DB 컬럼 없음 — 화면이 계산하거나 서버 응답에만 있는 값,m-mdm/pages/dmb/layoutConfirm/page.tsx:58
UI,EVENT_LABEL,eventLabel,m-mdm,grid,사건,,,,,,,,,실제 DB 컬럼 없음 — 화면이 계산하거나 서버 응답에만 있는 값,m-mdm/pages/dmd/dataItemMng/history/DataHistoryTimeline.tsx:91
UI,EXPR_INFO,exprInfo,m-mdm,grid,식 결과,,,,,,,,,실제 DB 컬럼 없음 — 화면이 계산하거나 서버 응답에만 있는 값,m-mdm/pages/dme/ruleEdit/sections/columns/column-grid.tsx:523
UI,FINAL_RESULTS,finalResults,m-mdm,grid,최종 결과 변수,,,,,,,,,실제 DB 컬럼 없음 — 화면이 계산하거나 서버 응답에만 있는 값,m-mdm/pages/dme/ruleSetMng/columns.tsx:37
UI,FROM1,from1,m-mcm,grid,FROM (서버),,,,,,,,,실제 DB 컬럼 없음 — 화면이 계산하거나 서버 응답에만 있는 값,m-mcm/page-components/csa/commSyncMng/page.tsx:77
UI,FROM2,from2,m-mcm,grid,FROM (구분),,,,,,,,,실제 DB 컬럼 없음 — 화면이 계산하거나 서버 응답에만 있는 값,m-mcm/page-components/csa/commSyncMng/page.tsx:78
UI,FROM3,from3,m-mcm,grid,FROM (인스턴스),,,,,,,,,실제 DB 컬럼 없음 — 화면이 계산하거나 서버 응답에만 있는 값,m-mcm/page-components/csa/commSyncMng/page.tsx:79
UI,FROM4,from4,m-mcm,grid,FROM (스키마),,,,,,,,,실제 DB 컬럼 없음 — 화면이 계산하거나 서버 응답에만 있는 값,m-mcm/page-components/csa/commSyncMng/page.tsx:80
UI,GRP_RESULT,grp_result,m-mdm,grid,결과,,,,,,,,,실제 DB 컬럼 없음 — 화면이 계산하거나 서버 응답에만 있는 값,m-mdm/pages/dme/ruleEdit/decision-table/columns.ts:506
UI,HEADER_NAME,HEADER_NAME,m-mdm,grid,헤더,,,,,,,,,실제 DB 컬럼 없음 — 화면이 계산하거나 서버 응답에만 있는 값,m-mdm/pages/dmb/layoutMng/components/HeaderStackGrid.tsx:51
UI,HEADER_STATE,HEADER_STATE,m-mdm,grid,상태,,,,,,,,,실제 DB 컬럼 없음 — 화면이 계산하거나 서버 응답에만 있는 값,m-mdm/pages/dmb/headerMng/components/HeaderList.tsx:19 m-mdm/pages/dmb/layoutMng/components/HeaderStackGrid.tsx:54
UI,HEADER_SUMMARY,HEADER_SUMMARY,m-mdm,grid,헤더 구성,,,,,,,,,실제 DB 컬럼 없음 — 화면이 계산하거나 서버 응답에만 있는 값,m-mdm/pages/dmb/layoutMng/components/LayoutList.tsx:15
UI,HEADER_VER,HEADER_VER,m-mdm,grid,버전,,,,,,,,,실제 DB 컬럼 없음 — 화면이 계산하거나 서버 응답에만 있는 값,m-mdm/pages/dmb/headerMng/components/HeaderList.tsx:18 m-mdm/pages/dmb/layoutMng/components/HeaderStackGrid.tsx:53
UI,HEAP_USED,heapUsed,m-mcm,grid,힙 사용/최대,,,,,,,,,실제 DB 컬럼 없음 — 화면이 계산하거나 서버 응답에만 있는 값,m-mcm/page-components/csa/mdmCacheMng/page.tsx:96
UI,HIT_MARK,hitMark,m-mdm,grid,해당,,,,,,,,,실제 DB 컬럼 없음 — 화면이 계산하거나 서버 응답에만 있는 값,m-mdm/pages/dmc/codeItemEdit/cate/components/PreviewPanel.tsx:23 m-mdm/pages/dmc/codeItemEdit/components/PreviewPanel.tsx:55
UI,HITS,hits,m-mcm,grid,조회 수,,,,,,,,,실제 DB 컬럼 없음 — 화면이 계산하거나 서버 응답에만 있는 값,m-mcm/page-components/csa/mdmCacheMng/page.tsx:127
UI,INPUT_COUNT,inputCount,m-mdm,grid,입력 변수 수,,,,,,,,,실제 DB 컬럼 없음 — 화면이 계산하거나 서버 응답에만 있는 값,m-mdm/pages/dme/ruleSetMng/columns.tsx:51
UI,INSTANCE_ID,instanceId,m-mcm,grid,인스턴스,,,,,,,,,실제 DB 컬럼 없음 — 화면이 계산하거나 서버 응답에만 있는 값,m-mcm/page-components/csa/mdmCacheMng/page.tsx:79
UI,ITEM_COUNT,ITEM_COUNT,m-mdm,grid,항목 / 본문 항목,,,,,,,,,실제 DB 컬럼 없음 — 화면이 계산하거나 서버 응답에만 있는 값,m-mdm/pages/dmb/headerMng/components/HeaderList.tsx:16 m-mdm/pages/dmb/layoutMng/components/LayoutList.tsx:16
UI,ITEM_NAME,ITEM_NAME,m-mdm,grid,항목명,,,,,,,,,실제 DB 컬럼 없음 — 화면이 계산하거나 서버 응답에만 있는 값,m-mdm/src/layout/item-rows.ts:16
UI,LAST_ACCESS_AT,lastAccessAt,m-mcm,"grid,th",마지막 조회 / 조회,,,,,,,,,실제 DB 컬럼 없음 — 화면이 계산하거나 서버 응답에만 있는 값,m-mcm/page-components/csa/mdmCacheMng/page.tsx:126 m-mcm/page-components/csa/mdmCacheMng/page.tsx:527
UI,LAST_SUCCESS_AT,lastSuccessAt,m-mcm,grid,마지막 확인,,,,,,,,,실제 DB 컬럼 없음 — 화면이 계산하거나 서버 응답에만 있는 값,m-mcm/page-components/csa/mdmCacheMng/page.tsx:82
UI,LAST_USED_DT,lastUsedDt,m-mcm,grid,마지막 이용일,,,,,,,,,실제 DB 컬럼 없음 — 화면이 계산하거나 서버 응답에만 있는 값,m-mcm/page-components/csa/screenUsageStat/tabs/unused-tab.ts:16
UI,LATEST_SEQ,latestSeq,m-mcm,grid,MDM 순번,,,,,,,,,실제 DB 컬럼 없음 — 화면이 계산하거나 서버 응답에만 있는 값,m-mcm/page-components/csa/mdmCacheMng/page.tsx:81
UI,LENGTH_OFFSET,lengthOffset,m-mdm,grid,총 길이·기존 오프셋,,,,,,,,,실제 DB 컬럼 없음 — 화면이 계산하거나 서버 응답에만 있는 값,m-mdm/pages/dmb/layoutMng/components/VersionPanel.tsx:39
UI,LOADED_AT,loadedAt,m-mcm,"grid,th",적재 시각 / 적재,,,,,,,,,실제 DB 컬럼 없음 — 화면이 계산하거나 서버 응답에만 있는 값,m-mcm/page-components/csa/mdmCacheMng/page.tsx:125 m-mcm/page-components/csa/mdmCacheMng/page.tsx:521
UI,MATCH_COUNT,matchCount,m-mdm,grid,해당 / 매칭 건수,,,,,,,,,실제 DB 컬럼 없음 — 화면이 계산하거나 서버 응답에만 있는 값,m-mdm/pages/dmc/codeItemEdit/cate/CategoryTab.tsx:125 m-mdm/pages/dmd/dataItemMng/cate/CategoryTab.tsx:100 m-mdm/pages/dmd/dataMng/DataDetail.tsx:28
UI,MATCH_TEXT,MATCH_TEXT,m-mdm,grid,매칭,,,,,,,,,실제 DB 컬럼 없음 — 화면이 계산하거나 서버 응답에만 있는 값,m-mdm/pages/dma/columnMng/page.tsx:434
UI,MEMBER_KEY,memberKey,m-mdm,grid,항목 키,,,,,,,,,실제 DB 컬럼 없음 — 화면이 계산하거나 서버 응답에만 있는 값,m-mdm/pages/dmd/dataItemMng/history/DataHistoryTimeline.tsx:161
UI,MENU_PATH,menuPath,m-mcm,grid,메뉴 경로,,,,,,,,,실제 DB 컬럼 없음 — 화면이 계산하거나 서버 응답에만 있는 값,m-mcm/page-components/csa/screenUsageStat/tabs/columns.ts:38 m-mcm/page-components/csa/screenUsageStat/tabs/unused-tab.ts:14
UI,NEW_CELLS,newCells,m-mdm,grid,이후 셀,,,,,,,,,실제 DB 컬럼 없음 — 화면이 계산하거나 서버 응답에만 있는 값,m-mdm/pages/dme/ruleConfirm/page.tsx:119
UI,NEW_VALUES,newValues,m-mdm,grid,이후,,,,,,,,,실제 DB 컬럼 없음 — 화면이 계산하거나 서버 응답에만 있는 값,m-mdm/pages/dmc/codeConfirm/page.tsx:107
UI,OLD_CELLS,oldCells,m-mdm,grid,이전 셀,,,,,,,,,실제 DB 컬럼 없음 — 화면이 계산하거나 서버 응답에만 있는 값,m-mdm/pages/dme/ruleConfirm/page.tsx:118
UI,OLD_VALUES,oldValues,m-mdm,grid,이전,,,,,,,,,실제 DB 컬럼 없음 — 화면이 계산하거나 서버 응답에만 있는 값,m-mdm/pages/dmc/codeConfirm/page.tsx:100
UI,OVERRIDDEN,"overridden,OVERRIDDEN","m-mcm,m-mdm",grid,덮어씀 / 재정의,,,,,,,,,실제 DB 컬럼 없음 — 화면이 계산하거나 서버 응답에만 있는 값,m-mcm/page-components/csa/commWidgetMng/WidgetListTab.tsx:91 m-mdm/pages/dmb/layoutMng/components/ConstEditModal.tsx:38
UI,OVERRIDES,OVERRIDES,m-mdm,grid,재정의한 상수,,,,,,,,,실제 DB 컬럼 없음 — 화면이 계산하거나 서버 응답에만 있는 값,m-mdm/pages/dmb/layoutMng/components/HeaderStackGrid.tsx:58
UI,OWNER_TEXT,ownerText,m-mdm,grid,소유자,,,,,,,,,실제 DB 컬럼 없음 — 화면이 계산하거나 서버 응답에만 있는 값,m-mdm/pages/dmb/layoutConfirm/page.tsx:50
UI,PENDING_TEXT,pendingText,m-mdm,grid,미적용 버전,,,,,,,,,실제 DB 컬럼 없음 — 화면이 계산하거나 서버 응답에만 있는 값,m-mdm/pages/dme/ruleMng/page.tsx:216
UI,RATE_TEXT,rateText,m-mcm,grid,환율(원),,,,,,,,,환율 위젯 표시 글자,m-mcm/widget-types/exchange/renderer.tsx:39
UI,READERS,readers,m-mdm,grid,읽는 룰,,,,,,,,,실제 DB 컬럼 없음 — 화면이 계산하거나 서버 응답에만 있는 값,m-mdm/pages/dme/ruleSetEdit/cards/SetIoTables.tsx:108
UI,REASON_LABEL,reasonLabel,m-mdm,grid,근거,,,,,,,,,실제 DB 컬럼 없음 — 화면이 계산하거나 서버 응답에만 있는 값,m-mdm/pages/dma/termRegPop/termRegPop.tsx:174
UI,REASON_TEXT,reasonText,m-mdm,grid,근거,,,,,,,,,실제 DB 컬럼 없음 — 화면이 계산하거나 서버 응답에만 있는 값,m-mdm/pages/dmc/codeItemEdit/components/PreviewPanel.tsx:56
UI,RELEASED_VER,releasedVer,m-mdm,grid,적용 버전,,,,,,,,,실제 DB 컬럼 없음 — 화면이 계산하거나 서버 응답에만 있는 값,m-mdm/pages/dme/ruleMng/page.tsx:208
UI,REMAINING_SECONDS,remainingSeconds,m-mcm,grid,남은 수명(초),,,,,,,,,실제 DB 컬럼 없음 — 화면이 계산하거나 서버 응답에만 있는 값,m-mcm/page-components/csa/mdmCacheMng/page.tsx:129
UI,ROW_STATUS,rowStatus,m-mcm,grid,상태,,,,,,,,,실제 DB 컬럼 없음 — 화면이 계산하거나 서버 응답에만 있는 값,m-mcm/page-components/cmb/masterRuleData/page.tsx:89
UI,RULE_COUNT,ruleCount,m-mdm,grid,룰 수,,,,,,,,,실제 DB 컬럼 없음 — 화면이 계산하거나 서버 응답에만 있는 값,m-mdm/pages/dme/ruleSetMng/columns.tsx:35
UI,SCORE_TEXT,scoreText,m-mdm,grid,유사도,,,,,,,,,실제 DB 컬럼 없음 — 화면이 계산하거나 서버 응답에만 있는 값,m-mdm/pages/dma/termMng/TermDetailPane.tsx:37
UI,SND_RCV,SND_RCV,m-mdm,grid,송수신 / 송신 → 수신,,,,,,,,,실제 DB 컬럼 없음 — 화면이 계산하거나 서버 응답에만 있는 값,m-mdm/pages/dmb/layoutConfirm/page.tsx:55 m-mdm/pages/dmb/layoutMng/components/ImpactPanel.tsx:22
UI,STAGE_TEXT,stageText,m-mdm,grid,구분,,,,,,,,,실제 DB 컬럼 없음 — 화면이 계산하거나 서버 응답에만 있는 값,m-mdm/pages/dma/termMng/TermDetailPane.tsx:33
UI,SYNC_TARGET,SyncTarget,m-mcm,search,처리유형,,,,,,,,,실제 DB 컬럼 없음 — 화면이 계산하거나 서버 응답에만 있는 값,m-mcm/page-components/csa/commSyncMng/page.tsx:255
UI,SYSTEM_FIELDS,systemFields,m-mdm,grid,시스템 필드,,,,,,,,,실제 DB 컬럼 없음 — 화면이 계산하거나 서버 응답에만 있는 값,m-mdm/pages/dma/columnMng/page.tsx:75
UI,TARGET_ROLES,TARGET_ROLES,m-mls,th,"대상 역할{isRoleScope ? "" *"" : """"}",,,,,,,,,실제 DB 컬럼 없음 — 화면이 계산하거나 서버 응답에만 있는 값,m-mls/pages/lsh/noticeMgmt/page.tsx:724
UI,TARGET_VALUE,targetValue,m-mdm,grid,대상 값,,,,,,,,,실제 DB 컬럼 없음 — 화면이 계산하거나 서버 응답에만 있는 값,m-mdm/pages/dmc/codeItemEdit/cate/components/PreviewPanel.tsx:22
UI,TERM_NAMES,termNames,m-mdm,grid,구성 용어,,,,,,,,,실제 DB 컬럼 없음 — 화면이 계산하거나 서버 응답에만 있는 값,m-mdm/pages/dma/columnMng/page.tsx:74
UI,TO1,to1,m-mcm,grid,TO (서버),,,,,,,,,실제 DB 컬럼 없음 — 화면이 계산하거나 서버 응답에만 있는 값,m-mcm/page-components/csa/commSyncMng/page.tsx:81
UI,TO2,to2,m-mcm,grid,TO (구분),,,,,,,,,실제 DB 컬럼 없음 — 화면이 계산하거나 서버 응답에만 있는 값,m-mcm/page-components/csa/commSyncMng/page.tsx:82
UI,TO3,to3,m-mcm,grid,TO (인스턴스),,,,,,,,,실제 DB 컬럼 없음 — 화면이 계산하거나 서버 응답에만 있는 값,m-mcm/page-components/csa/commSyncMng/page.tsx:83
UI,TO4,to4,m-mcm,grid,TO (스키마),,,,,,,,,실제 DB 컬럼 없음 — 화면이 계산하거나 서버 응답에만 있는 값,m-mcm/page-components/csa/commSyncMng/page.tsx:84
UI,TOP_MENU_NM,topMenuNm,m-mcm,grid,최다 이용 화면,,,,,,,,,실제 DB 컬럼 없음 — 화면이 계산하거나 서버 응답에만 있는 값,m-mcm/page-components/csa/screenUsageStat/tabs/dept-tab.ts:15
UI,TOTAL_BYTES,totalBytes,m-mcm,grid,캐시 추정 크기,,,,,,,,,실제 DB 컬럼 없음 — 화면이 계산하거나 서버 응답에만 있는 값,m-mcm/page-components/csa/mdmCacheMng/page.tsx:87
UI,UNAPPLIED_LABEL,unappliedLabel,m-mdm,grid,미적용,,,,,,,,,실제 DB 컬럼 없음 — 화면이 계산하거나 서버 응답에만 있는 값,m-mdm/pages/dmc/codeMng/page.tsx:421
UI,UNUSED_DAYS,unusedDays,m-mcm,search,미사용 기준(일),,,,,,,,,실제 DB 컬럼 없음 — 화면이 계산하거나 서버 응답에만 있는 값,m-mcm/page-components/csa/screenUsageStat/page.tsx:171
UI,USED_BY_COUNT,USED_BY_COUNT,m-mdm,grid,사용 전문,,,,,,,,,실제 DB 컬럼 없음 — 화면이 계산하거나 서버 응답에만 있는 값,m-mdm/pages/dmb/headerMng/components/HeaderList.tsx:17
UI,USER_CNT,userCnt,m-mcm,grid,이용자 수,,,,,,,,,실제 DB 컬럼 없음 — 화면이 계산하거나 서버 응답에만 있는 값,m-mcm/page-components/csa/screenUsageStat/tabs/overview-tab.ts:14
UI,USER_COUNT,userCount,m-mcm,grid,사용자 수,,,,,,,,,실제 DB 컬럼 없음 — 화면이 계산하거나 서버 응답에만 있는 값,m-mcm/page-components/csa/commWidgetMng/WidgetListTab.tsx:89
UI,VER_STATE,VER_STATE,m-mdm,grid,버전 상태,,,,,,,,,실제 DB 컬럼 없음 — 화면이 계산하거나 서버 응답에만 있는 값,m-mdm/pages/dmb/layoutMng/components/ImpactPanel.tsx:19
EXIST,BASE_VER,baseVer,m-mdm,grid,base,BASE_VER,,,,,,,,사전 hit,m-mdm/pages/dme/ruleMng/RuleDetailPanel.tsx:94
EXIST,CASE_ID,caseId,m-mdm,grid,case_id,CASE_ID,,,,,,,,사전 hit,m-mdm/pages/dme/ruleEdit/cards/TestCaseCard.tsx:71
EXIST,CATEGORY_ID,"categoryId,CategoryId,CATEGORY_ID",m-mcm,"grid,search",카테고리 ID / 카테고리ID,CATEGORY_ID,,,,,,,,사전 hit,m-mcm/page-components/cma/masterCategoryMng/constants.ts:37 m-mcm/page-components/cma/masterCategoryMng/page.tsx:362 m-mcm/page-components/cma/masterCodeMng/page.tsx:222 외 3
EXIST,CATEGORY_NM,"categoryNm,CategoryNm,CATEGORY_NM",m-mcm,"grid,search",카테고리 명 / 카테고리명,CATEGORY_NM,,,,,,,,사전 hit,m-mcm/page-components/cma/masterCategoryMng/constants.ts:44 m-mcm/page-components/cma/masterCategoryMng/page.tsx:367 m-mcm/page-components/cma/masterCodeMng/page.tsx:227 외 2
EXIST,CLIENT_IP,clientIp,m-mcm,grid,IP,CLIENT_IP,,,,,,,,사전 hit,m-mcm/page-components/csa/screenUsageStat/tabs/HistoryTab.tsx:38 m-mcm/page-components/csa/screenUsageStat/tabs/history-tab.ts:23
EXIST,CONTEXT,context,m-mdm,"grid,search",맥락,CONTEXT,,,,,,,,사전 hit,m-mdm/pages/dma/termMng/page.tsx:32 m-mdm/pages/dma/termMng/page.tsx:206
EXIST,DATA_TYPE,"dataType,DATA_TYPE",m-mdm,"th,grid",데이터 타입 / 값 타입 / 타입,DATA_KND,,,,,,,,사전 hit(MES 별칭 DATA_TYPE→DATA_KND),m-mdm/pages/dma/domainMng/components/DomainBasicForm.tsx:86 m-mdm/pages/dme/ruleEdit/sections/columns/column-grid.tsx:399 m-mdm/src/layout/snapshot-export.ts:61
EXIST,DATA_SRC,dataSrc,m-mcm,th,실행 모듈,DATA_SRC,,,,,,,,사전 hit,m-mcm/page-components/csa/commWidgetMng/WidgetDetailForm.tsx:253
EXIST,DEPT_CD,"DEPT_CD,deptCd",m-mcm,"grid,th,search",부서코드,DEPT_CD,,,,,,,,사전 hit,m-mcm/page-components/csa/commUserMng/page.tsx:218 m-mcm/page-components/csa/commUserMng/page.tsx:1051 m-mcm/page-components/csa/screenUsageStat/page.tsx:152 외 1
EXIST,DISPLAY_NAME,DISPLAY_NAME,m-mdm,grid,표시명,DISP_NM,,,,,,,,사전 hit(MES 별칭 DISPLAY_NAME→DISP_NM),m-mdm/src/layout/ColumnPickModal.tsx:17
EXIST,DOMAIN_ID,domainId,m-mdm,th,도메인,DOMAIN_ID,,,,,,,,사전 hit,m-mdm/pages/dma/columnMng/ColumnDetailForm.tsx:170
EXIST,EMAIL,EMAIL,m-mcm,"grid,th",이메일,EMAIL,,,,,,,,사전 hit,m-mcm/page-components/csa/commUserMng/page.tsx:230 m-mcm/page-components/csa/commUserMng/page.tsx:1096
EXIST,ENCODING,ENCODING,m-mdm,grid,인코딩,ENCODING,,,,,,,,사전 hit,m-mdm/pages/dmb/headerMng/components/HeaderList.tsx:14
EXIST,END_ACTIVE_DATE,END_ACTIVE_DATE,m-mcm,"grid,th",유효기한일 / 유효 기한일,END_VLD_DD,,,,,,,,사전 hit(MES 별칭 END_ACTIVE_DATE→END_VLD_DD),m-mcm/page-components/csa/commMenuMng/page.tsx:214 m-mcm/page-components/csa/commMenuMng/page.tsx:344 m-mcm/page-components/csa/commMenuMng/page.tsx:1561 외 12
EXIST,ENG_ABBR,engAbbr,m-mdm,"grid,th",영문 약어 / 약어,ENG_ABBR,,,,,,,,사전 hit,m-mdm/pages/dma/termMng/page.tsx:31 m-mdm/pages/dma/termRegPop/termRegPop.tsx:173 m-mdm/pages/dma/termRegPop/termRegPop.tsx:321
EXIST,HEADER_LAYOUT_ID,headerLayoutId,m-mdm,search,헤더,HEADER_LAYOUT_ID,,,,,,,,사전 hit,m-mdm/pages/dmb/layoutMng/page.tsx:465
EXIST,HEADER_SEQ,HEADER_SEQ,m-mdm,grid,쌓인 순서,HEADER_SEQ,,,,,,,,사전 hit,m-mdm/pages/dmb/headerMng/components/HeaderUsagePanel.tsx:17
EXIST,HIT_POLICY,hitPolicy,m-mdm,grid,적중 정책,HIT_POLICY,,,,,,,,사전 hit,m-mdm/pages/dme/ruleMng/RuleDetailPanel.tsx:96 m-mdm/pages/dme/ruleMng/page.tsx:215
EXIST,INPUT_JSON,inputJson,m-mdm,grid,입력,INPUT_JSON,,,,,,,,사전 hit,m-mdm/pages/dme/ruleEdit/cards/BoundaryCaseModal.tsx:122 m-mdm/pages/dme/ruleEdit/cards/TestCaseCard.tsx:84
EXIST,LAST_UPDATE_TIMESTAMP,lastUpdateTimestamp,m-mcm,grid,최종수정일,LAST_CHG_DH,,,,,,,,사전 hit(MES 별칭 LAST_UPDATE_TIMESTAMP→LAST_CHG_DH),m-mcm/page-components/cmb/masterRuleList/constants.ts:38
EXIST,LAST_UPDATED_OBJECT_ID,lastUpdatedObjectId,m-mcm,grid,최종수정자,LAST_CHG_OBJECT_ID,,,,,,,,사전 hit(MES 별칭 LAST_UPDATED_OBJECT_ID→LAST_CHG_OBJECT_ID),m-mcm/page-components/cmb/masterRuleList/constants.ts:37
EXIST,LAYOUT_ID,"layoutId,LAYOUT_ID",m-mdm,"th,grid",헤더 ID / 버전 / 헤더 ID / 레이아웃 ID / 버전,LAYOUT_ID,,,,,,,,사전 hit,m-mdm/pages/dmb/headerMng/components/HeaderForm.tsx:44 m-mdm/pages/dmb/headerMng/components/HeaderList.tsx:11 m-mdm/pages/dmb/layoutMng/components/HeaderPickModal.tsx:10 외 2
EXIST,MARU_DATA_ID,maruDataId,m-mdm,"grid,th",마루 데이터 ID,MARU_DATA_ID,,,,,,,,사전 hit,m-mdm/pages/dmd/dataMng/columns.tsx:8 m-mdm/pages/dmd/dataMng/components/DataRegisterForm.tsx:33
EXIST,MARU_RULE_ID,maruRuleId,m-mdm,"grid,th",룰 ID,MARU_RULE_ID,,,,,,,,사전 hit,m-mdm/pages/dme/ruleConfirm/page.tsx:54 m-mdm/pages/dme/ruleMng/components/RuleRegisterForm.tsx:58 m-mdm/pages/dme/ruleMng/page.tsx:162
EXIST,MENU_ID,MENU_ID,m-mcm,"grid,th",메뉴 ID / MENU_ID / MENU ID,MENU_ID,,,,,,,,사전 hit,m-mcm/page-components/csa/commMenuMng/page.tsx:186 m-mcm/page-components/csa/commMenuMng/page.tsx:1327 m-mcm/page-components/csa/commMenuMng/page.tsx:1355 외 3
EXIST,MENU_NM,"MENU_NM,menuNm",m-mcm,"grid,th",메뉴명 / MENU_NM / 화면명,MENU_NM,,,,,,,,사전 hit,m-mcm/page-components/csa/commMenuMng/page.tsx:187 m-mcm/page-components/csa/commMenuMng/page.tsx:1329 m-mcm/page-components/csa/commMenuMng/page.tsx:1357 외 5
EXIST,MASTER_CODE,"masterCode,MASTER_CODE",m-mcm,grid,코드 ID / 마스터코드 / 코드ID,MST_CD,,,,,,,,사전 hit(MES 별칭 MASTER_CODE→MST_CD),m-mcm/page-components/cma/masterCategoryMng/constants.ts:30 m-mcm/page-components/cma/masterCodeMng/page.tsx:99 m-mcm/page-components/cme/masterCodeMngList/page.tsx:64 외 1
EXIST,OWNER_ID,"OWNER_ID,ownerId",m-mdm,grid,소유자,OWNER_ID,,,,,,,,사전 hit,m-mdm/pages/dmb/layoutMng/components/VersionPanel.tsx:30 m-mdm/pages/dmc/codeConfirm/page.tsx:56 m-mdm/pages/dmc/codeMng/CodeDetail.tsx:68 외 3
EXIST,PAGE_ID,pageId,m-mcm,"search,grid",화면 / 화면 ID,PAGE_ID,,,,,,,,사전 hit,m-mcm/page-components/csa/screenUsageStat/page.tsx:164 m-mcm/page-components/csa/screenUsageStat/tabs/HistoryTab.tsx:37 m-mcm/page-components/csa/screenUsageStat/tabs/columns.ts:37 외 2
EXIST,CREATION_TIMESTAMP,creationTimestamp,m-mcm,grid,시작일자,RGS_DH,,,,,,,,사전 hit(MES 별칭 CREATION_TIMESTAMP→RGS_DH),m-mcm/page-components/cmb/masterRuleList/constants.ts:36
EXIST,PRIO,prio,m-mdm,grid,순위,RNK,,,,,,,,사전 hit(MES 별칭 PRIO→RNK),m-mdm/pages/dme/ruleEdit/sections/columns/column-grid.tsx:513
EXIST,ROLE_ID,ROLE_ID,m-mcm,"grid,th",역할 ID / ROLE ID,ROLE_ID,,,,,,,,사전 hit,m-mcm/page-components/csa/commRoleGrpMng/page.tsx:202 m-mcm/page-components/csa/commRoleGrpMng/page.tsx:234 m-mcm/page-components/csa/commRoleMng/page.tsx:162 외 2
EXIST,ROW_ID,rowId,m-mdm,grid,행 번호,ROW_ID,,,,,,,,사전 hit,m-mdm/pages/dme/ruleConfirm/page.tsx:114
EXIST,SORT_SEQ,"sortSeq,SORT_SEQ",m-mcm,grid,정렬 / 정렬순서,SORT_SEQ,,,,,,,,사전 hit,m-mcm/page-components/cma/masterCategoryMng/constants.ts:50 m-mcm/page-components/cma/masterCodeMng/page.tsx:228 m-mcm/page-components/cme/masterCodeMngList/page.tsx:83 외 1
EXIST,START_ACTIVE_DATE,START_ACTIVE_DATE,m-mcm,"grid,th",유효개시일 / 유효 개시일,STR_VLD_DD,,,,,,,,사전 hit(MES 별칭 START_ACTIVE_DATE→STR_VLD_DD),m-mcm/page-components/csa/commMenuMng/page.tsx:206 m-mcm/page-components/csa/commMenuMng/page.tsx:336 m-mcm/page-components/csa/commMenuMng/page.tsx:1551 외 12
EXIST,SYS_CD,sysCd,m-mcm,grid,모듈,SYS_CD,,,,,,,,사전 hit,m-mcm/page-components/access-management/ObjectPickerModal.tsx:24
EXIST,TEL_NO,TEL_NO,m-mcm,"grid,th",전화번호 / 전화 번호,TEL_NO,,,,,,,,사전 hit,m-mcm/page-components/csa/commUserMng/page.tsx:231 m-mcm/page-components/csa/commUserMng/page.tsx:1108
EXIST,TITLE,"title,TITLE","m-mcm,m-mls","th,grid,search","이름{isDef ? "" *"" : """"} / 이름 / 제목",TITLE,,,,,,,,사전 TITLE(제목) — 공지·위젯 제목과 같은 뜻(조정자 결정 mdm-column-dict-2),m-mcm/page-components/csa/commWidgetMng/WidgetDetailForm.tsx:145 m-mcm/page-components/csa/commWidgetMng/WidgetListTab.tsx:53 m-mls/pages/lsh/noticeMgmt/notice-columns.tsx:69 외 1
EXIST,UNIT_ITEM,UNIT_ITEM,m-mdm,grid,단위 항목,UNIT_ITEM,,,,,,,,사전 hit,m-mdm/src/layout/snapshot-export.ts:67
EXIST,USE_TP,"USE_TP,useTp",m-mcm,"grid,th",사용여부 / 사용구분 / 사용 유무,USE_TP,,,,,,,,사전 hit,m-mcm/page-components/cma/masterCodeMng/page.tsx:142 m-mcm/page-components/cmb/masterRuleList/constants.ts:33 m-mcm/page-components/cme/masterCodeMngList/page.tsx:70 외 15
EXIST,USE_YN,useYn,m-mcm,"th,grid,search",사용,USE_YN,,,,,,,,사전 hit,m-mcm/page-components/csa/commWidgetMng/WidgetDetailForm.tsx:240 m-mcm/page-components/csa/commWidgetMng/WidgetListTab.tsx:76 m-mcm/page-components/csa/commWidgetMng/WidgetListTab.tsx:409
EXIST,USER_EMP_NO,USER_EMP_NO,m-mcm,"grid,th",사번,USER_EMP_NO,,,,,,,,사전 hit,m-mcm/page-components/csa/commUserMng/page.tsx:198 m-mcm/page-components/csa/commUserMng/page.tsx:991 m-mcm/page-components/csa/commUserRoleCopy/page.tsx:97 외 2
EXIST,USER_ID,"USER_ID,userId",m-mcm,"grid,th,search",사용자ID / 사용자 / 사용자 ID,USER_ID,,,,,,,,사전 hit,m-mcm/page-components/csa/commUserMng/page.tsx:197 m-mcm/page-components/csa/commUserMng/page.tsx:978 m-mcm/page-components/csa/commUserRoleCopy/page.tsx:96 외 6
EXIST,USER_NM,"USER_NM,userNm",m-mcm,"grid,th",사용자명,USER_NM,,,,,,,,사전 hit,m-mcm/page-components/csa/commUserMng/page.tsx:200 m-mcm/page-components/csa/commUserMng/page.tsx:1016 m-mcm/page-components/csa/commUserRoleCopy/page.tsx:98 외 5
EXIST,VAR_ID,varId,m-mdm,grid,var_id,VAR_ID,,,,,,,,사전 hit,m-mdm/pages/dme/ruleEdit/sections/columns/column-grid.tsx:334
